negword,score
髒亂,7
糟報,5
早衰,5
責備,5
賊眼,5
戰禍,5
招災,5
折辱,5
中山狼,5
譸張,5
株連,7
墜毀,5
滋生,5
自恃,5
走後門,5
阻力,3
罪狀,9
做戲,7
哀鴻遍野,7
骯裏骯髒,5
不成話,5
昭然若揭,9
有口無心,9
不乾不淨,3
手腳不乾淨,9
索然寡味,9
死板板,9
鬆垮垮,9
危在旦夕,9
無紀律,9
無實質,9
險峭,1
不明不白,5
不清不白,7
不透明,3
不雅,3
不足爲外人道,3
玄妙,9
罪惡多端,9
皺巴,9
逞性子,7
臭名昭彰,9
哀梨蒸食,7
度量小,7
翻雲覆雨,5
腐化墮落,9
高不成低不就,3
孤單單,5
寡斷,7
乖剌,7
含糊不清,5
毫不客氣,5
鬍子拉碴,3
荒誕派,7
荒淫無度,9
晦暝,7
昏黑,3
抱疚,3
憋着一肚子氣,7
愁慘,5
錯愕,7
掉魂,7
發牢騷,3
煩神,5
忿忿不平,5
惶然不安,5
急死,7
口誅筆伐,5
罵得狗血噴頭,7
人身攻擊,5
尖嘴薄舌,5
心如鐵石,7
見風轉舵,7
可駭,9
枯寂,5
狂恣,9
老辣,5
肋脦,7
哩哩羅羅,3
令人厭倦,7
碌碌無爲,7
馬馬虎虎,5
莽莽撞撞,5
沒骨頭,7
沒兩下子,7
沒心眼兒,3
模棱兩可,5
少見多怪,3
難上難,5
一塌糊塗,9
只顧自身利益,9
難馴服,3
鬧鬧嚷嚷,7
鋪張浪費,7
奇醜無比,9
窮途潦倒,7
缺乏幽默,5
弱智,9
色迷迷,9
傻裏傻氣,5
食古不化,7
喧天,9
捉摸不定,9
滑天下之大稽,7
上趕,7
鼠膽,9
心胸狹隘,9
性格內向,9
越軌,9
哀莫大於心死,9
貓鼠同處,9
四海鼎沸,7
出疆載質,9
委國聽令,9
國步艱難,7
溽熱,1
偏疼,3
嬌慣,5
憤懣,5
暴跳如雷,9
戟指怒目,7
怒形於色,3
怒目切齒,5
城下之盟,7
撫髀興嘆,3
吞吞吐吐,3
夏日可畏,3
剝削,3
猖獗,3
臭架子,1
苟延殘喘,1
悍然,5
伎倆,3
黨羽,3
訛詐,5
飛揚跋扈,3
復闢,1
老狐狸,7
籠絡,3
厭惡,7
可憎,7
叛徒,5
欺凌,3
敲詐,5
屈辱,3
輕蔑,7
撒賴,3
傷天害理,9
爲所欲爲,5
烏合之衆,5
吸血鬼,7
陰謀,5
指鹿爲馬,5
罪有應得,5
看輕,1
獸行,7
貪色,3
作踐,9
兇相畢露,5
棺材老闆咬牙－恨不死人,3
行同狗彘,7
視如寇讎,7
切齒腐心,9
令人作嘔,9
不以爲然,7
文人相輕,3
王八蛋,7
姘婦,3
揶揄,3
癩皮狗,7
元兇,3
妖孽,7
騷貨,9
中傷,5
嘈雜,1
愁腸寸斷,9
憂心如薰,7
生吞蜈蚣－百爪撓心,9
無所措手足,5
不如意事常八九,3
燥熱,3
無面目見江東父老,9
船到江心補漏遲,9
張皇,3
浮躁,5
心如懸旌,5
腳忙手亂,5
心如火焚,9
不可企及,7
嫉妒,7
醋意,1
猜忌,5
敗家子,7
閉門造車,5
草包,7
乘人之危,5
記仇,5
妄求,3
人浮於事,7
分崩離析,5
人慾橫流,7
秋荼密網,5
欺瞞夾賬,9
賣官鬻獄,9
奪人所好,7
營私舞弊,7
賣友求榮,9
金迷紙醉,9
天下箸處,7
唱籌量沙,1
以人廢言,5
越鳧楚乙,5
東躲西藏,3
大相徑庭,5
判若雲泥,7
墜茵落溷,5
三反四覆,5
同歸於盡,1
火上澆油,7
先天不足,1
乘風轉舵,5
以火救火,3
敢怒不敢言,5
致死不悟,7
我行我素,5
五馬分屍,5
黃口稚子,5
天有不測風雲,3
茫無頭緒,5
不知天高地厚,5
立錐之地,1
旁門左道,7
大難臨頭,5
骨瘦如柴,5
藥店飛龍,5
不治之症,5
不經之談,3
混爲一談,3
遊談無根,5
巧言花語,5
口頭禪,3
多嘴多舌,5
嘮嘮叨叨,3
絮絮叨叨,3
即即世世,3
隱晦曲折,3
耳食之談,3
強龍不壓地頭蛇,1
倚官仗勢,5
不耕而食，不蠶而衣,3
欺罔視聽,7
甜嘴蜜舌,5
前門進虎，後門進狼,3
在劫難逃,5
草衣木食,1
等米下鍋,1
家道壁立,3
納履踵決,3
飛短流長,5
薏苡明珠,5
豺狐之心,7
瓜蔓抄,7
玉粒桂薪,3
債臺高築,7
無拳無勇,5
遲疑不決,3
倉卒應戰,9
猶豫不定,3
低首下心,3
蓋不由己,3
錙銖必較,7
張公吃酒李公醉,3
鼠竄狼奔,5
嘴甜心苦,5
強盜掛念珠,7
見事風生,5
報仇雪恨,7
招權納賂,5
歧路亡羊,5
冬扇夏爐,5
喧賓奪主,5
日月交食,5
漏脯充飢,7
束手待斃,5
拋頭露面,5
原形畢露,7
人民城郭,5
自相殘殺,7
強人所難,5
有隙可乘,3
欺善怕惡,7
肆意橫行,7
橫行天下,7
知情不舉,7
博士買驢,3
屨賤踊貴,3
結黨營私,9
招降納叛,5
任其自便,3
惹禍招殃,5
招風惹草,5
鼓譟而起,5
出乖露醜,5
草草收兵,5
圖謀不軌,5
貪歡逐樂,7
評頭品足,5
膽大包天,7
涸澤而漁,7
搔頭弄姿,5
蜀犬吠日,3
折足覆餗,5
土牛木馬,5
玉卮無當,5
鳩形鵠面,3
袒裼裸裎,5
苟合取容,5
如到寶山空手回,5
大廈將傾，一木難支,7
兵敗如山倒,5
棄甲倒戈,7
望風破膽,5
彩鳳隨鴉,3
一事無成,5
不肖子孫,5
虛度年華,5
怙惡不悛,9
一丘之貉,5
偷東摸西,7
放虎自衛,7
謬種流傳,5
粗服亂頭,1
阿其所好,5
冥室櫝棺,7
不辨龍蛇,5
鸚鵡學舌,3
投機倒把,7
以耳爲目,3
咎由自取,7
引狗入寨,9
自討沒趣,5
姍姍來遲,1
蠹衆木折,5
徙宅忘妻,7
恃勇輕敵,3
淡妝濃抹,3
拐彎抹角,3
虛情假意,9
敬而遠之,5
得薄能鮮,5
馬齒徒增,5
昂首望天,5
獨弦哀歌,5
居功自傲,5
自高其功,5
貪名愛利,7
封豕長蛇,7
蛇吞象,7
眼饞肚飽,5
BS,7
無語,5
八婆,3
包子,5
嘔像,3
MPJ,5
固執,5
渾水摸魚,1
得寸進尺,5
爾虞我詐,7
空洞,3
婆婆媽媽,3
濫竽充數,7
獵取,1
蠻橫,5
擅自,1
拈輕怕重,3
漠然,3
怨尤,5
暴烈,5
招搖,7
千篇一律,5
驕矜,7
求全責備,3
勢利,7
挑剔,5
偷懶,3
畏葸不前,5
無稽之談,7
無中生有,5
犯疑心病,1
葉公好龍,7
變節,5
滅絕人性,9
奸險,9
猥劣,7
奸詐,9
詭詐,7
澆薄,7
虛驕,7
不自量力,5
老氣橫秋,5
狂氣,5
剛愎,5
小心眼,7
陋習,9
陽奉陰違,5
隨風倒,5
自私自利,7
鄙俗,5
蠻不講理,7
輕率,5
愚魯,7
搖頭擺尾,3
蠢笨,7
愚頑,5
儇薄,5
水性楊花,7
貪嘴,3
愚直,5
怪誕,3
浮皮潦草,5
毛手毛腳,5
食言,5
鬼祟,7
出圈兒,5
奴顏媚骨,7
欺哄,3
耍滑,3
耍賴,5
恣意妄爲,7
閒散,1
兔死狗烹,7
蠻勇,3
自戀,3
有勇無謀,5
不識人間有羞恥事,7
辱門敗戶,7
慢騰騰,3
人心似鐵,7
盲用,1
慢慢吞吞,3
孤行己見,5
強橫霸道,7
蕭規曹隨,5
左右袒,3
乾巴,3
化公爲私,7
權慾薰心,7
猥鄙,9
膏粱子弟,7
淫穢,7
豔情,5
口角,3
冷酷無情,5
有理無情,5
耍滑頭,1
身單力薄,3
錯誤百出,5
生吞活剝,5
臭名昭著,7
言之無物,3
傲物,5
擺款兒,1
板蕩,7
暴政,5
兵痞,7
財迷,3
向着,5
心血來潮,3
享樂,3
草寇,5
插足,3
讒佞,7
倀鬼,7
吵人,5
塵囂,3
稱霸,5
吃心,3
齒冷,5
忡忡,5
醜事,5
憷頭,3
吹擂,5
蠢話,5
刺兒話,3
竄犯,5
篡位,7
錯會,3
呆子,3
刀俎,5
盜匪,5
盜用,5
敵特,5
顛沛,3
丟份,3
毒販,5
賭棍,5
惡疾,5
惡性,5
貳臣,3
法盲,5
反側,3
飯桶,7
放刁,5
非人,9
匪禍,5
分贓,5
奉迎,3
浮誇,3
負隅,3
官僚,5
慣賊,5
鬼子,7
國恥,9
過頭,3
黑金,3
後門,1
幻滅,5
謊話,3
毀約,1
穢行,5
混賬,5
擠佔,3
假手,3
進犯,3
拘牽,1
懶怠,7
空論,3
寬縱,1
撈摸,5
勒抑,5
冷遇,3
斂財,5
凌夷,3
流氣,5
露醜,5
亂民,3
淪喪,5
落套,1
埋汰,3
毛子,3
沒樣兒,1
媚外,5
密謀,5
冥頑,5
磨煩,3
呶呶,3
鬧架,3
鬧災,5
齧噬,7
奴化,5
毆打,7
攀誣,5
旁騖,3
皮囊,3
偏差,3
剽取,5
歧途,5
起鬨,5
前愆,3
槍替,5
搶劫,5
竊奪,5
侵襲,5
傾軋,5
求全,1
取鬧,5
缺點,9
饒舌,3
認頭,3
辱命,3
殺機,5
蛇頭,5
生事,3
失範,3
失算,5
手黑,7
受制,5
衰頹,5
搜刮,5
損傷,5
貪賄,5
逃兵,5
體罰,5
偷盜,7
透頂,7
蛻化,3
歪理,5
頑梗,5
妄人,5
威脅,5
違紀,5
窩主,7
蕪雜,5
嬉皮士,3
瞎扯,5
嫌忌,5
險阻,5
蕭索,5
邪魔,5
泄密,5
兇犯,5
兇殺,5
熊包,5
虛話,5
虛妄,5
眩惑,5
壓制,7
掩飾,5
妖風,5
窯子,5
一窩蜂,3
疑忌,5
異端,5
陰溼,3
淫畫,5
引誘,5
庸才,5
誘脅,5
迂氣,5
愚民,5
鬱然,5
冤孽,5
怨仇,5
怨懣,5
雜念,3
災禍,5
偏袒,5
撥弄,5
光棍,7
不足掛齒,3
懶散,5
虛僞,9
遺臭萬年,9
壞事,7
得過且過,5
贅疣,9
擺佈,7
打掩護,3
尸位素餐,7
漠不關心,3
有頭無尾,7
妖媚,5
碌碌,7
不周,3
鼠輩,9
幼稚,7
杞人憂天,3
平庸,3
無所事事,7
驢脣不對馬嘴,7
私自,3
百孔千瘡,5
疏忽,3
老調,3
放火,5
蠢動,9
天翻地覆,7
煩擾,9
禍胎,9
心虛,1
馬大哈,3
虛度,5
幌子,5
丟臉,5
畜生,9
赤裸裸,3
狂暴,7
說嘴,5
侈談,5
紛亂,5
柺子,5
軟弱,5
莫須有,7
沉痼,5
拘泥,3
空想,7
見不得人,9
半半拉拉,5
岔子,5
擡槓,5
抽風,5
慘絕人寰,5
瞎說,7
急轉直下,5
荒廢,5
凌虐,5
背時,5
栽贓,7
髒污,5
噪聒,5
責罰,5
賊贓,7
肢解,5
滯銷,5
周折,5
裝糊塗,5
捉弄,5
滋事,5
走內線,5
嘴長,5
罪孽,9
作死,9
坐誤,7
愛搭不理,5
板板六十四,5
背地裏,5
秉性剌戾,9
唯命是從,7
不到黃河心不死,5
不對茬兒,5
不敬,7
手無縛雞之力,9
體力不支,7
私下,7
鬆散散,7
太隨便,9
蛻化變質,9
唯我獨尊,9
無價值,5
無吸引力,5
險象環生,7
不名一文,5
不清不楚,5
不妥,5
不宜,3
慘無人道,9
岌岌不可終日,7
罪惡深重,9
朝不慮夕,5
吃不開,7
臭氣沖天,9
大錯而特錯,9
呆鈍,5
道德敗壞,9
低人一等,7
刁惡,7
短視,7
繁複,5
廢舊,1
腐朽沒落,9
疙裏疙瘩,5
孤孤單單,7
寡了叭嘰,7
怪裏怪氣,7
含糊其詞,5
毫無價值,9
黑燈瞎火,5
黑黢黢,5
糊糊塗塗,3
荒誕無稽,9
荒瘠,7
灰頭灰臉,7
炙手可熱,7
婚外,5
不待見,5
猜疑,5
千里饋糧,7
打罵,5
堵得慌,7
發怔,3
煩厭,7
駭然失色,9
後悔莫及,9
悔不該,7
急眼,5
看扁,5
哭喪着臉,5
罵罵咧咧,5
柔腸百結,5
說風涼話,5
敬賀,5
小裏小氣,5
奸惡,9
見識短淺,5
狡計多端,7
劇毒,7
狂傲,7
狼籍,7
老派,5
冷峻,5
離心離德,7
哩溜歪斜,5
了不得,7
令人睏倦,5
令人生氣,5
亂虐並生,9
亂蓬蓬,5
賣不掉,5
貓哭老鼠,9
沒好氣,5
沒輕沒重,5
沒用,5
綿裏藏針,7
目光兇狠,5
難說話,3
一無所長,9
質量差,5
擁擠不堪,7
鬧嚷嚷,5
盤根錯節,5
七零八落,7
囚首垢面,9
缺心眼,7
騷亂性,5
傻頭傻腦,5
十惡不赦,9
自命清高,9
未成熟,5
性情急躁,9
有毒,5
有失身分,5
羽毛未豐,5
災難性,9
矮子看戲,5
破家危國,9
誤國殄民,9
大權旁落,7
鬨笑,5
彈冠相慶,7
又紅又專,5
嬌養,5
民怨沸騰,9
耍態度,5
髀肉復生,5
縮頭縮尾,3
陰森,3
殘暴,9
猖狂,7
臭味相投,5
狗腿子,7
黑心腸,7
倒行逆施,9
惡霸,7
誹謗,7
狂妄,7
老奸巨滑,9
掠奪,7
嫌惡,7
該死,7
惡毒,7
欺世盜名,5
敲詐勒索,7
罄竹難書,9
看不慣,1
蔑視,7
頑抗,3
惟利是圖,5
烏煙瘴氣,3
陰險,9
衆叛親離,9
罪在不赦,9
唾棄,7
邪行,1
慘毒,7
可笑,1
矇騙,5
輕侮,5
記恨,3
叫化子過癮－討厭,3
剝皮抽筋,9
人言嘖嘖,5
不值一錢,7
言者諄諄，聽者藐藐,5
夜叉,5
姦婦,7
反脣相譏,3
壞蛋,7
蛇蠍,7
禍水,7
賤貨,9
訾議,5
矮子,3
敗家,5
窩心,5
無聊,3
沒精打採,3
心浮,1
無所適從,3
無病自灸,3
不死不活,5
問心有愧,5
虧心,5
既有今日，何必當初,7
着慌,3
手忙腳亂,9
倉卒從事,5
臨陣磨槍,3
謗毀,5
半途而廢,5
弊病,7
草率,5
遲鈍,5
居心不良,7
苛求,3
昏天暗地,5
日月無光,9
人人得而誅之,9
大材小用,5
竊據要津,5
瞞天昧地,7
欺人以方,5
貪財好賄,7
擅自爲謀,7
植黨營私,7
草間求活,5
墨跡未乾,5
肥馬輕裘,3
錦衣玉食,5
鐘鳴鼎食,7
畫餅充飢,3
脆而不堅,5
生靈塗炭,9
以管窺天,5
多此一舉,3
顛來倒去,3
再三再四,5
風流罪過,5
不見經傳,1
看人行事,3
以水救水,5
本性難移,5
魚龍曼衍,5
一誤再誤,7
論甘忌辛,5
舞文弄墨,5
蹈人舊轍,5
泥古非今,5
千頭百緒,7
一塌胡塗,7
長他人志氣，滅自己威風,3
酒色財氣,5
窯宅之所,3
二豎之頑,5
臭不可當,9
出言無狀,7
欺人之談,5
語無倫次,5
浮語虛詞,5
誇大其詞,5
貧嘴賤舌,5
呶呶不休,5
按圖所駿,3
狗血噴頭,7
隱約其辭,3
貴耳賤目,3
今朝有酒今朝醉,3
人多勢衆,3
倚酒三分醉,3
不勞而獲,5
悠悠盪盪,3
一傅衆修,3
洪水猛獸,7
三災八難,5
吮癰舐痔,7
飛言醋語,3
吳市吹簫,3
調三窩四,5
俾晝作夜,5
貪財戀色,7
豺虎肆虐,7
桀驁不馴,5
悖入悖出,5
腥風血雨,7
誅鋤異己,7
闇弱無斷,5
當斷不斷,5
狐埋狐搰,5
築室道謀,3
奴顏婢睞,7
降心相從,3
隨聲是非,3
寸量銖稱,5
動輒得咎,5
逃之夭夭,5
虛張聲勢,5
素口罵人,5
推波作浪,5
耳視目食,5
以白爲黑,7
勢不俱棲,5
心腹之患,5
束手就擒,5
矯枉過正,5
自相水火,7
望文生義,5
冒名頂替,5
柔茹剛吐,5
肆意妄爲,7
鳩佔鵲巢,7
不今不古,3
袍笏登場,5
鑽故紙堆,3
拉拉扯扯,3
惹禍招災,5
招是惹非,5
軒然大波,7
春蠶自縛,5
孤行幾見,5
敷衍了事,5
以身試法,5
陶陶兀兀,5
曉風殘月,3
打落水狗,7
索垢尋疵,7
舉鼎絕臏,5
惺惺作態,7
官逼民反,7
博而不精,3
蟪蛄不知春秋,5
吳下阿蒙,5
夏蟲不可以語冰,5
操刀傷錦,5
志大才疏,5
土牛石田,5
賊人膽虛,5
可同患，難處安,5
好戴高帽,5
蹉跎自誤,5
披頭散髮,5
寶山空回,5
時乖命蹇,7
短針攻疽,3
殘兵敗將,5
棄甲丟盔,3
一敗如水,7
碌碌無能,5
一無可取,7
東遊西蕩,3
不齒於人,5
狼奔豕突,7
助桀爲虐,9
偷雞摸狗,7
一口吸盡西江水,5
負薪救火,5
適得其反,3
換湯不換藥,5
笨口拙舌,3
一竅不通,5
暗送秋波,5
望風承旨,5
披枷帶鎖,5
不知好歹,5
黎丘丈人,3
投機取巧,5
開門揖盜,7
引鬼上門,7
因循坐誤,5
天壤王朗,1
水至清則無魚,1
金屋藏嬌,3
懸駝就石,3
血流成河,5
尋章摘句,3
廢話連篇,5
眉來眼去,3
滿城風雨,5
口不應心,5
以規爲瑱,3
雕蟲小技,5
昂頭天外,5
伐功矜能,5
倔強倨傲,5
自恃其才,5
貪名逐利,7
規求無度,5
貪而無信,7
雁過拔毛,7
我靠,5
B4,7
歇菜,3
無語,5
kao,5
gun,5
故步自封,5
花天酒地,7
混淆是非,5
吹噓,3
得隴望蜀,5
煩瑣,3
恐嚇,5
神經兮兮,3
多有微詞,3
勞民傷財,7
自鳴得意,5
謾罵,5
矇蔽,1
謬論,5
捏造,3
冷若冰霜,1
兇狠,5
兇暴,7
片面,5
欺騙,3
黔驢技窮,5
巧言令色,5
自負,7
辱罵,5
好色,7
戰爭販子,3
虛榮,7
貪婪,7
怨天尤人,5
挑撥,5
拖拉,3
文抄公,5
武斷,5
嫌疑犯,1
一毛不拔,7
迂腐,7
趾高氣揚,5
失節,5
歹毒,9
鬼蜮,7
不端,5
奸猾,7
權詐,7
缺德,7
怯弱,5
高慢,7
翹尾巴,5
好爲人師,5
褊急,3
一把死拿,5
小氣,7
劣根性,7
不公,3
隔岸觀火,7
板滯,3
粗鄙,7
橫行霸道,7
掉書袋,3
魯莽,5
粗笨,5
魯莽滅裂,7
左顧右盼,1
拙笨,5
佻達,5
放蕩,5
粗心,3
單調,3
丟三落四,5
鬆懈,3
背信,7
偷偷摸摸,5
諂媚,7
姑息養奸,7
蒙哄,3
耍奸,5
撒潑,7
仗勢欺人,7
脅迫,5
無能,5
無情無義,7
厚顏,5
私利,5
不可救藥,5
光禿禿,1
一失足成千古恨,5
渺小,1
紊亂,3
置身事外,5
坐視不救,5
慢吞吞,3
滯後,1
大權獨攬,5
蠻橫無理,7
步人後塵,5
偏聽偏信,3
焦枯,3
老牛破車,3
譏誚,5
唯利是圖,7
垂涎欲滴,7
貪天之功,7
奸人,7
紈絝子弟,7
淫猥,7
黃色,7
吵嘴,5
過河拆橋,5
掩人耳目,3
耍花槍,3
戴高帽子,5
斷章取義,5
不足爲憑,3
過激,7
瞎子摸象,5
大錯特錯,9
說不過去,3
一成不變,3
聲名狼藉,5
不堪入耳,7
聽風是雨,3
虛假,3
假大空,9
次等,1
膚泛,3
礙事,3
八股,3
白癡,7
擺普兒,3
半瘋兒,1
卑微,1
秕糠,1
駁雜,1
殘貨,3
護短,3
揚揚得意,1
策動,5
讒言,5
娼婦,7
吵子,3
稱臣,1
吃嘴,3
奢靡,7
重沓,3
斥罵,3
醜史,5
穿窬,5
舛訛,3
吹牛,3
蠢貨,7
刺兒頭,3
竄改,3
催逼,3
錯漏,3
叨叨,3
盜劫,5
盜賊,5
敵僞,5
玷辱,5
掉隊,3
毒犯,5
獨霸,5
賭錢,3
訛賴,5
惡浪,7
惡意,7
發癡,3
翻版,1
反目,3
犯忌,5
販毒,5
放毒,5
非難,5
匪首,7
紛擾,5
拂逆,3
浮禮,1
負約,3
杆子,3
攻訐,3
沽名,7
拐帶,5
官迷,5
慣縱,5
滾蛋,5
國賊,9
豪紳,1
黑幕,3
橫禍,5
後臺,5
虎視,5
豢養,5
賄賂,3
昏君,7
積弊,7
假造,3
奸賊,7
交惡,5
教唆,3
局騙,3
拉雜,3
剋扣,3
空疏,3
酷烈,7
狂躁,3
撈取,5
勒詐,7
離間,7
凌雜,3
流俗,3
壟斷,5
淪亡,7
買通,7
蟊賊,5
沒治,3
矇事,5
滅跡,5
繆錯,3
牟利,3
謀私,5
拿喬,5
鬧劇,3
孽根,7
奴性,5
扒竊,7
叛變,7
拋費,3
蓬亂,1
皮相,3
偏廢,3
剽襲,5
破產,3
騎牆,5
戕害,7
搶掠,5
竊國,9
窮寇,1
曲解,5
取巧,5
缺失,3
擾民,3
任情,1
入寇,3
騷亂,3
鎩羽,5
涉嫌,5
生造,3
失態,3
蝕本,5
首惡,7
私見,3
嗾使,7
貪墨,5
逃跑,5
添堵,5
鐵蹄,7
偷摸,7
荼毒,7
吞剝,7
頑劣,5
妄說,5
微賤,5
侮慢,5
瞎吹,5
下等,3
嫌厭,3
現臭,5
淆惑,7
挾持,7
邪僻,7
懈弛,5
凶煞,7
虛謊,5
虛言,5
葊陋,5
妖怪,5
一隅,3
異說,5
陰私,5
淫賤,5
庸醫,5
右傾,5
迂儒,5
愚儒,5
冤錢,3
越境,5
雜牌,3
大爺,5
烏七八糟,7
動亂,7
膚淺,7
胡作非爲,9
掉以輕心,5
排場,3
冷言冷語,5
卑躬屈膝,9
唐突,3
卑鄙,9
走卒,7
縮頭縮腦,5
轉彎抹角,3
名譽掃地,9
侵吞,5
氣急敗壞,9
乖戾,5
作僞,7
水中撈月,5
歹人,7
暴殄天物,9
闊氣,1
卑下,7
殺人不見血,9
播弄,7
不三不四,7
信口雌黃,9
趁火打劫,7
俗套,5
疊牀架屋,5
膽大妄爲,9
人云亦云,5
差勁,5
愚昧,7
凋敝,5
兇險,7
糟糕,3
色情,5
劃一不二,5
放縱,5
官官相護,5
繁雜,3
自詡,5
奢華,3
傾覆,5
靠不住,5
殘渣餘孽,9
礙手礙腳,5
姑息,5
無賴,7
蹉跎,5
擾亂,5
強暴,7
寒磣,7
天昏地暗,5
唯唯諾諾,3
嗚呼哀哉,3
心虛,3
鬼魔,5
混蛋,7
左支右絀,3
內亂,3
遭劫,5
蛀蟲,5
皺巴巴,3
空頭,3
上趕着,7
嗟來之食,5
捲土重來,3
烈日當空,3
插翅難飛,5
青皮,5
阻撓,5
淺近,1
癖好,9
羞慚,5
怠工,3
露怯,3
團夥,5
地主,3
災年,5
贓物,7
糟粕,5
遭災,5
躁急,5
賊骨頭,5
沾染,3
啁哳,3
遮醜,5
支離,3
指使,5
致使,5
誅滅,7
轉嫁,5
追究,5
濁重,3
恣縱,5
走狗,7
阻梗,3
鑽營,7
嘴硬,5
罪責,9
坐食,5
作俑,7
弇陋,5
暗裏,3
卑瑣,9
閉塞,3
血氣方剛,5
養尊處優,9
不近情理,7
嗜殺成性,9
水火不相容,9
死沉沉,9
隨風使舵,9
土得掉渣,9
危如累卵,9
無關痛癢,9
無憑無據,9
險毒,1
不力,5
不足輕重,9
殘破,1
纏手,7
無特色,3
玄而又玄,9
嘀裏嘟嚕,9
煢煢孑立,9
裝模作樣,9
陰險毒辣,9
臭哄哄,9
蠢頭蠢腦,7
粗拙,5
大搖大擺,5
淡而無味,3
等外,5
低質,3
動盪不安,3
發膩,3
放誕,9
鋒芒畢露,1
浮皮蹭癢,7
夠戧,5
古里古怪,3
掛名,1
過橋抽板,9
寒傖,7
黑漆寥光,3
後患無窮,5
晦冥,7
穢褻,9
抱憾終身,9
貶斥,5
吃錯藥,5
垂憐,3
呆愣愣,3
煩愁,5
費神,5
顧慮重重,5
喝斥,5
惶惶然,3
急巴巴,7
看低,3
罵大街,5
面有難色,9
窮極無聊,5
疑慮重重,5
夾七夾八,7
小肚雞腸,7
心胸狹窄,7
行爲不檢,9
雪上加霜,9
驕傲自滿,5
矯揉造作,7
眼光短淺,9
可怖,7
空幻,7
累牘連篇,5
令人疲倦,7
令人窒息,9
亂乎,7
多情善感,1
盲人瞎馬,5
貿貿然,3
沒理,3
沒味,3
沒有勇氣,1
目不識丁,3
胸無點墨,9
賊頭賊腦,9
虛無縹緲,9
難聞,5
鬧哄哄,7
獰惡,9
蓬頭散發,7
偏心眼,7
破爛不堪,3
欠周到,7
窮困潦倒,7
缺乏紳士風度,5
人爲財死，鳥爲食亡,7
認死理,7
軟弱無力,5
喪盡天良,9
斯文掃地,9
無端端,9
喧噪,9
一波三折,9
直愣愣,9
竹籃子打水,9
冥頑不化,9
蚍蜉撼大樹,9
四面楚歌,9
心黑手辣,9
千方百計,7
有害,9
與虎謀皮,9
賊去關門,9
萬不得已,7
落拓不羈,5
蔫不出溜,3
曖昧不明,3
海水羣飛,9
尸位誤國,7
以其昏昏，使人昭昭,5
賣國求榮,9
棟折榱崩,7
潮乎乎,5
誘導,3
居高不下,1
振振有詞,5
嘖有煩言,5
暴怒,9
憤憤,5
賭氣,5
一刀兩段,5
怫然作色,3
怒氣衝衝,5
義憤填膺,5
上等輪胎－有氣難出,3
潰不成軍,7
苦澀,1
憂悒,3
自卑,3
盡付東流,5
懾服,1
人人自危,3
跋扈,5
暴行,7
草菅人命,9
醜陋,5
勾引,1
毀謗,3
大肆,3
毒辣,9
反動,5
奉承,3
狼子野心,3
流氓,3
反感,3
噁心,5
囂張,7
欺負,5
青面獠牙,7
人面獸心,9
殺戮,5
滔天,7
歪纏,3
妄自尊大,3
文儈,3
無所不用其極,7
揚言,5
張牙舞爪,7
罪惡滔天,9
小看,1
視如糞土,9
殘毒,5
可氣,3
貪吃,3
凌辱,7
臉皮厚,1
惡劣,7
墳頭上的烏鴉－人人憎,5
深仇大恨,9
嫉惡如仇,7
聳人聽聞,3
狼狽萬狀,3
視如敝屣,7
狗崽子,7
姘頭,5
壞東西,5
地痞,5
不逞之徒,5
雌老虎,5
長舌婦,5
又哭又鬧,3
拗口,1
殘虐,5
悲愁,5
糟心,3
異味,1
委靡,1
掃興,1
絮煩,1
消極,5
羊落虎口,5
抑鬱不平,3
今仇古恨,5
貧苦,5
不知所以,5
若有所喪,3
乘興而來，敗興而歸,1
敗北,3
彆嘴,1
慚怍,3
愧痛,5
手足無措,5
慌慌張張,3
食不甘味,3
意懶心灰,3
井底撈月,5
不逞,3
妒意,3
犯紅眼病,5
八面光,5
抱殘守缺,5
不學無術,7
陳詞濫調,5
處心積慮,5
貪心,7
恭維,1
道路以目,7
民生凋敝,5
政荒民弊,9
罰不當罪,3
拔葵去織,7
欺公罔上,9
賣法市恩,9
貪墨成風,9
助天爲虐,9
久假不歸,5
漿酒霍肉,9
食前方丈,7
攜泰山以超北海,3
磨磚成鏡,1
險阻艱難,1
負俗之累,5
進退狼狽,5
枯魚之肆,5
羅雀掘鼠,3
竄端匿跡,3
以升量石,5
苦樂不均,5
衆寡不敵,5
畏縮不前,5
回寒倒冷,5
千慮一失,5
一念之差,3
逾淮之橘,3
樂極生悲,7
避實就虛,1
狐裘羔袖,3
忍辱含垢,1
固執己見,5
好丹非素,3
人心惟危,7
眉目不清,3
泥古不化,7
煙霞痼疾,3
賞罰不明,5
賞罰無章,5
蓬戶篳門,1
蝸舍荊扉,3
落魄江湖,3
形容憔悴,3
病入膏肓,5
孤行弔影,5
胡說八道,7
信口開河,3
弄嘴弄舌,5
空頭支票,5
言不顧行,3
喋喋不休,3
妄下雌黃,7
不得善終,5
鄭人買履,3
旁敲側擊,3
東烘先生,3
醉酒婦人,3
傍人門戶,3
莫予毒也,5
挾長挾貴,5
八磚學士,5
欺天罔人,7
摧眉折腰,3
滅頂之災,9
無妄之災,5
並日而食,3
環堵蕭然,3
履穿踵決,3
攀高接貴,5
三旬九食,3
一人得道，雞犬昇天,5
流言惑衆,5
造謠生事,5
搬弄是非,5
言三語四,5
殘虐不仁,9
獨夫民賊,5
殺人如草,7
圖財害命,9
猙獰面目,7
日削月朘,7
任人宰割,5
兵臨城下,5
互相殘殺,7
首鼠模棱,3
低眉順眼,3
俯首聽命,5
仰人鼻息,5
尤而效之,3
守錢虜,5
桃代李僵,1
捧頭鼠竄,7
裝瘋賣傻,5
佛口蛇心,7
越扶越醉,5
暴虎馮河,5
暮夜無知,5
倒果爲因,7
捨本事末,5
方枘圓鑿,3
當場出彩,7
此一時，彼一時,3
兄弟鬩牆,7
牽強附會,5
空穴來風,5
欺良壓善,5
肆言謾罵,7
悍然不顧,7
含垢藏疾,7
敗軍之將,5
河東獅吼,3
詠月嘲風,3
呼朋引類,5
拖人下水,5
引水入牆,5
大呼小叫,3
推三阻四,5
包打天下,5
不了了之,3
目無王法,7
雪虐風饕,9
黯然失色,5
窺間伺隙,7
驚弓之鳥,7
打草驚蛇,5
拿糖作醋,5
井底之蛙,5
土雞瓦犬,5
一紙空文,5
怪模怪樣,3
鷹瞵鶚視,3
不衫不履,3
阿諛順旨,5
妨功害能,5
大腹便便,1
老態龍鍾,3
流年不利,3
落荒而逃,7
損兵折將,3
莫此爲甚,9
繡花枕頭,5
不舞之鶴,5
朽木不雕,5
害人不淺,7
無可救藥,7
鼠竊狗盜,5
天誅地滅,9
戴盆望天,3
弄巧成拙,5
以狸餌鼠,5
襲人故技,5
反裘負芻,5
雞胸龜背,3
諂上抑下,5
罪莫大焉,9
身敗名裂,9
一簧兩舌,5
懸斷是非,3
玩物喪志,7
賠了夫人又折兵,7
自食其果,7
緘口藏舌,3
羞與爲伍,5
凡夫俗子,3
不安於室,5
因小失大,5
囫圇吞棗,5
寂天寞地,3
管窺之見,5
傲賢慢士,5
驕兵必敗,5
爭權奪利,5
狼心狗行,7
貪如虎狼,7
買空賣空,5
TNND,5
滾出去,9
HJ,7
JR,7
LJ,5
三天打魚，兩天曬網,5
後果,1
謊言,3
苛刻,5
呆板,3
墮落,1
刻薄,7
曠課,3
拉後腿,5
頗有微詞,5
利令智昏,5
落井下石,7
每況愈下,1
明槍暗箭,1
萎靡,3
倒胃口,5
專橫,5
狡獪,3
死板,3
粗俗,7
巧舌如簧,3
蜻蜓點水,3
輕視,5
散漫,5
碎嘴子,5
情婦,3
慫恿,3
挑毛揀刺,3
熟視無睹,5
忘恩負義,7
無法無天,9
無所用心,5
想入非非,3
庸碌,3
雜亂無章,3
無視,3
窮兇極惡,9
險詐,7
卑污,7
狗彘不若,9
刁頑,7
詭計多端,9
德薄,7
狗熊,7
不遜,5
孤芳自賞,7
驕氣,5
執拗,3
至死不悟,5
乖張,5
裝佯,3
滑頭滑腦,5
一頭兒沉,3
小家子氣,5
膠柱鼓瑟,3
橫蠻,5
賣嘴,3
擺架子,5
率爾,5
愚陋,7
不知死活,5
輕佻,7
佻巧,3
可鄙,7
守舊,3
雜沓,3
苟且,7
心猿意馬,3
朝秦暮楚,5
矯飾,3
離格,5
脅肩諂笑,7
哄騙,5
欺上瞞下,5
弄鬼,3
亂來,5
暴力行爲,5
誘拐,5
倦怠,3
流水無情,3
愛管閒事,3
弛緩,3
低級,7
白日做夢－胡思亂想,5
籠統,1
偏僻,1
事不關己,1
木石心腸,7
糞土不如,7
模模糊糊,1
蝸行牛步,3
小崽子,3
一言堂,5
不可理喻,5
固步自封,5
方巾氣,3
偏失,3
訕笑,5
不合時宜,3
利己,7
慾壑難填,7
淫心,7
凡俗,7
無恥之徒,7
看財奴,5
淫亂,7
淫糜,7
漫罵,5
喜新厭舊,5
以怨報德,7
耍花腔,1
狐媚,5
點頭哈腰,5
漏洞百出,5
浮淺,5
一錢不值,7
以偏概全,3
無理,1
狗屁不通,5
劣跡昭著,9
質次價高,7
名過其實,1
假劣,3
心口不一,3
不好,3
阿Q,3
暗事,3
霸持,3
白字,1
敗子,5
爆烈,3
逼供,3
貶低,5
不堪,9
膽怯,1
賴皮,5
側足,3
差失,3
摻和,3
纏磨,3
吵嚷,3
扯腿,3
陳套,3
吃癟,3
遲到,3
仇敵,5
充數,3
丑角,3
仇隙,5
衝殺,3
出逃,3
瘡痍,7
蠢材,7
次貨,3
促狹,3
篡國,5
錯訛,3
打手,3
黨閥,7
倒竈,5
盜竊,5
地獄,5
喋血,7
毒草,5
毒素,5
堵心,5
短氣,1
躲懶,3
扼殺,5
惡聲,5
兒戲,7
樊籠,3
犯法,5
妨害,3
匪幫,5
匪盜,7
廢人,5
糞土,5
浮蕩,7
負面,3
幹擾,3
割裂,3
苟活,3
股匪,3
官場,3
慣竊,5
鬼話,3
大膽,3
鬼胎,5
過度,3
含冤,5
黑店,3
黑窩,3
哄弄,3
胡言,5
壞話,1
惶悚,7
毀傷,3
穢聞,5
混混兒,5
禍首,5
擠對,3
假冒,5
奸徒,5
僵化,3
狡賴,5
斤斤,3
糾集,5
癩子,3
苛政,5
空耗,1
虧待,3
潰亂,1
稂莠,5
勒逼,5
冷箭,5
利誘,5
凌亂,7
流寇,5
漏網,3
亂臣,3
掠取,1
罵名,5
盲幹,3
沒趣,1
媚態,3
靡費,3
魔掌,5
鼓動,1
末流,3
謀殺,5
惱人,3
泥古,3
蔫兒壞,3
扭曲,7
虐殺,7
叛賣,7
賠帳,5
披靡,3
僻陋,3
騙子,5
潑皮,5
破約,3
乞降,5
愆尤,3
譴謫,5
誚呵,3
侵凌,7
輕信,3
囚徒,3
蛆蟲,7
權門,5
染缸,3
忍心,3
揉磨,3
喪鐘,3
澀滯,3
燒包,5
神傷,5
失寵,5
失神,5
失足,3
勢焰,7
受害,7
受屈,5
耍弄,7
私弊,5
肆行,5
損毀,5
嗒喪,5
儻蕩,5
套話,5
挑弄,7
銅臭,5
頭子,5
土匪,5
退坡,5
歪道,7
頑敵,5
妄念,5
危機,5
違犯,5
窩點,7
蕪鄙,5
西化,3
細弱,3
瑕疵,5
罅漏,5
險兆,5
囂雜,3
效顰,5
邪路,7
脅從,5
腥羶,3
兇器,5
凶宅,5
虛報,5
虛設,5
蓄謀,7
炫惑,5
遜色,3
嚴重,3
仰攀,5
妖物,5
遺禍,5
臆造,5
陰晦,5
淫風,5
淫逸,5
營私,5
憂患,5
誘發,5
迂闊,5
愚癡,5
鬱怒,5
冤結,5
冤頭,5
元惡,5
怨苦,5
雜湊,3
災病,5
油膩,3
草雞,7
冗雜,5
使性子,3
老古董,5
自是,5
誣陷,9
明目張膽,5
暗箭,9
掛羊頭賣狗肉,7
敗落,7
弛懈,3
侵犯,5
算計,7
斤斤計較,7
假意,5
尖刻,5
敷衍,5
觸犯,3
浪子,3
隨便,5
丟醜,9
污濁,3
點火,5
寵兒,3
癡子,7
擾亂,3
生澀,3
狐狸精,7
肆無忌憚,9
率由舊章,3
拘板,3
不管三七二十一,3
退卻,5
謬誤,3
討價還價,1
奴顏婢膝,9
挑唆,5
粗疏,3
瑣碎,3
不對,3
陳陳相因,7
踐踏,9
侵擾,3
模糊,1
恬不知恥,9
栽跟頭,7
東鱗西爪,3
凌虐,7
橫財,3
當道,9
妖冶,5
朝三暮四,5
坍臺,7
任性,3
強弩之末,5
流毒,9
抖摟,5
奸邪,9
落伍,5
奸佞,9
悔過,7
癡心妄想,9
內亂,7
如喪考妣,9
造謠,5
鄙吝,7
討厭,7
疏忽,3
區區,1
險惡,5
氣焰,5
兇險,5
對付,3
好事,5
災殃,5
髒話,5
糟朽,5
遭罪,5
造孽,5
賊窩,5
招風,3
支使,5
指責,5
重濁,3
轉蓬,3
滋蔓,5
自居,5
走過場,5
阻絕,3
嘴笨,3
病懨懨,1
坐守,5
不屑於,5
悽惶,3
勢成騎虎,5
哀婉,1
老虎屁股摸不得,3
米珠薪桂,7
竹籃子打水一場空,5
檮昧,5
暗無天日,7
卑猥,9
憋拗,9
不成器,5
不分青紅皁白,7
不得勁,5
不更事,3
嗜血成性,9
索然乏味,9
死腦筋,9
鬆垮,9
隨風轉舵,9
危機重重,9
無涵養,9
無實效,9
不倫不類,7
不切實際,7
不痛不癢,5
不像話,9
不足取,5
殘破不全,1
味道不好,9
岌岌可危,7
長篇累牘,5
陰悽,9
成事不足，敗事有餘,9
臭烘烘,9
村氣,5
循規蹈矩,3
低卑,7
滴裏嘟嚕,3
動作遲頓,3
腐敗墮落,9
高不成，低不就,3
寡淡,3
乖謬,7
含含混混,5
豪侈,5
鬍子拉茬,3
壞人當道,7
哀怨,5
抱恨終生,9
憋得慌,7
悽切,3
吃後悔藥,3
兔死狐悲,3
戳脊梁骨,5
慘重,7
煩膩,5
急急巴巴,7
慘不忍睹,7
抗議,5
迴腸九轉,9
打掉牙往肚子裏吞－有苦顯不出來,7
杯弓蛇影,5
鄙棄,5
心灰意懶,5
七手八腳,3
沿門托鉢,3
彈盡糧絕,7
舟中敵國,5
小家子相,7
遷延時日,3
見風使舵,7
驕奢淫逸,9
江河日下,3
經驗不足,7
拘禮,3
開小差,7
公子哥兒,3
揚玲打鼓,3
不整齊,3
耳報神,5
狂悖,9
老趕,5
從權,1
哩哩啦啦,3
零七八碎,5
流裏流氣,7
亂了營,7
落俗套,5
沒出息,3
沒禮貌,3
沒心沒肺,7
名義上,5
目光短淺,7
難人,7
一觸即潰,9
紙醉金迷,9
搖搖欲墜,9
拆爛污,1
官倒,5
難相處,3
鬧鬧哄哄,7
脾氣爆躁,3
騙人,9
強行,5
窮奢極侈,9
缺乏才智,5
繞脖子,3
認死理兒,7
弱不禁風,3
散亂,1
傻裏瓜唧,5
無根據,9
喧雜,9
一臉橫肉,9
天怒人怨,7
有失偏頗,9
雜草叢生,9
忸怩作態,9
捉襟見肘,7
潑悍,7
蔫不溜,3
掩耳盜鈴,3
狐疑,3
慘痛,7
鬱結,3
拒諫飾非,9
授人以柄,5
政出多門,7
屈節辱命,7
豆剖瓜分,7
潮呼呼,1
鄙俚,7
贅述,1
土裏土氣,3
莽莽蒼蒼,1
冥頑不靈,9
眼巴巴,5
髒乎乎,5
悲憤填膺,7
鬱憤,5
觸目興嘆,1
憤世嫉俗,5
怨聲載道,5
毛骨悚然,7
負氣,1
奇恥大辱,9
漢奸,5
怒氣沖天,7
盛筵難再,1
朽木死灰,5
嚇人,3
局天蹐地,3
視爲畏途,3
霸佔,5
背信棄義,5
豺狼,5
醜態,3
鉤心鬥角,3
禍國殃民,7
歹徒,7
獨裁,7
負隅頑抗,5
老巢,3
流言蜚語,1
獰笑,5
作嘔,5
盤踞,5
敵對,5
敲骨吸髓,9
恥辱,7
驕慢,3
殺氣騰騰,5
逃竄,3
歪門邪道,5
爲非作歹,5
文痞,3
舞弊,5
野蠻,5
猙獰,7
罪孽深重,7
小瞧,1
卑俗,5
浮滑,3
可恨,3
摧殘,5
厚臉皮,1
蒼蠅藥不死人－噁心,7
無恥之尤,9
食肉寢皮,9
"老鼠過街,人人喊打",5
疾首蹙額,7
喪家之犬,7
視若草芥,7
雜種,7
外遇,5
挖苦,1
狗東西,7
地頭蛇,5
佞人,5
母夜叉,5
誣衊,5
哭鬧,3
白區,1
藏奸,5
憋悶,7
迷茫,3
敗興,1
暴躁,5
不辭而別,3
鬱鬱不得志,7
憂心如搗,7
不知所云,5
惘然若失,5
酷熱,3
削足適履,7
敗筆,3
頭腦發熱,3
臥不安席,9
急來抱佛腳,3
五內如焚,9
不遂,5
醋心,1
紅眼病,5
疑神疑鬼,9
八面圓通,3
笨拙,5
陳腐,7
不懷好意,5
一暴十寒,5
地獄變相,5
人間地獄,5
百里之才,1
欺公誤國,9
賣官鬻爵,9
中飽私囊,9
乘僞行詐,7
一己之私,7
口血未乾,7
結駟聯騎,9
食日萬錢,7
大開方便之門,3
加油加醋,3
自吹自擂,3
參差不齊,5
衆寡懸殊,5
蹈其覆轍,3
舉措失當,3
朝更暮改,7
避重就輕,3
美中不足,3
唾面自乾,5
深閉固拒,5
遺老遺少,5
先入之見,1
不識時變,3
人窮志短,3
累塊積蘇,1
窮閻漏屋,1
池魚之禍,7
浪跡浮蹤,1
形鎖骨立,5
顧影自憐,7
胡言亂語,5
言不及義,3
口惠而實不至,5
鑿空之論,5
嘟嘟囔囔,3
妄言妄聽,7
弟子孩兒,3
出言不遜,5
多端寡要,3
浮生若夢,5
寄人籬下,3
欺大壓小,5
倚財仗勢,5
飽食終日,3
衣來伸手，飯來張口,3
上之所好，下必甚焉,5
旱魃爲虐,3
潑天大禍,7
凶年惡歲,3
不名一錢,1
飢寒交迫,3
附膻逐腥,3
樵蘇不爨,3
趨炎附勢,7
少吃無穿,3
赤舌燒城,5
向壁虛造,5
兩頭白麪,3
酒池肉林,9
始亂終棄,9
草薙禽獮,7
焚書坑儒,7
荼毒生靈,9
置之死地而後快,5
聽天任命,5
聽人穿鼻,5
觀望不前,5
依違兩可,3
低眉折腰,3
俯仰由人,3
召之即來，揮之即去,5
知法犯法,3
一文如命,7
替罪羊,3
裝聾作啞,3
仗氣使酒,3
推波助瀾,3
招權納賄,5
目迷五色,3
顛倒是非,7
捨本逐末,7
格格不入,3
項背相望,5
故技重施,3
東窗事發,7
欲蓋彌彰,5
暮虢朝虞,7
自相殘害,7
前挽後推,5
順水人情,1
欺人太甚,7
肆言如狂,5
橫衝直撞,5
含垢納污,7
伴食宰相,5
夾槍帶棒,3
之乎者也,3
狐朋狗黨,5
惹禍招愆,5
招風攬火,5
沸反盈天,7
委過於人,5
獨行其是,5
草草了事,5
私相授受,5
狂奴故態,7
披毛索厴,7
仗馬寒蟬,5
狗急跳牆,5
盤馬彎弓,5
管窺筐舉,5
食而不化,7
井中視星,3
眼高手低,3
土龍芻狗,5
銀樣鑞槍頭,5
腳高步低,3
奇裝異服,3
阿尊事貴,5
耿耿於懷,3
肥頭大耳,5
蓬頭歷齒,3
龍蟠鳳逸,5
功虧一簣,7
兵敗將亡,5
片甲不存,5
一之謂甚,5
衣架飯囊,5
不務正業,5
朽木糞土,5
何所不爲,5
妖魔鬼怪,5
順手牽羊,3
畢其功於一役,3
斷鶴續鳧,3
潑油救火,5
緣木求魚,5
蔽美揚惡,7
渾然無知,3
目挑心招,3
承顏候色,5
一敗塗地,7
末學膚受,3
一葉蔽目,5
掩目捕雀,3
好肉剜瘡,5
以指澆沸,5
自討苦吃,5
蘭因絮果,5
打情罵俏,3
牛頭不對馬嘴,5
刀頭舔蜜,5
學步邯鄲,3
餖飣堆砌,3
附庸風雅,5
行濁言清,9
德薄才疏,5
見笑大方,5
貽笑大方,3
果於自信,3
矜才使氣,5
心高氣傲,5
殺妻求將,9
東食西宿,5
裒斂無厭,7
貪猥無厭,7
謾上不謾下,5
sigh,3
MD,7
真TM,5
你丫,5
ZE,3
JJWW,7
苟且偷安,5
厚顏無恥,9
昏庸,7
串通,1
膽小如鼠,3
惡習,5
坑害,3
窺伺,3
不滿,3
濫用,1
連篇累牘,1
馬虎,3
肆意,1
明爭暗鬥,1
冷漠,3
怪癖,1
暴戾,5
圓滑,1
破罐破摔,1
懈怠,5
激進,1
自傲,5
窮兵黷武,5
殺害,3
世故,5
隨聲附和,3
螳臂當車,1
挑三揀四,5
玩忽職守,7
僞造,3
無風生浪,5
無知,7
歸罪,3
要挾,5
油滑,3
瞻前顧後,3
漠視,3
惡惡實實,7
陰鷙,7
猥陋,3
衣冠禽獸,9
狡兔三窟,5
愚懦,7
矜誇,3
不自量,5
目空一切,7
傲氣,5
古板,3
心窄,7
乖刺,5
言不由衷,3
順風轉舵,5
以鄰爲壑,7
平板,1
粗野,5
強橫,5
逞能,3
謹小慎微,1
愣頭愣腦,3
愚鈍,7
低劣,5
輕薄,3
佻薄,5
卑賤,9
嬌氣,3
無味,1
粗枝大葉,1
見異思遷,7
諱疾忌醫,5
出格,3
奴顏卑膝,7
瞞哄,5
一手遮天,5
故弄玄虛,5
瞎胡鬧,3
威嚇,5
誇大,1
好逸惡勞,7
六親不認,9
膽小鬼,5
投機主義,5
粗心大意,5
反常,1
開了鎖的猴子－得意忘形,5
囉唆,3
視若路人,3
木心石腹,7
胡裏胡塗,3
不才,7
獨斷獨行,5
不由分說,3
蹈常襲故,5
一偏,3
兔子尾巴長不了,5
嗤笑,5
譏諷,1
損公肥私,7
名繮利鎖,7
物慾橫流,7
猥賤,9
跳樑小醜,3
鐵公雞,5
淫褻,7
負心,5
瞞騙,3
玩花樣,1
諂諛,5
曲意奉承,5
背謬,3
不堪一擊,5
大謬不然,9
不合理,3
生拉硬拽,1
沒臉,5
危言聳聽,3
虛有其表,3
不怎麼樣,3
言行不一,1
不良,3
愛小,3
擺份兒,1
拜金,5
暴民,3
逼婚,3
變態,7
不揚,3
無恥,9
草野,3
差誤,3
讒害,5
纏擾,3
吵擾,3
遲誤,3
叱呵,5
醜類,5
敵國,1
舛錯,3
闖禍,5
蠢蠢,3
次品,3
攛掇,7
篡權,5
錯處,3
噩耗,9
蹈襲,1
盜印,3
敵探,5
頂嘴,3
毒打,7
毒刑,5
短淺,3
訛傳,3
惡臭,5
惡俗,5
二心,7
發傻,3
繁亂,3
犯規,3
飯囊,7
仿冒,1
非笑,5
匪患,5
瘋話,3
浮華,1
負屈,5
干涉,3
公敵,9
構陷,5
蠱惑,7
慣偷,5
鬼物,5
汗顏,5
橫加,3
後患,1
胡謅,1
壞水,3
謊報,3
毀損,3
穢語,5
混事,1
惑亂,5
擠軋,5
假球,1
奸細,5
攪局,3
進讒,3
酒鬼,3
讕言,1
科盲,1
空話,1
酷吏,5
誑語,1
憒亂,5
勒派,5
冷眼,3
連累,5
凌侮,5
漏卮,5
亂離,5
淪落,7
落魄,5
埋沒,3
貓膩,1
沒羞,3
悶棍,1
靡靡,3
明搶,5
魔爪,5
鬧鬼,3
逆產,3
捏弄,5
弄權,5
虐政,7
攀附,5
叛逃,7
噴糞,5
皮臉,5
偏安,5
剽竊,5
叵測,5
欺辱,5
啓釁,5
前科,3
歉收,3
強佔,5
侵權,5
趨奉,5
權勢,5
肉慾,3
塞責,3
傷害,3
折本,5
生番,3
失當,3
失事,5
施暴,7
受賄,5
受辱,5
衰替,3
死地,5
損人,5
貪官,5
逃避,5
套匯,5
跳梁,5
偷安,5
投敵,7
土豪,5
退縮,5
歪風,5
頑鈍,5
妄取,5
威迫,5
違規,5
窩贓,7
蕪劣,5
西崽,3
瑕玷,3
纖弱,5
險症,5
蕭然,3
效尤,7
邪門,5
泄露,5
兇毒,3
兇氣,5
凶兆,5
虛華,5
虛飾,5
蓄意,7
炫弄,5
延誤,5
妖言,5
遺棄,5
役使,5
陰霾,7
淫棍,5
淫雨,5
應聲蟲,5
幽暗,3
誘使,5
迂論,5
愚氓,5
鬱氣,5
冤苦,5
怨詈,5
災害,5
騷動,5
大意,5
稀鬆,3
尖酸刻薄,5
無所作爲,7
貧氣,3
把戲,5
錯亂,7
難看,5
骯髒,9
誇耀,3
破敗,3
紅眼,9
亂糟糟,5
齷齪,9
尷尬,9
猥瑣,9
拖泥帶水,5
詭譎,7
上下其手,9
刺眼,1
淺嘗輒止,3
不值一提,3
荒唐,9
大言不慚,7
寒磣,3
多餘,3
說長道短,5
私通,7
侵佔,5
狹小,3
失禮,3
缺乏,3
鬼魔,9
饞涎欲滴,3
標榜,5
險惡,7
低下,7
荒疏,7
氣焰,7
存心,3
頹敗,5
零落,7
生疏,3
微不足道,5
衝撞,1
木雕泥塑,5
鬱鬱,3
妖豔,5
粗劣,5
奴才,3
禍根,5
侵害,5
敗壞,5
鬆鬆垮垮,7
虛應故事,5
神魂顛倒,3
鞏固,7
嬌滴滴,7
夫子,3
旁若無人,3
癲狂,3
雞飛蛋打,7
完蛋,5
繁雜,3
開心,3
靠不住,3
誅求,7
專擅,5
坐監,7
玄奧,9
過氣,5
呵叱,5
貌似真實的,3
溺愛,5
高姿態,5
固守,1
人禍,5
貧賤,3
平鋪直敘,3
瘦弱,9
阿飛,3
贓款,7
糟爛,3
躁動,5
賊巢,5
窄狹,3
仗勢,5
肇事,5
指斥,5
致命,5
中邪,5
裝樣子,5
濁世,5
恣睢,5
縱慾,5
阻隔,3
鑽心,7
嘴貧,5
罪尤,9
作亂,7
囉裏囉嗦,5
暗地裏,3
卑陋,9
鄙賤,9
要死要活,7
不堪造就,9
世態炎涼,9
水泄不通,9
死死,9
酸澀,9
徒然,9
危機四伏,9
無關大局,9
無人過問,9
下三濫,9
不起眼兒,3
不着調,5
殘酷無情,9
豺狼成性,9
稀裏糊塗,9
咄咄逼人,9
拮据,9
裝腔作勢,9
猶豫不前,9
陰陽怪氣,9
臭不可聞,9
粗手笨腳,5
大手大腳,5
膽小怕事,7
等而下之,5
低智,3
東倒西歪,5
餓殍遍野,7
反社會,9
費時,5
膚皮潦草,7
乾乾巴巴,1
夠嗆,3
孤陋寡聞,7
寡言少語,3
鬨然,1
花拳繡腿,5
晦暗,7
穢亂,9
昏昧,9
昏憒,9
混混沌沌,9
吃不準,3
躊躇不前,3
禍從天降,9
呆住,3
惡罵,7
發飆,5
費精神,5
顧忌,5
慌恐,5
雞蛋裏挑骨頭,3
看淡,5
清算,3
假正經,7
假模假式,7
心如蛇蠍,7
心眼小,9
學識譾陋,9
澆漓,7
矯情造作,7
空空洞洞,7
口頭上,3
苦不唧,5
狂妄自大,9
老大難,7
累卵,5
利已,3
零亂,5
令人費解,7
令人厭惡,9
亂烘烘,7
沒勁,3
沒頭腦,5
沒有學問,3
木頭木腦,5
男盜女娼,9
行爲不端,9
硬生生,9
虛無飄渺,9
鬧得慌,7
蔫頭耷腦,5
蓬頭垢面,7
偏斜,5
憑空,5
欠完善,7
禽獸不如,9
缺乏教養,5
任縱,7
刁鑽,3
傲視,1
不是滋味兒,3
黑濛濛,3
荊棘載途,7
茫茫然,7
無立足之地,5
盲人騎瞎馬,3
乳臭未乾,9
神志委靡,5
無故,9
無目的,9
竹籃打水,9
最差,9
死有餘辜,9
無常,9
老於世故,3
形影相弔,9
庸庸碌碌,9
魚龍混雜,9
賊溜溜,9
忸忸怩怩,9
路人皆知,3
愛毛反裘,9
綱紀廢弛,9
三旨相公,5
移天易日,9
賣國求利,9
蹙國喪師,7
妒火,3
無可辯駁,5
經心,5
憂憤,5
泄憤,3
一刀兩斷,5
艴然不悅,3
怒目而視,5
聲色俱厲,5
屁滾尿流,9
屈服,1
暗算,3
暴徒,7
蠶食鯨吞,7
醜劇,1
勾結,3
詭計,7
荒淫,7
打家劫舍,5
毒害,7
惡人,7
逢迎,3
狼心狗肺,7
溜鬚拍馬,3
惡感,3
邪惡,9
迫害,7
無禮,5
侵入,3
曲意逢迎,5
色厲內荏,3
鄙視,7
屠殺,7
妄想,3
瘟神,5
無惡不作,7
興妖作怪,7
榨取,3
罪大惡極,9
小視,1
嗤之以鼻,9
薄情,3
專斷,3
貪杯,3
欺生,3
奸笑,7
潮溼,1
千仇萬恨,9
過街老鼠,5
怵心劌目,7
狼狽不堪,5
視而不見,5
兔崽子,5
黨徒,3
窮酸,3
壞分子,5
土棍,5
魔頭,5
悍婦,5
死心眼兒,3
謠諑,5
羊質虎皮,5
暗淡,1
不齒,3
乏味,3
熬心,3
逆耳,5
頹喪,1
離愁,1
俗不可耐,7
逼迫,5
一潭死水,7
不知所爲,5
唉聲嘆氣,5
自貽伊戚,1
懊糟,3
蹦躂,1
羞恥,5
終天之恨,9
慌張,3
操切,3
惶惶,7
驚惶失措,5
毛躁,3
顧此失彼,3
張皇失措,7
奔竄,5
憾事,1
悲觀失望,5
迴天乏術,9
嫉賢妒能,1
打破醋罈子,5
過敏,3
啓人疑竇,7
多疑,3
傲慢,7
保守,1
捕風捉影,3
沉溺,1
出爾反爾,5
虎頭蛇尾,5
長夜難明,7
民窮財盡,5
有天無日,7
盛名之下，其實難副,3
成敗論人,3
黃鐘譭棄，瓦釜雷鳴,5
陰謀詭計,7
欺公罔法,9
瀆貨無厭,9
貪墨敗度,9
徇私舞弊,7
牆倒衆人推,7
狡兔死，良狗烹,9
揮金如土,9
鋪張揚厲,7
胡思亂想,1
夢中說夢,3
子虛烏有,5
一孔之見,5
以貌取人,5
大吹法螺,3
張大其事,3
只見樹木，不見森林,5
東掩西遮,3
雲泥之別,5
窮途之哭,5
世殊事異,3
望而卻步,3
翻翻覆覆,3
死灰復燃,9
拔本塞源,3
毀於一旦,7
移花接木,5
英雄氣短,1
大醇小疵,3
屢教不改,7
頑梗不化,7
厚貌深情,3
先入爲主,1
重規疊矩,3
零敲碎打,3
因襲陳規,3
蚍蜉帶盆,5
慚鳧企鶴,3
蓬戶甕牖,3
賞同罰異,7
土階茅屋,3
白骨露野,9
斷梗飄蓬,1
以暴易暴,7
不勝衣,1
滅門絕戶,9
名重識暗,7
臨事而懼,3
信口胡言,3
喙長三尺,5
空談快意,5
虛談高議,5
刺刺不休,3
數黃道黑,3
不得其死,3
赤口毒舌,5
有聞必錄,3
不看了了,3
楚囚對泣,3
傍人籬壁,3
居功自持,5
挾勢弄權,5
欺世罔俗,7
欺天罔地,9
上樑不正下樑歪,7
坐於塗炭,3
彌天大禍,7
屋漏偏遭連夜雨,7
彈丸之地,3
釜中生魚,1
聊以卒歲,3
賣身投靠,7
攀龍附驥,5
依草附木,5
讒口嗷嗷,5
積毀銷骨,7
搬口弄舌,5
挑撥離間,5
荒淫無道,9
聲色貨利,7
爨桂炊玉,3
食玉炊桂,3
殺人滅口,7
殺人越貨,7
扶東倒西,5
兵連禍結,7
烽火連天,5
柔茹寡斷,5
打躬作揖,1
俯首帖耳,3
下氣怡聲,1
惡醉強酒,5
劈兩分星,3
漏網之魚,5
逍遙法外,5
撒村罵街,5
賄賂公行,5
遠水不救近火,5
差三錯四,5
輕重倒置,5
焦頭爛額,9
圖窮匕見,3
有加無已,5
人命危淺,5
釁發蕭牆,7
七拼八湊,3
可乘之機,3
怕硬欺軟,5
肆言詈辱,7
藏垢納污,7
自欺欺人,5
狗頭軍師,5
吞雲吐霧,3
攻守同盟,5
同惡相濟,7
放任自流,5
引類呼朋,5
大打出手,5
互相推諉,5
包辦代替,5
目無法紀,7
金貂換酒,5
雪窖冰天,7
察察爲明,5
杜口木舌,5
不知深淺,3
拿腔做勢,5
以力服人,5
寸指測淵,3
寡見少聞,3
有眼無珠,7
心有餘而力不足,3
烏有先生,5
黔突暖席,3
鷹鼻鷂眼,5
阿諛取容,5
妒能害賢,5
懷才之遇,5
雞皮鶴髮,3
交臂失之,5
道盡途窮,7
節節敗退,5
師老民困,3
人老珠黃,3
行屍走肉,7
不朗不秀,5
駑馬戀棧,5
臭肉來蠅,9
同流合污,7
樑上君子,5
死有餘僇,9
背道而馳,3
弄假成真,1
以冰致蠅,5
屋下架屋,3
蠢如鹿豕,5
扣盤捫燭,5
諂山傲下,5
罪魁禍首,9
同牀異夢,5
鼴腹易盈,5
淆惑視聽,5
無的放矢,3
矜功伐善,7
說嘴打嘴,7
自取其咎,7
作繭自縛,7
橫生枝節,3
百無一能,1
遇人不淑,3
貪小失大,5
斷章截句,3
點金成鐵,5
佶屈聱牙,3
人前背後,7
自作聰明,3
管見所及,5
傲視輕物,5
好自矜誇,5
目無下塵,5
朋黨之爭,5
爭名於朝，奪利於世,7
狼吞虎嚥,3
貪求無厭,7
蠱惑人心,5
啥也不說了,7
_ass,5
臭嘴,3
爛人,3
RY,7
蛋白質,5
leecher,5
我吐,5
好高務遠,7
荒謬,5
看風使舵,5
大雜燴,1
兜售,1
剛愎自用,7
誇誇其談,3
愛發牢騷,3
爛攤子,7
理屈詞窮,1
亂七八糟,3
貌合神離,1
頹靡,3
謀害,5
懦弱,5
不堪入目,9
兇惡,3
蚍蜉撼樹,3
刻板,3
奇貨可居,3
巧立名目,3
輕舉妄動,3
三心二意,3
奢侈,7
失職,5
四分五裂,1
呆若木雞,5
挑肥揀瘦,5
視同兒戲,5
萬馬齊喑,5
無的放失,1
無所不至,3
洗劫,3
閒言碎語,1
倚仗,1
雜亂,3
自私,7
惡狠狠,7
陰賊,7
邪念,7
幸災樂禍,7
刁悍,7
老奸巨猾,5
不義,7
乏貨,3
拿大,5
自命不凡,7
落落寡合,3
拘執,1
頑固不化,7
乖僻,5
裝假,3
油嘴滑舌,5
厚此薄彼,3
利己主義,3
刻舟求劍,3
村俗,5
詐唬,3
擺譜兒,5
貿然,3
愚味,5
不知進退,5
冠冕堂皇,5
浮漂,1
刁詐,7
虛浮,3
土氣,5
膽小,3
心不在焉,3
首鼠兩端,5
粉飾,3
離譜,5
賣好,3
欺矇,5
招搖撞騙,7
做鬼,3
瞎鬧,5
斥責,7
被動,1
反眼不識,7
反覆無常,3
神經,5
異想天開,7
心眼多,3
簡陋,3
偏激,5
冷眼旁觀,5
冷語冰人,5
分文不值,5
模糊不清,1
慢慢騰騰,3
獨斷,5
不近人情,3
安於現狀,3
吃偏飯,3
譏笑,5
老一套,1
明哲保身,7
貪心不足,7
不廉,7
低俗,7
有傷風化,3
守財奴,5
淫蕩,7
蕩檢逾閑,7
詬罵,5
抓破臉,5
恩將仇報,5
耍花招,1
獻媚,5
阿諛奉承,5
破綻百出,5
毫不留情,5
一文不值,7
盲人摸象,1
理虧|,1
莫名其妙,5
寡廉鮮恥,5
有名無實,1
歹心,5
名不符實,3
想當然,3
劣等,5
把持,3
白費,3
敗葉,1
暴利,1
笨蛋,3
不濟,5
慘殺,7
憷場,1
借刀殺人,3
瘋狂,7
離奇,5
不渝,7
草芥,3
差池,3
拆臺,5
孱弱,3
剿說,3
扯臊,3
陳規,5
逞兇,3
魑魅,7
衝犯,3
醜話,1
臭棋,1
出局,1
鶉衣,1
疵品,3
粗莽,5
篡改,5
措大,1
大話,3
黨棍,7
倒運,5
盜騙,5
低檔,3
敵酋,5
地煞,7
凋落,3
喋喋,5
鬥氣,3
毒手,5
黷武,7
短見,5
掇弄,3
厄運,3
惡煞,7
惡兆,3
發狂,3
犯傻,3
飛賊,3
非法,3
廢然,5
僨事,3
浮詞,3
腐舊,7
乾號,3
苟安,7
辜負,3
關礙,3
慣家,3
鬼混,5
過當,3
含混,3
黑道,5
黑手,3
哄擡,1
胡說,1
話柄,1
惶然,7
譭棄,3
穢氣,5
混說,1
禍事,3
極權,3
家賊,3
奸商,5
簡慢,3
狡計,5
芥蒂,1
糾合,5
攫取,7
賴賬,1
苛責,1
空泛,3
狂言,1
虧負,3
狼藉,3
落架,5
冷害,3
厲鬼,7
凌轢,5
流弊,5
漏稅,5
亂兵,1
亂子,5
落馬,3
罵街,3
忙亂,5
冒進,1
媚世,3
糜爛,5
民賊,5
魔王,5
暮氣,3
納粹,7
納賄,3
鬧騰,3
內憂,5
膩歪,3
女巫,5
拍馬,5
叛亂,7
賠錢,5
批繆,3
屁話,5
騙術,5
頻仍,3
破滅,5
慳吝,3
淺學,3
強樑,3
磽薄,3
侵奪,5
輕慢,3
囚犯,3
屈膝,5
權貴,5
羣氓,5
冗員,3
喪亂,5
嗇刻,3
煞氣,3
失察,5
失閃,5
失着,3
事故,5
受窮,5
樹敵,5
說客,5
廝混,5
肆擾,5
損害,5
塌臺,5
糖彈,3
套購,5
挑動,7
同謀,5
屠戮,7
退化,3
瓦全,5
玩忽,7
妄斷,5
忘本,5
違反,5
倭寇,5
誣栽,7
西風,5
黠慧,5
險象,5
囂鬧,3
小鞋,5
邪道,7
邪祟,5
腥臊,3
凶年,5
兇焰,5
朽木,3
虛怯,3
續貂,3
玄虛,3
馴化,5
炎涼,7
妖霧,5
業障,5
遺恨,7
臆說,5
陰狠,7
淫辭,5
淫邪,5
迎合,5
憂煩,5
誘餌,3
迂拘,5
愚闇,5
語病,3
冤獄,7
怨嗟,3
砸鍋,5
雜質,3
山窮水盡,9
毒化,9
差役,5
調戲,7
匹夫,7
敗退,1
私心,5
空談,9
粗暴,5
習染,7
行將就木,3
亂哄哄,3
丟人現眼,7
沆瀣一氣,7
小丑,5
頹唐,5
掛一漏萬,1
漫無邊際,5
坐井觀天,7
二五眼,7
唯唯諾諾,7
漏洞,3
退步,3
非議,5
含糊其辭,5
殘害,9
急功近利,9
搖尾乞憐,9
煩亂,9
失慎,3
死皮賴臉,7
薄弱,1
一味,5
膩煩,7
故態復萌,5
氣短,3
市儈,9
耽擱,3
繞圈子,7
有恃無恐,5
紙上談兵,5
背時,5
恣意,7
畏首畏尾,5
驕橫,5
詐騙,5
居心,5
助長,5
搬弄,5
鼓吹,7
災荒,1
吵鬧,7
殺人不見血,9
危殆,7
虛構,5
操之過急,1
成心,1
顛三倒四,1
受窘,1
名存實亡,1
投鼠忌器,1
沾沾自喜,1
抱頭鼠竄,1
不攻自破,1
徹頭徹尾,1
吹篪乞食,1
飯糗茹草,1
窺豹一斑,1
皮之不存，毛將焉附,1
聽天由命,1
挖空心思,1
嬉皮笑臉,1
喜怒無常,1
怨女曠夫,1
知其一，不知其二,1
走馬看花,1
黑哨,1
愁緒,1
訛脫,1
橫事,1
火性,1
狂人,1
野性,1
翻悔,1
冒充,1
討好,1
陰冷,3
癡肥,3
花心,3
煩囂,3
晦氣,3
兇悍,3
索寞,3
背理,3
悖晦,3
憋屈,3
不法,3
刺耳,3
粗淺,3
單弱,3
低效,3
多病,3
二流,3
放肆,3
紛雜,3
封建,3
浮豔,3
古怪,3
含悲,3
好勝,3
渙散,3
晃悠悠,3
晦澀,3
狡黠,3
矯情,3
看不上,3
枯燥,3
拉下臉來,3
狼狽,3
劣質,3
魯鈍,3
昧心,3
悶熱,3
駑鈍,3
偏枯,3
貧瘠,3
輕忽,3
冗長,3
疏闊,3
鬆散,3
肅殺,3
討嫌,3
挑食,3
無動於衷,3
無恆,3
稀爛,3
險厄,3
淆亂,3
羞人答答,3
朽腐,3
一個心眼,3
飲恨吞聲,3
黝黯,3
迂迴曲折,3
羣起而攻之,3
塗脂抹粉,3
倚門賣笑,3
障人眼目,3
指手畫腳,3
白璧微瑕,3
根深蒂固,3
病急亂投醫,3
不管不顧,3
不修邊幅,3
草木愚夫,3
察見淵魚,3
朝不謀夕,3
躊躇不決,3
從風而服,3
打腫臉充胖子,3
大殺風景,3
顛沛流離,3
東拉西扯,3
二三其德,3
飯來張口,3
放浪江湖,3
非分之想,3
狗尾續貂,3
蒿目時艱,3
花裏胡哨,3
江山易改，本性難移,3
降格以求,3
糠菜半年糧,3
口說無憑,3
拉幫結派,3
老不曉事,3
臨渴掘井,3
流落他鄉,3
墨守成規,3
拈斤播兩,3
前言不搭後語,3
竊竊私語,3
求道於盲,3
如狼似虎,3
如坐雲霧,3
搔首弄姿,3
視若兒戲,3
天花亂墜,3
烏焉成馬,3
幫派,1
沒有禮貌,3
沒見過世面,3
沒什麼了不起,3
相形見絀,3
逍遙自娛,3
朽木糞牆,3
一哄而起,3
庸人自擾,3
用盡心機,3
有眼不識泰山,3
與時沉浮,3
張冠李戴,3
支吾其詞,3
置之不理,3
自不量力,3
暴力,3
粗話,3
魔怪,3
窮途,3
謗議,3
參錯,3
蠢事,3
過錯,3
海難,3
禍患,3
辣詞兒,3
末日,3
目論,3
痞棍,3
缺陷,3
弱點,3
傻子,3
世弊,3
同夥,3
脫誤,3
下品,3
贅言,3
濁浪,3
罪過,3
豬頭,3
擺闊,3
串供,3
搗鬼,3
瞞上欺下,3
跌份,3
拆散,3
得勢,3
勾通,3
拌嘴,3
揹包袱,3
庇廕,3
扯淡,3
出醜,3
竄逃,3
打謊,3
膽敢,3
牴觸,3
發橫,3
結夥,3
苛待,3
勒索,3
流竄,3
落荒,3
炮製,3
疲睏,3
睥睨,3
破裂,3
遷怒於人,3
潛蹤,3
惹禍,3
撒氣,3
失檢,3
失序,3
甩臉子,3
貪小,3
噪嚷,3
縱容,3
偏頗,5
狡詐,5
難吃,5
厭倦,5
專權,5
要命,5
媚俗,5
哀憫,5
霸道,5
低能,5
發怵,5
犯難,5
非分,5
悱惻,5
怫然,5
乾癟,5
詭祕,5
裹足不前,5
虎着臉,5
昏亂,5
假惺惺,5
嬌生慣養,5
摳門兒,5
摳搜,5
口是心非,5
俚俗,5
囉囉嗦嗦,5
冒昧,5
膩人,5
努牙突嘴,5
貧嘴,5
淺陋,5
窮乏,5
僞善,5
無稽,5
狎褻,5
邪曲,5
心狠,5
心勞日拙,5
心緒不寧,5
虛誑,5
油頭滑腦,5
迂執,5
葬送,5
執性,5
嘴尖,5
嘴快,5
公然,5
雞毛蒜皮,5
私心雜念,5
滄海遺珠,5
鳥入樊籠,5
窮鄉僻壤,5
時不我與,5
支離破碎,5
鼓腹而遊,5
袞袞諸公,5
腳踏兩隻船,5
面從腹誹,5
是非口舌,5
隨風倒舵,5
造言惑衆,5
節外生枝,5
勞而無功,5
貧病交迫,5
妙手空空,5
丟盔棄甲,5
賞罰不當,5
賞罰不信,5
醜態百出,5
調三斡四,5
暮氣沉沉,5
攀龍附鳳,5
向火乞兒,5
脅肩低眉,5
虛擲光陰,5
手眼通天,5
愛財如命,5
按圖索驥,5
傲睨一世,5
百思不解,5
抱薪救火,5
笨手笨腳,5
鄙俚淺陋,5
不可挽回,5
朝歌暮宴,5
陳規陋習,5
稱王稱霸,5
吃寡醋,5
穿鑿附會,5
吹鬍子瞪眼,5
此地無銀三百兩,5
聰明反被聰明誤,5
大做文章,5
呆頭呆腦,5
得意忘形,5
得魚忘筌,5
燈紅酒綠,5
東扶西倒,5
東施效顰,5
杜口裹足,5
放誕風流,5
粉飾太平,5
夫子自道,5
附驥尾,5
覆雨翻雲,5
高視闊步,5
高自標置,5
告朔餼羊,5
攻其一點，不及其餘,5
過甚其詞,5
海底撈月,5
好高騖遠,5
侯服玉食,5
呼晝作夜,5
渾頭渾腦,5
火急火燎,5
雞鳴狗盜,5
急攻盡利,5
煎水作冰,5
據爲己有,5
倔頭倔腦,5
兩面光,5
兩面三刀,5
溜之大吉,5
籠絡人心,5
馬仰人翻,5
螞蟻緣槐,5
瞞天過海,5
毛頭毛腦,5
苗而不秀,5
名不副實,5
墨守陳規,5
目無餘子,5
平鋪直序,5
前怕狼後怕虎,5
屈打成招,5
人頭畜鳴,5
肉食者鄙,5
食言而肥,5
勢如冰炭,5
恃才傲物,5
隨波逐流,5
天崩地坼,5
偷工減料,5
偷天換日,5
徒勞往返,5
兔絲燕麥,5
望風而走,5
微文深詆,5
文恬武嬉,5
蝸名微利,5
無能之輩,5
無事生非,5
挾冰求溫,5
徇情枉法,5
野調無腔,5
以小人之心，度君子之腹,5
倚強凌弱,5
因陋守舊,5
因噎廢食,5
直言賈禍,5
衆矢之的,5
自暴自棄,5
自行其是,5
坐吃山空,5
鴇母,5
枷鎖,5
積鬱,5
妖術,5
白黨,5
村話,5
案犯,5
赤佬,5
官腔,5
爛賬,5
敗軍,5
悖謬,5
沉渣,5
醜八怪,5
斗筲,5
飛語,5
勾當,5
花言巧語,5
九尾狐,5
懶蟲,5
嘍囉,5
皮毛,5
軟骨頭,5
死頑固,5
通病,5
頹風,5
蝟辭,5
小辮子,5
小氣鬼,5
心術,5
血口,5
煙鬼,5
陰影,5
癰疽,5
迂夫子,5
戰亂,5
子虛,5
欠拍,5
bc,5
LM,5
sb,5
費工夫,5
毀害,5
背棄,5
搗蛋,5
盜獵,5
獨吞,5
胡鬧,5
聚斂,5
焦愁,5
醜詆,5
反誣,5
欺壓,5
屈從,5
熬磨,5
板着臉,5
成性,5
恥笑,5
吹求,5
撮弄,5
大罵,5
詆譭,5
調撥,5
多嫌,5
告負,5
揮霍,5
驕縱,5
溜門,5
拿人,5
鬧事,5
佞笑,5
牽累,5
強辯,5
竊取,5
傷生,5
受挫,5
受騙,5
說謊,5
私吞,5
搪塞,5
逃稅,5
偷生,5
妄言,5
忤逆,5
誤解,5
陷身,5
虛造,5
厭恨,5
夷平,5
臆斷,5
隱瞞,5
愚弄,5
遇險,5
隕滅,5
責難,5
找事,5
抓辮子,5
裝蒜,5
自專,5
坐待,5
闇弱,7
暗沉沉,7
刁蠻,7
惡濁,7
淫靡,7
不知羞恥,7
猥褻,7
暴戾恣睢,7
不道,7
不名譽,7
呆笨,7
怠惰,7
孤傲,7
寡味,7
可惡,7
摳唆,7
枯燥無味,7
懶惰,7
蠻悍,7
生殺予奪,7
塗炭,7
無行,7
無足輕重,7
兇殘,7
夜郎自大,7
勇略,7
愚笨,7
愚妄,7
自大,7
貪大求全,7
野心勃勃,7
卑躬屈節,7
逞性妄爲,7
頭會箕賦,7
言而不信,7
以售其奸,7
自作自受,7
凌弱暴寡,7
皮笑肉不笑,7
若要人不知，除非己莫爲,7
殺人盈野,7
聲色犬馬,7
恃強凌弱,7
貪賄無藝,7
面目全非,7
一朝天子一朝臣,7
人心叵測,7
多行不義必自毖,7
令人生厭,7
千金一擲,7
只許州官放火，不許百姓點燈,7
惟命是從,7
保殘守缺,7
背本趨末,7
不辨菽麥,7
不成樣子,7
不問青紅皁白,7
才疏學淺,7
倉皇失措,7
褫其華袞，示人本相,7
崇洋媚外,7
大而笨拙,7
道學先生,7
勾心鬥角,7
呵佛罵祖,7
橫蠻無理,7
監守自盜,7
利鎖名繮,7
目中無人,7
囊空如洗,7
損人利己,7
貪聲逐色,7
同室操戈,7
亡命之徒,7
養癰遺患,7
一無所能,7
以血洗血,7
迂腐騰騰,7
早知今日，悔不當初,7
做手腳,7
惡念,7
毒謀,7
蠹蟲,7
奸臣,7
幫兇,7
狗屁,7
圈套,7
獸性,7
邪心,7
鷹犬,7
崽子,7
嘴臉,7
罪情,7
SM,7
傻B,7
病態,7
不開化,7
配不上,7
殘殺,7
龜縮,7
再犯,7
拍馬屁,7
叛國,7
誣害,7
褻瀆,7
附逆,7
唾罵,7
鄙夷,7
仇視,7
妒忌,7
鼓舌,7
攪和,7
浪費,7
惹是生非,7
貪污,7
偷樑換柱,7
妄稱,7
違背,7
誣賴,7
挾制,7
血口噴人,7
一意孤行,7
冤死,7
誅除,7
小心眼兒,9
心眼兒小,9
絮聒,9
未受過教育,9
獐頭鼠目,9
心狠手辣,9
戲劇化,9
鄙陋,9
髮指眥裂,9
煩躁,9
狂蕩,9
麻木不仁,9
死去活來,9
酸臭,9
無口才,9
下賤,9
衣衫不整,9
陰惡,9
懵裏懵懂,9
迷人眼目,9
欺三瞞四,9
貪官污吏,9
吆五喝六,9
垂簾聽政,9
辱國喪師,9
鐵石心腸,9
假裝神聖,9
苛政猛於虎,9
沐猴而冠,9
徒勞無益,9
羣魔亂舞,9
喪心病狂,9
全軍覆沒,9
令人毛骨悚然,9
神奸巨蠹,9
不值一文,9
恫心疾首,9
頓足捶胸,9
氾濫成災,9
放辟邪侈,9
肝腸寸斷,9
毫無用處,9
荒謬絕倫,9
悔不當初,9
九世之仇,9
老太太吃炒胡豆－咬牙切齒,9
裏通外國,9
面目猙獰,9
民怨盈塗,9
窮兇惡極,9
熱鍋上的螞蟻,9
殺人不眨眼,9
屍橫遍野,9
守株待兔,9
枉費心機,9
污七八糟,9
相煎何急,9
小巫見大巫,9
挾天子以令諸侯,9
血雨腥風,9
猶猶豫豫,9
冤有頭，債有主,9
自取滅亡,9
罪當萬死,9
罪惡昭著,9
弊害,9
惡棍,9
牢籠,9
罪惡,9
最壞,9
無誠意,9
無證據,9
抱怨,9
私下裏,9
造謠中傷,9
怪異,1
遲延,1
憋氣,3
室如懸磬,3
藐小,1
坑坑窪窪,1
零零散散,1
饞貓,1
挪用,1
繁瑣,3
兜兜搭搭,3
孔席墨突,3
麟角鳳距,3
如墜五里霧中,3
贓官,7
責問,5
仗恃,5
肇禍,5
紙老虎,5
中魔,5
誅戮,7
抓瞎,5
裝相,5
濁流,5
恣肆,5
罪人,7
坐地虎,7
作怪,5
囉裏囉唆,5
暗地,3
白癡般,5
悲觀地,3
笨頭笨腦,5
邋邋遢遢,9
惟命是聽,7
不成材,5
不潔,9
不堪設想,7
鼠目寸光,9
死性,9
酸刻,9
徒勞無功,9
枉然,9
不郎不秀,7
不問是非情由,7
不着邊際,3
財迷心竅,9
豺狼當道,9
烏壓壓,9
戲劇性,9
罪該萬死,9
陰沉沉,9
大而無當,7
刁鑽古怪,7
惡煞煞,7
乾癟癟,1
狗眼看人,9
花花搭搭,3
渾噩,9
嘲謔,5
混淆不清,3
呆怔,3
犯怵,3
骨鯁在喉,7
懷恨在心,7
火頭上,5
輕看,3
學識淺薄,9
空洞無聊,7
拉拉雜雜,3
劣中之劣,9
零零碎碎,1
令人噁心,9
令人討厭,7
亂紛紛,7
滿臉橫肉,7
漫漶,5
貌似強大,3
沒教養,7
沒受過教育,3
沒有頭腦,5
拿腔作勢,7
笑裏藏刀,9
引起反感,9
效率很差,9
囊中羞澀,7
蔫不唧兒,5
偏狹,5
憑白無故,5
欠妥,7
窮極潦倒,9
犬牙交錯,7
攘攘,9
三天打魚兩天曬網,3
殺人如麻,9
滯鈍,9
懵懂,9
急公好義,3
死一般,9
形同路人,9
兇蠻,9
有毒性,9
愚不可及,9
賊眉鼠眼,9
縮手縮腳,9
明火執仗,5
倒持泰阿,9
三分鼎足,9
一國三公,7
亂臣賊子,9
蹙國百里,7
妒忌心,3
嬌寵,7
鬼迷心竅,7
從井救人,5
氣勢洶洶,5
殺氣,9
揚長而去,3
走氣門,3
憤然作色,5
攘臂嗔目,3
憂憤成疾,9
哀嚎,9
殘敗,3
瘮人,1
暗害,3
暴虐,3
蠶食,3
惡魔,7
沒皮沒臉,5
狼狽爲奸,7
令人髮指,9
賣弄,5
豪橫,3
痞子,3
頑固,3
侵略,3
鄙薄,7
投井下石,5
妄圖,3
味同嚼蠟,3
無病呻吟,3
興風作浪,7
庸俗,7
罪不容誅,9
賤視,3
白眼,5
心硬,5
使壞,5
諂笑,7
潑婦,5
老漢啃甘蔗－咬牙切齒,9
舊恨新仇,7
夙世怨家,7
死無葬身之地,9
殺風景,3
口尚乳臭,3
落水狗,5
專橫跋扈,5
鼠類,7
混世魔王,7
牛鬼蛇神,7
死硬派,3
惡語中傷,5
暗娼,5
薄倖,3
煩燥,9
悶悶不樂,5
膩味,1
幾不欲生,9
內顧之憂,3
鬱熱,3
蹩腳,1
無地自容,9
患得患失,1
急躁,5
方寸已亂,5
行色匆匆,3
海底撈針,5
遙遙無期,5
吃無名醋,5
包庇,3
別有用心,5
醜聞,3
私慾,3
有始無終,5
民不堪命,9
搖手觸禁,7
舞文弄法,5
陰謀不軌,9
彌天大謊,9
飽其私囊,9
貪吏猾胥,9
通同作弊,7
方便之門,3
趁人之危,9
百約百叛,9
揮霍無度,9
炮鳳烹龍,7
夢幻泡影,5
綆短汲深,3
度日如年,7
大吹大擂,3
人爲刀俎，我爲魚肉,5
雲泥殊路,5
暗礁險灘,7
打退堂鼓,3
放虎歸山,5
百無一是,7
畫地爲牢,5
死無對證,3
燕雀安知鴻鵠之志,3
八面見光,3
油嘴狗舌,7
詭銜竊轡,1
安之若命,3
忍垢偷生,3
執而不化,7
門戶之見,3
七顛八倒,3
賞不當功,5
荊室蓬戶,3
飛來橫禍,3
流落天涯,3
望秋先零,3
鬼話連篇,5
譁衆取寵,7
顧前不顧後,3
聽而不聞,5
強聒不捨,3
竊竊私議,3
照本宣科,5
今是昨非,3
不得要領,3
醉生夢死,7
遊戲人間,3
狐假虎威,5
挾權倚勢,5
倚勢挾權,5
好吃懶做,5
上行下效,3
懸羊頭，賣狗肉,7
家破人亡,9
天坍地陷,7
啜菽飲水,1
分文不名,1
糠豆不贍,3
牽蘿補屋,3
阮囊羞澀,3
曳裾王門,5
四壁蕭然,5
腹誹心謗,5
造謠惑衆,3
搬脣遞舌,5
調嘴弄舌,5
聲色狗馬,7
囤積居奇,5
寸草不留,7
殺人放火,7
逆來順受,5
兵荒馬亂,5
烽鼓不息,5
徘徊歧路,3
伏低做小,3
唯唯否否,3
明知故問,3
買菜求益,3
室人交謫,5
溜之乎也,3
聞風遠揚,3
半癡不癲,3
大模大樣,3
遇事生風,3
以眼還眼，以牙還牙,7
本末倒置,7
買櫝還珠,5
方底圓蓋,3
相持不下,3
貽害無窮,7
醜態畢露,9
於今爲烈,5
多事之秋,7
牽絲攀藤,3
蕭牆之危,7
東拼西湊,3
借題發揮,5
凌上虐下,7
以強凌弱,7
出口傷人,5
作威作福,7
對牛彈琴,3
銅臭滿身,5
封官許願,5
朋黨比周,7
放浪形骸,5
野馬無繮,3
冶容誨淫,5
飽以老拳,5
一鬨而散,3
飛蛾赴火,3
越俎代庖,7
聊以塞責,5
高陽酒徒,5
回黃轉綠,3
切骨之寒,7
一曝十寒,5
杜口結舌,5
雄心豹膽,5
官樣文章,5
壓良爲賤,5
口耳之學,3
有眼如盲,5
門外漢,3
南箕北斗,9
蝸角虛名,5
墨突不黔,3
如鳥獸散,5
阿諛諂媚,5
妒賢嫉能,5
消損白日,5
當面錯過,5
相形失色,3
馬後炮,5
寡不敵衆,5
師老兵疲,3
不文不武,5
無作不爲,3
冢中枯骨,5
酒囊飯袋,5
魑魅魍魎,7
始作俑者,9
江洋大盜,7
彌天大罪,9
北轅適楚,3
救經引足,5
揠苗助長,5
拾人牙慧,5
癡人說夢,5
管窺蠡測,5
諂詞令色,5
罪惡如山,9
十羊九牧,5
器小易盈,3
誤入歧途,5
吠形吠聲,3
矜功伐能,7
吐絲自縛,7
自取其禍,7
作法自斃,7
已意逆志,3
酒肉朋友,3
殺雞取卵,5
不求甚解,3
別風淮雨,5
急就章,1
弄粉調脂,1
強不知以爲知,7
自以爲得計,3
傲睨自若,5
孤高自詡,5
眄視指使,5
爭名奪利,5
狼貪鼠竊,7
貪戾無厭,7
沽激虛名,5
傻比,7
SJB,5
人渣,9
鳥樣,5
傻叉,3
害羣之馬,7
荒誕,5
嫁禍於人,5
大放厥詞,5
腐蝕,1
扣帽子,3
拉關係,1
懶漢,7
冷酷,3
搖頭晃腦,3
冒失,3
牟取,3
懦夫,5
忍無可忍,7
兇狂,3
龐雜,1
尖酸,7
歧視,5
強詞奪理,5
輕浮,7
撒野,3
煽風點火,5
盛氣凌人,5
袒護,3
挑刺兒,5
玩火自焚,3
無所不爲,5
習氣,1
瞎話,3
預謀,1
置若罔聞,3
酷虐,7
陰毒,9
賊心,7
下作,7
刁滑,5
包藏禍心,5
不道德,7
孱頭,3
傲岸,5
不可一世,7
頤指氣使,5
拘囿,1
師心自用,3
孤僻,1
做假,3
油腔滑調,5
偏心,3
私念,3
版版六十四,3
傖俗,5
好大喜功,7
擺門面,5
孟浪,5
愚蒙,7
呆傻,7
疏懶,5
怪僻,1
粗陋,7
主觀,1
崇洋,3
不拘小節,1
視若無睹,1
優柔寡斷,5
自食其言,5
悖逆,5
買好,3
欺瞞,3
打馬虎眼,3
搞鬼,3
胡來,5
做作,5
自作主張,3
麻木,3
反目無情,7
偏執,5
作態,5
漫不經心,1
遲緩,1
癩蛤蟆想吃天鵝肉,7
不聞不問,1
見死不救,7
等閒視之,3
遲滯,1
慢慢悠悠,1
擅權,5
獨斷專行,7
因循守舊,5
安於,3
厚古薄今,5
取笑,5
過時,1
見利忘義,7
貪得無厭,7
貪求,7
世俗,5
吝嗇鬼,5
頑固派,5
傷風敗俗,7
厥詞,3
吵架,3
卸磨殺驢,5
惑人耳目,3
阿諛逢迎,5
一無是處,9
理屈,3
不起眼,3
一面之詞,1
湊和,1
豈有此理,5
喪權辱國,9
假冒僞劣,3
僞劣,3
荒誕不經,5
離譜兒,3
阿斗,7
暗笑,3
白丁,1
敗絮,7
暴君,7
笨伯,3
弊政,9
不軌,3
殘損,3
德高望重,7
倒彩,5
蹭蹬,5
饞嘴,1
吵吵,3
扯謊,3
沉滯,3
逞性,7
癡話,1
仇外,7
赤貧,3
醜化,3
臭名,3
串騙,5
垂涎,5
疵點,3
粗拉,1
篡奪,5
蹉跌,3
打蔫兒,1
噩夢,5
倒爺,3
盜賣,5
得用,5
敵寇,5
抵賴,3
凋敗,3
跌跤,3
鬥毆,7
毒品,5
瀆職,5
短處,3
多嘴,3
訛誤,3
惡氣,1
噩運,3
煩言,1
反咬,5
犯禁,5
非刑,7
浮報,3
腐惡,7
附庸,3
告密,5
苟合,5
孤行,3
慣犯,7
詭誕,3
鬼魅,3
過失,3
害處,1
黑幫,5
黑市,1
哄搶,1
胡亂,3
花招,1
惶遽,7
毀壞,3
穢跡,5
混噩,5
禍亂,1
家醜,3
嚼舌,3
桀紂,7
捲逃,5
賴學,1
苛雜,1
空乏,3
枯澀,3
誇誕,3
曠費,5
濫調,3
澇害,3
理虧,5
劣勢,3
留難,5
陋規,3
露骨,3
亂雜,1
落空,1
馬賊,5
蠻荒,1
冒功,5
媚骨,5
迷信,3
蔑稱,3
墨吏,5
謀反,5
幕後,5
內難,5
逆子,7
佞幸,7
女流,3
怕事,3
叛離,7
泡湯,5
賠本,5
紕漏,3
疲軟,3
騙取,5
破陋,3
牽強,3
淺嘗,3
強加,3
強求,5
竊賊,5
輕賤,3
屈枉,5
權臣,7
裙帶,5
失策,3
失利,5
失宜,3
事端,7
受罰,5
受氣,5
鼠竄,3
說教,3
私梟,5
宿弊,5
鎖鏈,5
逃學,5
調唆,7
偷稅,5
屠夫,5
頹勢,3
瓦解,5
外侮,5
妄動,5
妄語,5
誣枉,7
稀碎,3
黠棍,7
下三爛,7
險僻,5
邪財,5
腥臭,3
兇虐,3
兇相,5
朽壞,3
虛名,5
虛擲,5
玄乎,3
訓斥,5
煙幕,5
厭膩,5
妖妄,5
野人,3
胰見,5
陰黑,3
陰雲,5
淫書,5
擁擠,3
迂見,5
迂拙,5
冤大頭,3
冤抑,7
怨怪,7
殞越,5
日暮途窮,9
畫蛇添足,3
臃腫,3
雞零狗碎,7
戲弄,7
萎靡不振,5
愚昧無知,9
南轅北轍,5
橫行無忌,9
滑頭,5
蠅營狗苟,9
沽名釣譽,7
盲目,5
遮蓋,3
糾纏,5
文不對題,5
草木皆兵,9
臭名遠揚,9
糟蹋,7
不足道,1
卑劣,9
生硬,3
作對,3
污點,5
鋪張,5
乾巴巴,3
閉關自守,5
假充,3
平淡無奇,3
背運,7
作假,3
毛糙,3
衰朽,5
不當,3
腐朽,7
束縛,5
低三下四,7
低微,3
難聽,1
繁蕪,5
破爛,7
生搬硬套,5
嗲聲嗲氣,3
橫暴,5
昏頭昏腦,7
翻天,3
含含糊糊,5
弄虛作假,7
糊裏糊塗,3
冒牌,5
貪贓枉法,9
噪音,3
扎眼,5
桎梏,7
心地狹窄,7
醜惡,5
勾搭,3
慣技,5
蠢蠢欲動,5
顛覆,3
燕雀安知鴻鵠之志,3
復蹈前輒,3
老調重彈,3
宗派,5
阻遏,5
鑽牛角尖兒,7
嘴皮子,5
寡言,1
剽悍,3
板着面孔,5
繃着臉,3
惡作劇,3
不知所從,5
降貴紆尊,1
自尋煩惱,1
黯淡,1
爆發,7
暗藏,1
沉淪,5
歌舞昇平,3
罪加一等,5
蓬戶柴門,3
鷹視狼步,7
耳軟心活,5
手段,1
要面子,3
黏糊,3
黑乎乎,1
叫囂,1
再衰三竭,3
姨太太,1
責罵,5
張揚,3
爪牙,5
執傲,5
蒲柳之姿,3
蛀蝕,5
裝門面,5
拙澀,3
滋長,5
自炫,5
嘴敞,5
作弊,7
哭笑不得,3
囉囉唆唆,5
愛理不理,1
半路出家,3
本本主義,5
疑心生暗鬼,5
不成體統,7
無教養,9
不稂不莠,7
罪惡昭彰,9
陰森森,9
臭氣熏天,9
粗蠻,7
呆氣,5
德性,5
多變,3
繁冗,3
沸沸揚揚,3
隔靴搔癢,5
孤寡,7
寡情,7
官僚主義,7
毫無意義,9
哀哀切切,9
渾渾噩噩,9
恥罵,5
髮指,7
狐疑不決,7
悔之不及,5
看不開,3
空洞洞,3
空中樓閣,7
良莠不齊,7
溜號,1
毛毛躁躁,5
沒什麼了不得,3
沒有教養,9
一擲千金,9
邋里邋遢,9
平淡無味,5
缺心眼兒,7
無道德觀念,9
無節制,9
無依無靠,9
直勾勾,9
誤國殃民,9
兒皇帝,9
問長問短,3
聲氣相通,5
矮墩墩,1
生閒氣,3
人神共憤,9
保護傘,1
狠毒,7
可恥,5
得逞,5
痛惡,7
面目可憎,7
萬惡,7
淫威,7
拙劣,3
刻毒,5
造作,3
誆騙,5
鱷魚眼淚,5
就着豬肉吃油條－膩透了,3
掩鼻而過,3
虎狼,5
害人蟲,7
狂亂,9
煩雜,1
焦躁,9
繁縟,5
背興,3
斷線風箏,1
多心,5
扯皮,3
絆腳石,5
世事紛擾,5
網漏吞舟,7
高車駟馬,5
勞師動衆,5
一隅之見,5
雷聲大雨點小,1
以蠡測海,5
衆盲摸象,5
揀佛燒香,9
重蹈覆轍,5
安於故俗，溺於舊聞,5
陳腐不堪,7
布鼓雷門,5
流落風塵,7
搖脣鼓舌,5
詞不達意,3
齊東野語,3
冗詞贅句,3
如風過耳,1
唸唸有詞,1
交頭接耳,3
矇頭轉向,3
倚門傍戶,3
遊手好閒,5
山高水險,5
風言風語,3
曾參殺人,5
伐性之斧,9
酒食徵逐,7
貪花戀酒,5
凶神惡煞,7
看人眉睫,5
鬥而鑄兵,5
沉吟不決,3
百依百順,3
諾諾連聲,3
隨俗沉浮,3
打小算盤,3
有頭沒腦,5
勢不兩立,5
養虎爲患,9
坐以待斃,5
窮形盡相,7
急如風火,3
郢書燕說,5
魚目混珠,5
弱肉強食,5
排斥異己,7
喧囂一時,3
燈蛾撲火,5
敷衍塞責,5
問柳尋花,7
掃地出門,5
犯上作亂,5
匹夫之勇,5
斗筲之人,5
金玉其外，敗絮其中,9
兔角龜毛,5
白日見鬼,3
桑榆之光，理無遠照,3
轍亂旗靡,5
俗不可醫,7
一無所成,7
大逆不道,9
惡溼居下,3
拾人涕唾,5
好歹不分,5
閉眼睛捉麻雀,3
老蠶作繭,5
引狼入室,9
自作孽,9
忘其所以,5
野草閒花,1
各自爲政,5
鉤章棘句,3
元龍高臥,5
東塗西抹,5
傲睨萬物,5
鋒芒必露,5
誇功自大,5
貪榮慕利,7
HC,5
BD,5
裝b,7
NND,5
神經病,5
暈倒,7
SL,3
鬼鬼祟祟,5
華而不實,7
假公濟私,7
粗魯,5
顛倒黑白,7
口蜜腹劍,7
擴張,1
邋遢,7
老頑固,5
吝嗇,7
淺薄,7
自滿,3
撒謊,3
好戰,3
戰爭狂,1
虛榮心,7
貪圖,5
文過飾非,5
奚落,7
反悔,1
愚蠢,7
屈節,5
禍心,5
不肖,7
奸滑,7
譎詐,7
自高自大,7
狷急,3
死心眼,3
惰性,3
庇護,3
凝滯,1
俗氣,5
愛面子,3
班門弄斧,5
莽撞,5
愚拙,7
癡愚,7
道貌岸然,7
張狂,5
狎暱,5
放浪,5
粗率,5
嬌貴,1
吊兒郎當,5
疲沓,5
鬼頭鬼腦,3
耍心眼兒,5
嘲笑,5
放任,3
吹毛求疵,5
貪慾,5
置之不顧,3
迂緩,1
蠻幹,3
等因奉此,5
吃獨食,3
鳥盡弓藏,5
優柔,3
管窺所及,1
失實,1
好高鶩遠,7
欠佳,1
白搭,1
報復,3
簸弄,3
殘品,1
輕描淡寫,1
饞鬼,1
沉冤,7
癡呆,5
抽抽兒,1
吹拍,5
蠢人,5
耽誤,3
敵意,5
蠹弊,9
惡語,5
發瘋,3
拂意,3
告吹,5
逛蕩,1
荒蕪,1
迴護,3
昏聵,7
夾帶,1
驕躁,5
倨傲,7
空文,3
離亂,7
溜邊,3
淪陷,7
拋荒,3
炮灰,5
偏護,3
飄零,3
破臉,3
遷就,3
潛逃,5
戕賊,5
強逼,5
竊據,5
圈攏,5
失信,3
示弱,5
疏放,5
私圖,5
夙仇,7
逃票,5
停滯,3
偷竊,7
頹放,5
枉法,7
妄爲,5
爲害,7
違憲,5
污染,5
誤導,5
瞎抓,5
小報告,5
懈勁,5
虛誇,5
虛詐,5
喧擾,5
血腥,5
閹割,7
要不得,3
夷滅,5
殷憂,7
陰損,5
油水,3
淤積,5
迂遠,5
愚傻,5
越權,5
雜糅,3
魔鬼,9
委瑣,7
禽獸,9
閉關鎖國,7
輕狂,7
污穢,7
窩囊廢,7
怪話,7
匪徒,7
勢利眼,7
兒女情長,3
不要臉,7
夾生,5
下場,5
造次,5
覆轍,5
煽惑,7
閻王,7
黑心,7
廢話,5
自以爲是,7
泥塑木雕,5
歪曲,5
顧盼自雄,7
陷阱,5
朝令夕改,7
壓榨,7
不仁,7
胡攪蠻纏,5
千瘡百孔,7
浮泛,7
侵越,5
聲討,5
索賄,7
朽敗,7
淫樂,7
矇昧,5
反革命,5
疲敝,5
孽種,7
繆說,5
內訌,7
爛污,7
逆流,5
教條,5
揩油,5
剌戾,5
舛誤,5
橫逆,5
訛謬,7
攙假,5
空洞無物,5
闇昧,5
師出無名,5
管中窺豹,7
妖裏妖氣,5
高傲,5
喪德,7
酒後之勇,5
虐待,7
排擠,5
指桑罵槐,7
抹殺,5
欺軟怕硬,7
漠然置之,5
氾濫,5
盲從,5
過猶不及,5
拙口鈍腮,5
不知薡蕫,5
以己度人,5
興師動衆,5
一知半解,5
遮人耳目,5
倚勢凌人,7
攝威擅勢,7
高談闊論,5
順風使帆,5
以湯止沸,5
藏頭露尾,5
黃粱夢,5
粵犬吠雪,5
附贅懸疣,5
弊端,5
覬覦,5
沒頭沒腦,5
醋罈子,5
謗書,5
嗟悔無及,7
神經質,5
惟我獨尊,7
煽誘,5
棘手,5
狗仗人勢,7
氣衝鬥牛,7
罵不絕口,7
嬌縱,7
吝惜,5
輸理,5
難以溝通,5
渣滓,5
酸不溜丟,5
歪歪扭扭,5
大大咧咧,5
玩世不恭,7
精神不振,5
脾氣暴,5
積重難返,7
名高難副,5
敗將,5
言過其實,5
冷冷,3
不容置喙,7
宰割,7
侮蔑,7
居心叵測,5
一着不慎，滿盤皆輸,3
漫天要價,5
聚斂無厭,7
偏私,3
過分,3
爭嘴,3
叱問,3
呵斥,3
勞役,5
口舌,3
澀苦,3
招致不幸,9
曇花一現,3
自相魚肉,7
不毛之地,5
才高運蹇,5
衰萎,5
荒寂,7
綁匪,5
兇橫,3
嚴苛,3
妖魔,5
咒罵,7
罪愆,9
唯命是聽,7
鐵公雞一毛不拔,9
偷偷,9
委靡不振,9
不仁不義,9
有一套,9
吆三喝四,9
刁賴,7
腐臭,9
假仁假義,9
尖嘴猴腮,7
拿腔拿調,7
煮豆燃萁,9
老謀深算,5
髒亂差,9
恩斷義絕,9
窮奢極欲,7
下流,7
苛捐雜稅,7
心懷鬼胎,7
欺人自欺,9
貪官蠹役,9
市井之徒,7
貪生怕死,7
輕諾寡信,7
腸肥腦滿,5
嫌貧愛富,5
造謗生事,5
忍心害理,7
殺人如蓺,7
求全之毀,3
臨陣脫逃,5
望風而逃,5
惹事招非,7
作奸犯科,7
洗垢球瘢,7
三頭兩面,3
鬥雞走狗,5
城狐社鼠,5
百般奉承,3
迷昏湯,5
貌似公正,5
見錢眼開,7
貪夫殉財,7
誅求無厭,7
狡滑,1
挑釁,5
心毒,9
倚老賣老,5
褊狹,7
油嘴,5
粗製濫造,5
言而無信,7
阿諛,7
養癰貽患,3
矇混,1
撒刁,5
辱沒,5
無錢吃酒，妒人面赤,5
不值一哂,5
專制,5
垂涎三尺,7
貪婪無厭,7
孬種,7
奸宄,7
花花公子,5
荒淫無恥,7
狡辯,5
爾詐我虞,3
耍手段,1
投其所好,3
千夫所指,9
扒皮,3
背叛,5
敝屣,3
狡猾,5
揚揚自得,1
扯白,3
稱大,3
侈糜,9
醜行,5
穿鑿,3
粗浮,7
催迫,5
恫嚇,3
毒計,7
犯賤,7
放恣,5
非禮,5
匪穴,5
姑寬,5
官氣,5
胡扯,1
花腔,1
賄選,3
坑蒙,3
劣跡,5
賣友,5
冒瀆,3
滅口,5
謀陷,5
奴役,7
扒手,7
貪生,5
外禍,5
吸毒,5
嫌憎,5
遭難,5
爭寵,5
阻塞,5
含混不清,5
黑洞洞,3
絮叨,9
令人不安,7
亂騰騰,5
多愁善感,3
聒耳,1
埋怨,5
怨言,3
笨重,1
磨磨蹭蹭,3
打岔,3
嘮叨,3
掉價,3
煩冗,1
迷途,3
拖累,5
怨偶,5
犯急,5
日坐愁城,1
羅掘俱窮,7
玉石俱焚,3
力不從心,3
倒戈卸甲,7
徒勞,5
無理取鬧,7
臆測,5
詛咒,7
竊位素餐,9
卑鄙無恥,9
利慾薰心,5
論調,3
朋比爲奸,5
欺侮,5
誣告,5
罪行,5
寄生蟲,3
二奶,3
冷嘲熱諷,3
謬種,7
賤骨頭,7
低賤,5
礙眼,5
死氣沉沉,5
溽暑,3
邪魔外道,5
桀犬吠堯,7
費盡心機,3
一蹶不振,7
陰魂不散,7
狐疑未決,1
笑面夜叉,5
妖言惑衆,7
一手包辦,5
張眉努眼,5
諂上欺下,5
棄甲曳兵,3
牛頭馬面,7
穿窬之盜,7
血流漂杵,5
娼妓,5
竄擾,5
盜寇,7
得計,1
獨夫,5
惡名,5
販黃,3
勾連,3
拐賣,5
裹亂,5
海匪,3
黑錢,3
禁錮,3
狂吠,5
累贅,5
流言,3
婁子,5
擄掠,5
亂套,5
傷神,5
添亂,5
兇手,5
怨府,5
無賴,9
無賴,9
望風捕影,3
自相矛盾,9
懵懵懂懂,9
雜七雜八,5
先意承志,5
意氣,5
落花流水,3
折磨,5
辣手,7
亡命,7
彆彆扭扭,5
順口,3
慘絕人寰,3
數米而炊,5
左袒,3
輕飄,5
天昏地暗,3
掣肘,5
不濟事,7
隨心所欲,3
丟人,7
粗獷,3
行賄,5
倖臣,5
絮絮,5
狐羣狗黨,5
意馬心猿,5
因公假私,5
淫心匿行,5
鷹擊毛摯,5
營私罔利,5
有氣沒力,5
誘秦誆楚,5
予取予攜,5
魚龍曼延,7
魚驚鳥散,7
逾牆窺蠙,7
榆瞑豆重,7
語近詞冗,5
鬻雞爲鳳,5
元惡大奸,9
託庇,5
拖後腿,7
玩狎,7
王八,7
爲難,5
陪了夫人又折兵,7
面牆而立,5
綿力薄材,5
梧鼠五技,3
翻來覆去,5
隔牆有耳,3
狠吞虎咽,3
繫風捕影,5
十步九回頭,7
趑趄不前,5
依樣畫葫蘆,5
事不關己，高高掛起,3
撮鹽入火,5
不置褒貶,3
喏喏連聲,5
閉門羹,5
不見棺材不落淚,5
硜砭之愚,5
送去迎來,1
送舊迎新,5
隨波逐浪,7
遂迷忘反,9
損上益下,9
踏故習常,7
汰劣留良,7
貪功起釁,7
貪位慕祿,9
饕口饞舌,5
桃李之饋,5
騰雲駕霧,7
鶗鴂彫卉,7
天方夜譚,5
天年不遂,7
添枝加葉,7
挑三撥四,7
挑脣料嘴,7
同流合汙,7
同塵合汙,7
頭梢自領,5
頭痛額熱,3
投卵擊石,9
糖衣炮彈,7
逃難,5
套交情,5
觸目,7
村學究語,5
寸長尺技,5
打死虎,7
大吆小喝,5
代越庖俎,5
誕幻不經,5
彈空說嘴,5
刀光血影,5
倒打一耙,5
道東說西,5
道微德薄,5
道殣相屬,5
雕蟲小巧,5
彫蟲篆刻,5
蹀躞不下,5
丟三拉四,5
東遊西逛,5
花槍,5
懷鬼胎,3
黃口小兒,1
呱嗒,3
光蛋,3
強文假醋,7
敲竹槓,7
巧偷豪奪,5
區聞陬見,5
雀目鼠步,9
鵲巢鳩佔,6
人亡家破,5
人面狗心,5
如此而已,5
入海算沙,5
三災六難,5
三紙無驢,5
桑中之喜,5
喪家之狗,5
山上無老虎，猴子稱大王,5
山窮水絕,5
訕皮訕臉,5
傷弓之鳥,5
捨近求遠,5
身不遇時,5
身首異地,5
神眉鬼眼,5
神號鬼哭,5
神機鬼械,5
屍祿素飡,5
失時落勢,5
失魂蕩魄,5
刺激,5
從犯,7
粗活,5
錯別字,3
造化小兒,5
油頭滑腦 ,5
衷曲,7
少氣無力,7
煙視媚行,7
舌敝脣焦,7
筋疲力盡,7
頭重腳輕,7
落月屋梁,7
畏威懷德,7
力不勝任,5
無從下手,7
大旱雲霓,7
延頸舉踵,7
心蕩神迷,7
一則以喜，一則以懼,7
叨在知己,7
撫心自問,7
怒火中燒,9
慣憤不平,9
痛定思痛,9
惙怛傷悴,9
報喪,9
暴風雨,5
悲歌,5
背氣,3
崩漏,7
鼻咽癌,7
壁上觀,7
貶責,7
誤事,5
西洋景,5
戲耍,3
現行犯,3
灑狗血,1
散落,5
喪禮,7
掃滅,5
瑟瑟,5
傻勁兒,3
傷亡,5
改竄,7
假託,3
披麻救火,1
飄茵落溷,3
貧賤驕人,7
破卵傾巢,7
七竅冒火,9
奇想天開,3
騎鶴維揚,5
棄義倍信,5
千災百難,9
前瞻後顧,9
默哀,7
依仗,7
貽誤,5
應付,7
御用,7
原子炸彈,7
雲翳,5
暈車,5
砸飯碗,7
糟改,7
增殖,7
存亡絕續,7
福無雙至,7
積羽沉舟,7
首當其衝,7
象齒焚身,7
不足爲據,7
強顏爲笑,7
百足之蟲，死而不僵,7
有錢使得鬼推磨,7
鑽皮出羽,7
強死強活　,7
未能免俗,5
立足之地,5
九霄雲外,5
手澤之遺,7
海市蜃樓,7
污泥濁水,7
不足,5
裁汰,7
殘疾,7
插腳,7
攙和,7
引車賣漿,5
營私植黨,5
遊蜂戲蝶,5
遊戲翰墨,5
有我無人,5
有氣無力,5
有聲沒氣,5
予智予雄,7
魚龍漫衍,7
逾牆鑽穴,7
愚夫蠢婦,5
語言無味,5
玉石不分,5
遇事生端,7
鬻寵擅權,5
元奸巨惡,9
各爲其主,5
竭澤而漁,7
糊塗,3
乳臭末幹,5
蔽聰塞明,5
有限如盲,5
駑馬鉛刀,5
庸醫殺人,3
寡聞少見,5
淺見,3
坎井之蛙,5
了不長進,5
東張西望,1
大聲疾呼,3
指桑罵槐 ,5
徒宅忘妻,7
以指撓沸,5
鋒芒不露,5
閉目塞聽,5
以耳代目,5
一棍子打死,7
扣槃捫燭,5
奉行故事,3
以古非今,5
知白守黑,3
作壁上觀,5
落落穆穆,5
聽任,5
大題小做,3
不相聞問杜門謝客,5
捩手覆羹,9
伶仃孤苦,9
零丁孤苦,9
流離顛疐,9
柳眉剔豎,7
龍血玄黃,7
龍首豕足,7
鏤冰雕朽,7
鏤脂翦楮,7
鹿皮蒼璧,1
鸞孤鳳只,5
亂墜天花,3
論短道長,3
履舄交錯,1
麻痹大意,5
馬去馬歸,3
罵天咒地,5
買爵販官,7
賣主求榮,7
賣官賣爵,7
謾藏誨盜,5
漫天過海,5
盲人說象,5
毛髮悚然,9
貌是心非,1
沒沒無聞,1
沒眉沒眼,1
門堪羅雀,7
黽穴鴝巢,7
迷而不反,9
迷魂淫魄,3
靡衣偷食,7
靡然順風,3
如意算盤,5
如蹈水火,5
乳臭未除,5
入主出奴,5
枘圓鑿方,5
三人成虎,5
三長四短,5
三從四德,5
喪魂失魄,5
山窮水斷,5
扇風點火,5
傷化敗俗,5
捨近即遠,5
射利沽名,5
身心交瘁,5
深仇宿怨,5
深奸巨猾,5
神鬱氣悴,5
屍祿素餐,5
失張失志,5
失精落彩,5
古董,5
故紙堆,1
官話,2
褪套兒,5
託馬斯主義,5
玩兒完,5
亡國,5
忘形,5
微詞,5
局高蹐厚,7
卷席而葬,7
決疣潰癰,9
覺人覺世,1
刻骨崩心,9
口耳相傳,5
叩心泣血,9
狂三詐四,7
來者不善，善者不來,7
狼子獸心,7
狼突豕竄,7
狼餐虎噬,7
狼顧麕驚,9
勞身焦思,3
樂昌分鏡,7
樂極悲生,5
冷窗凍壁,3
離鄉別土,9
離鸞別鶴,5
連宵達旦,5
連篇累幀,3
斂手屏足,5
臉紅筋暴,7
兩肩荷口,7
兩頭三緒,5
遼東豕,5
落落難合,5
手足重繭,5
豬突豨勇,5
死不足惜,7
人棄我取,5
曾經滄海,7
不以爲恥,7
威信掃地,5
長袖善舞,7
同惡相求,7
簧舌,5
渾蛋,5
見風是雨,5
見彈求鶚,5
江山易改，秉性難移,5
江湖騙子,5
驕奢淫泆,5
焦眉愁眼,5
角巾私第,5
桀傲不馴,5
借交報仇,5
金瓶落井,5
進退失措,5
進退狐疑,5
進退無途,5
進退維艱,5
驚心喪魄,5
驚慌無措,5
脛大於股,5
鳩奪鵲巢,5
酒食徵逐,5
居利思義,5
質傴影曲,5
智小謀大,7
重財輕義,7
驟不及防,5
誅求無度,7
助桀爲惡,7
抓乖賣俏,7
墜溷飄茵,5
拙嘴笨腮,5
捉衿見肘,7
錙銖較量,7
祖龍之虐,7
鑽穴逾隙,5
鑽隙逾牆,5
醉死夢生,7
左建外易,5
作舍道邊,5
坐失機宜,5
做鬼做神,5
亂墳崗,4
麻痹,4
孤恩負德,7
如蟻附羶,9
撒嬌撤癡,5
賊喊捉賊,5
橫眉豎眼,5
爲富不仁,7
離經叛道,5
退有後言,5
虛詞詭說,9
言行相詭,9
矜功自伐,9
煞有介事,9
耀武揚威,9
貪多務得,7
慾望難填,9
賣李鑽核,9
有利可圖,5
數米量柴,9
遊閒公子,9
無精汀採,5
無影無蹤,5
偏信則闇,5
結駟連騎,9
食不厭精，膾不厭細,9
同氣相求,9
俟河之清,9
隨波逐塵,7
碎屍萬段,9
損之又損,9
貪生畏死,9
貪財好色,7
探頭探腦,3
饕風虐雪,3
討是尋非,7
天下烏鴉一般黑,9
天打雷劈,9
天年不測,7
天高皇帝遠,7
添枝接葉,7
恬不知羞,7
挑三豁四,7
挺胸凸肚,7
同敝相濟,7
偷合苟從,7
頭上安頭,7
頭癢搔跟,7
投畀豺虎,9
鬥而鑄錐,5
豆萁相煎,5
毒瀧惡霧,7
獨是獨非,5
阿意取容,3
惡聲惡氣,5
凡偶近器,5
放刁把濫,5
飛災橫禍,5
非驢非馬,5
分斤撥兩,5
焚林而畋,5
焚琴煮鶴,7
風雨如磐,5
狠命,5
低能兒,7
抵罪,5
地主階級,5
掉舌,3
誇口,3
郎當,5
虧空,7
困處,7
拋臉,6
炮艦政策,5
偏食,5
駢枝,5
逐客令,7
抓茬兒,7
惴惴,7
搶地呼天,9
強弩之極,7
強文溮醋,7
敲冰求火,6
曲意迎合,5
鵲巢鳩居,6
惹事生非,4
人心不古,8
人莫予毒,5
日落西山,3
搶白,5
蹺蹊,3
竊竊,5
舞文飾智,5
惜指失掌,5
嘻笑怒罵,7
夏蟲語冰,5
先意承顏,7
閒神野鬼,3
衒玉自售,3
鄉壁虛造,5
橡茹藿歠,5
小醜跳樑,7
心如刀剉,5
心神不寧,5
心慌意急,7
心殞膽落,9
心驚膽寒,9
耍子,5
列強,7
醜婆子,7
蹙蹙靡騁,5
打雞罵狗,5
大煞風景,7
呆似木雞,5
戴高帽兒,5
膽小如豆,5
膽寒發豎,9
黨同伐異,5
倒持戈矛,5
道聽耳食,5
得步進步,5
低頭哈腰,5
雕蟲末伎,5
釣名要譽,5
調嘴調舌,5
丟魂丟魄,7
東抄西襲,5
東家效顰,5
東誆西騙,5
逃奔,5
逃亡,5
天曉得,7
跼天蹐地,5
拒人千里,7
距人千里,3
捐殘去殺,5
撧耳揉腮,9
撅坑撅塹,9
開門延盜,5
開鑼喝道,3
慷慨悲歌,7
克伐怨欲,3
口如懸河,3
扣壺長吟,7
枯本竭源,5
枯魚病鶴,7
刳胎殺夭,7
胯下蒲伏,7
款學寡聞,5
狂朋恠友,9
潰兵遊勇,7
拉大旗作虎皮,5
狼羊同飼,5
狼狽周章,7
狼嚎鬼叫,9
浪跡萍蹤,5
勞筋苦骨,5
樂往哀來,7
樂嗟苦咄,7
離本依末,3
離鄉背土,9
利災樂禍,7
轢釜待炊,9
連明達夜,5
連理分枝,7
連篇絫牘,3
臉無人色,7
兩面二舌,3
臨深履薄,5
便宜行事,3
惹草拈花,5
貂裘換酒,5
一唱一和,3
強壓,5
翹辮子,9
手重,5
耍錢,5
無獨有偶,3
析律舞文,7
洗垢求瑕,5
下陵上替,5
涎言涎語,7
嫌好道惡,5
梟蛇鬼怪,5
小黠大癡,7
邪門歪道,7
心不應口,5
心浮氣粗,7
心寒膽戰,9
興妖作亂,7
哭窮,5
賴帳,7
披毛求疵,1
片甲不回,1
飄樊落溷,3
貧嘴薄舌,5
曝骨履腸,7
欺君罔上,5
其勢洶洶,5
騎鶴上揚州,5
乞窮儉相,3
氣急敗喪,7
氣斷聲吞,9
棄家蕩產,7
棄舊憐新,7
千人所指,9
遷臣逐客,7
不中,5
裁處,7
殘廢,7
藏掖,5
貽害,7
原子武器,7
怨望,7
雜霸,9
賊髒,7
鼎魚幕燕,7
凶多吉少,9
禍福無門,7
山高水低,7
陷身囹圄,7
外強中乾,7
直木先伐,7
奉頭鼠竄,7
世風日下,7
自用則小,7
千呼萬喚　,5
備位充數　,7
豎子成名　,7
繁文縟節　,5
列風淫雨,7
月明千里,5
一草一木,5
剖腹藏珠,9
團團轉,7
食少事煩,7
民怨,5
磨洋工,5
木訥,3
轉臉,7
裝腔,8
追逼,7
愛富嫌貧,5
暗箭傷人,5
拔苗助長,5
跋扈飛揚,5
百弊叢生,5
敗俗傷風,5
半上落下,5
幫虎吃食,5
薄脣輕言,5
卑諂足恭,5
杯影蛇弓,5
背義忘恩,5
志廣才疏,7
重氣輕命,7
譸張爲幻,7
誅盡殺絕,7
銖施兩較,7
豬朋狗友,7
逐物不還,5
杼柚之空,5
鑄木鏤冰,5
抓破面皮,5
專欲難成,5
追懽賣笑,7
捉衿露肘,7
擢筋剝膚,7
足不出戶,5
鑽穴逾牆,5
鑽懶幫閒,5
左支右吾,5
作奸犯罪,7
坐井窺天,5
坐而待弊,5
反面無情,5
庸言庸行,5
髒心爛肺,7
謀財害命,9
率獸食人,9
叛逆,5
故作高深,5
閃爍其辭,3
自賣自誇,5
假相,3
言而無情,9
驕傲,5
炫耀,9
放蕩不羈,9
前倨後恭,9
一錢如命,9
坐地分髒,3
不稼不穡,5
不堅定,5
日食萬錢,9
一擲百萬,9
見風使帆,5
江山好改，本性難移,5
江淹才盡,5
澆淳散樸,5
驕奢放逸,5
焦思苦慮,5
焦脣乾肺,5
狡焉思肆,5
桀貪驁詐,5
截趾適履,5
解衣包火,5
斤斤較量,5
進退迍邅,5
進退無依,5
進退路窮,5
進銳退速,5
驚心眩目,5
驚心駭目,5
驚肉生髀,5
驚魂奪魄,5
井管拘墟,5
鏡分鸞鳳,5
鳩佔鵲巢,5
九閽虎豹,5
救燎助薪,5
局天扣地,5
亂麻麻,5
馬糊,4
至毒,9
褎如充耳,7
鬢亂釵橫,7
視丹如綠,7
飢腸轆轆,7
迷頭認影,7
人去樓空,7
懸腸掛肚,7
思深憂遠,7
跋前躓後,7
無可奈何,7
不知輕重,7
急於求成,7
引領而望,7
中心搖搖,7
魂不守舍,7
揎拳捋袖,9
怏怏不樂,9
萬箭攢心,9
五內俱焚,9
抱病,7
暴舉,7
揹債,5
奔突,5
崩塌,5
避諱,7
東撈西摸,5
東闖西踱,5
鬥挹箕揚,5
鈍口拙腮,5
阿世取容,3
翻手雲覆手雨,5
飯囊衣架,5
放僻邪侈,7
分金掰兩,5
風言醋語,5
河蟹,5
黑暗,7
忽悠,5
虎穴,5
地區霸權主義,7
劣馬,5
流寇主義,5
顯形,5
現世,5
撒酒瘋,5
散毒,5
喪服,7
臊氣,5
沙場,5
傷口,3
跑警報,7
泡病號,5
偏向,6
貧骨頭,7
潑辣,7
凜若冰霜,5
另楚寒巫,3
流言飛語,7
柳泣花啼,7
六朝金粉,9
龍江虎浪,7
龍蛇混雜,7
魯魚帝虎,1
鹿馴豕暴,7
路叟之憂,5
鸞分鳳離,5
亂作一團,7
論長說短,3
驢脣馬觜,7
旅進旅退,5
馬上房子,7
馬腹逃鞭,3
買笑迎歡,7
賣兒貼婦,7
賣笑追歡,7
謾天謾地,5
慢藏誨盜,5
忙不擇價,7
毛羽未豐,5
冒名接腳,7
沒可奈何,5
沒精塌彩,7
夢魂顛倒,7
迷花沾草,7
迷離徜恍,5
靡靡之聲,3
胡思亂量,5
胡謅亂道,5
譁世取名,7
渾淪吞棗,5
火妻灰子,9
吉網羅鉗,5
即鹿無虞,5
寄人檐下,5
加膝墜淵,5
假譽馳聲,5
揀精揀肥,7
教唆犯,7
月露之體,3
贓私狼藉,5
造惡不悛,5
賊臣逆子,5
札手舞腳,5
沾泥帶水,3
招花惹草,5
朝歌夜弦,5
指手劃腳,5
指雁爲羹,5
僞軍,7
文化買辦,5
污毒,5
無方,5
投間抵隙,7
徒託空言,5
途窮日暮,9
土偶蒙金,7
推聾妝啞,7
屯毛不辨,7
託鳳攀龍,7
唾壺敲缺,7
瓦釜雷鳴,9
歪心邪意,7
外感內傷,7
玩歲愒時,7
亡不旋跬,7
亡國之音,7
亡可奈何,7
枉己正人,7
枉費工夫,7
妄談禍福,7
望風而遁,7
望峯息心,7
望塵拜伏,7
爲鬼爲蜮,9
爲德不終,7
爲淵驅魚，爲叢驅雀,9
違強陵弱,7
帷箔不修,9
惟日不足,9
未竟之志,9
文身翦發,7
聞風遠遁,9
問諸水濱,7
甕聲甕氣,7
握拳透爪,9
污手垢面,5
烏飛兔走,7
屋下作屋,7
無了根蒂,7
無孔不鑽,7
無地自處,9
無如奈何,7
無所用之,7
無所施其技,7
無毒不丈夫,7
無計可奈,7
無倚無靠,7
無能爲役,7
停學,5
通姦,5
偷嘴,7
土石方,7
頹廢主義,7
活罪,5
面面相睹,4
面譽背非,5
目光如鼠,5
目動言肆,5
拿班做勢,6
泥豬癩狗,5
拈酸吃醋,5
鳥駭鼠竄,8
攀炎附熱,6
旁搖陰煽,6
十米九糠,5
拾陳蹈故,5
使乖弄巧,5
屎屁直流,5
事與原違,5
飾非養過,5
視遠步高,5
室徒四壁,5
手不應心,5
書生之見,5
鼠入牛角,5
鼠屎汙羹,5
鼠臂蟣肝,5
數典忘祖,5
束手無計,5
束手聽命,5
樹同拔異,5
霜露之悲,5
順口開河,5
說白道黑,5
司馬青衫,5
死有餘責,5
死別生離,5
死樣活氣,5
搗毀,5
變臉,5
變心,3
殯儀館,5
兵變,5
病牀,5
病害,5
病象,5
波盪,5
補考,7
不啻,7
不夠,5
不可,5
不敏,5
不外,5
不消,7
小抄兒,3
捨棄,5
身世,3
失掉,5
失口,3
失竊,5
失手,5
驕蹇,7
絞殺戰,7
藉故,5
鬧彆扭,5
悠謬,9
窳惰,5
腸阻塞,5
唱對臺戲,5
沉吟,5
吃不來,5
癡想,5
播穅眯目,5
不直一文,5
不知疼癢,5
不落邊際,5
不經之語,5
不擇生冷,5
不避斧鉞,5
不識局面,5
不辯菽麥,5
差若毫釐，謬以千里,5
豺狼橫道,5
刖趾適屨,5
贓私狼籍,5
賊臣亂子,5
沾風惹草,5
招事惹非,5
朝歌暮弦,5
證龜成鱉,5
指李推張,5
指瑕造隙,5
面諛背毀,5
謬想天開,5
目睫之論,5
泥車瓦馬,5
逆天暴物,6
黏皮着骨,5
鳥驚鼠竄,7
怕痛怕癢,5
旁門小道,6
十眠九坐,5
食不充飢,5
食不終味,5
食荼臥棘,5
使心作倖,5
使酒罵座,5
飾非拒諫,5
視財如命,5
室如縣罄,5
適得其反,5
守缺抱殘,5
獸心人面,5
鼠肝蟲臂,5
鼠腹蝸腸,5
鼠竊狗偷,5
束手坐視,5
束手就殪,5
束蒲爲脯,5
豎子成名,5
雙鳧一雁,5
順我者生，逆我者死,5
說是談非,5
死乞百賴,5
死灰槁木,5
死敗塗地,5
死聲淘氣,5
胡作亂爲,7
怙才驕物,7
滑泥揚波,5
黃口孺子,5
誨淫誨盜,5
混混噩噩,5
火上加油,5
雞犬昇天,7
雞飛狗跳,7
極重難返,7
集矢之的,7
假公營私,5
百舍重趼,5
卜晝卜夜,5
"上無片瓦,下無插針之地",5
厭齏暮鹽,5
飫甘饜肥,3
委肉虎蹊,5
鴻雁哀鳴,5
八卦,5
敗陣,5
包打聽,5
蒙難,3
投膏止火,7
徒擁虛名,5
吐剛茹柔,7
推枯折腐,9
頹垣斷塹,9
吞舟是漏,9
吞聲飲泣,7
託公行私,7
挖耳當招,9
瓦器蚌盤,7
外強中乾,7
外彊中乾,7
剜肉醫瘡,7
玩時愒日,7
亡國大夫,7
亡魂失魄,9
枉口拔舌,7
枉物難消,7
枉墨矯繩,7
望風希指,7
爲非作惡,7
違天害理,9
違條舞法,7
幃薄不修,9
惟利是趨,9
未知萬一,9
文婪武嬉,7
文過遂非,7
問道於盲,7
甕裏醯雞,9
握風捕影,7
無人之地,7
無毛大蟲,7
無功受祿,7
無可柰何,7
無地可容,9
無名小卒,7
無米之炊,7
無私有弊,7
無明業火,7
無服之殤,7
無風作浪,7
無洞掘蟹,7
無家無室,7
無情無緒,7
無間可乘,7
凍傷,7
毒瘤,7
眼暈,5
老好人,3
雷害,5
冷淡,5
例行公事,5
牽就,5
畫無人色,9
慌不擇路,8
聞雷失箸,8
驚心悼膽,8
眼中釘,8
輕嘴薄舌,7
啞口無言,7
指天畫他,7
脣槍舌劍,6
話中有話,7
說三道四,7
徒讀父書,8
言外之意,7
面面相窺,4
面譽背譭,5
明搶暗偷,6
命薄緣慳,6
謀圖不軌,5
目使頤令,7
拿粗挾細,6
撓腮撧耳,6
泥古拘方,5
拈酸潑醋,5
鳥聲獸心,5
囁嚅小兒,5
弄鬼妝幺,5
嘔心抽腸,8
攀高結貴,6
卻步,5
認輸,5
戎首,5
行不副言,5
朽木不可雕,7
掩耳盜鍾,7
說情,5
風雨晦暝,5
膚末支離,5
扶牆摸壁,5
浮花浪蕊,5
負材矜地,7
附會穿鑿,5
附驥攀鱗,7
高高在上,7
隔壁攛椽,5
公報私仇,5
功成骨枯,7
拱手聽命,5
狗心狗行,9
狗追耗子,7
狗盜雞鳴,7
狗續貂尾,5
鐵幕,5
聽信,5
偷襲,7
頭難,7
圖謀,7
土狗子,5
容克地主,5
肉中刺,7
私娼,5
私情,5
訴苦,5
行若狗彘,7
掩耳偷鈴,7
牢獄,5
老臉,5
離格兒,3
長嘆,7
超支,5
沉滄,5
懲治,7
赤黴病,7
鬧意見,5
牛角尖,5
恇怯不前,7
舌撟不下,7
畏敵如虎,7
迷戀骸骨,8
狹路相逢,8
仇人相見，分外眼紅,8
脣焦舌敝,8
婦姑勃谿,7
史弟鬩於牆,7
博土買驢,6
相提並論,7
吹大法螺,8
異端邪說,7
意在言外,6
不知痛癢,5
不值一笑,5
不測之罪,5
不學無識,5
不識泰山,5
操戈同室,5
黯然,5
巴兒狗,3
罷職,5
擺樣子,5
半吊子,5
幫倒忙,5
彩風隨鴉,5
單鵠寡鳧,3
雨淋日炙,5
玉樓赴召,5
優患餘生,5
艱難竭蹶,5
衣食不周,5
紅顏薄命,5
蝨處褌中,5
茫然,3
糜費,3
扁平足,3
變色,3
變種,3
辯難,5
瘭疽,5
別是,5
擯斥,5
冰窖,3
兵亂,7
病篤,7
病粒,5
病原體,7
波濤,3
薄命,7
補正,7
不得已,7
不快,5
不平等條約,7
不穩平衡,5
不旋踵,5
膚粟股慄,9
浮石沉木,5
浮雲蔽日,9
負德孤恩,9
附膚落毛,7
腹有鱗甲,5
幹名採譽,5
膏脣岐舌,7
各人自掃門前雪，莫管他家瓦上霜,5
攻其一點，不及其餘,5
狗拿耗子,7
狗頭鼠腦,7
沽名幹譽,7
響馬,5
宵小,5
小人,5
斜楞,3
燒傷,3
身故,7
生氣,5
失禁,5
失明,5
失時,3
失言,5
氣味,5
面是背非,5
明火執械,7
謬妄無稽,5
目不見睫,7
目指氣使,7
目無餘子,5
暮翠朝紅,5
南郭處士,6
黏皮帶骨,5
鳥驚魚駭,7
弄眉擠眼,5
怕死貪生,5
槃木朽株,6
朋比作奸,7
行徑,5
絮語,5
精神病,3
意氣用事,5
因陋就寡,5
淫言狎語,5
託病,5
拖欠,5
挖牆腳,5
違拗,5
各不相謀,5
焚林而獵,7
親痛仇快,7
如墮五里霧中,3
錯認顏標,5
一物不知,3
甕天之見,7
東扶西例,5
姑妄聽之,5
拳打腳踢,7
租心浮氣,3
一推六二五,5
一朝權在手，便把令來行,5
舉一廢百,5
日中必熭,5
食之無味，棄之可惜,5
襲人故智,5
依流平進,5
勇而無謀,5
冷談,5
束之高閣,3
傲一天和尚撞一天鐘,5
不值一顧,5
委屈求全,5
依附,5
不通水火,5
不劣方頭,5
逃匿,5
淘神,3
天才論,3
挑眼,3
熾燥,5
吹大氣,7
存十一於千百,5
寸長尺短,5
大逆無道,7
大興土木,5
帶水拖泥,5
膽喪魂消,9
誕妄不經,5
倒因爲果,5
道西說東,5
雕心鷹爪,7
彫蟲小技,5
雕蟲薄技,5
調脣弄舌,5
跌腳捶胸,5
鰈離鶼背,5
丟盔拋甲,5
東窗事犯,5
花樣,5
壞處,3
黃毛丫頭,1
鶻突,6
刺激性毒劑,7
粗腿病,7
大國主義,5
目光如豆,7
視而不見，聽而不聞,9
豆重榆瞑,7
精疲力竭,7
春露秋霜,7
隻雞絮酒,7
白日做夢,7
百辭莫辯,7
鬱鬱寡歡,7
大惑不解,7
歸心如箭,7
一鍬掘個井,7
靦顏人世,7
少壯不努力，老大徒傷悲,9
內視反聽,7
何去何從,7
乘興而來,7
癇入骨髓,9
報應,7
暴洪,7
悲觀主義,7
背約,5
崩落,5
匕首,5
斃命,5
貶謫,7
下藥,5
顯擺,3
現形,3
喪偶,7
掃墓,5
森然,7
潸然,3
傷兵,3
傷員,3
嫁禍,5
賤人,5
偏鄉僻壤,5
飄茵墮溷,3
貧嘴惡舌,5
破玩意兒,3
奇談怪論,3
騎揚州鶴,5
棋輸先著,3
杞國之憂,5
棄好背盟,5
錢可通神,9
遺毒,7
應卯,5
暈池,5
災患,9
糟害,7
憎稱,7
腹背受敵,7
生死存亡,9
覆巢無完卵,7
水火兵蟲,7
龜毛兔角,7
奔走呼號,5
人地生疏　,5
末學膚受　,5
窮山惡水,7
懸崖峭壁,7
千山萬水,7
咫尺千里,7
千迴百轉,5
不義之財,7
輕於鴻毛,7
千迴百折,7
曠日持久,7
布氏桿菌病,7
殘局,5
插嘴,7
攙雜,7
鷹瞵虎視,5
營營苟苟,5
遊蜂浪蝶,5
遊手偷閒,5
有聲無氣,5
魚目混珍,7
逾牆鑽蠙,7
愚夫愚婦,5
鳶肩豺目,5
各持己見,5
土崩瓦解,7
不分皁白,5
少不更事,5
有限不識泰山,5
庸懦無能,5
不識時務,3
擠眉弄眼,3
聲嘶力竭,5
步履維艱,5
有天沒日,7
充耳不聞,5
舒頭探腦,3
洞燭其奸,5
袖手旁觀,3
隻字不提,3
坐觀成敗,3
不足齒數,5
冰山難靠,5
杜門卻掃,5
撩蜂剔蠍,9
另眼看待,3
流汗浹背,7
柳眉倒豎,7
龍門點額,7
龍睜虎眼,7
龍陽泣魚,7
龍蟠鳳翥,7
漏洩春光,3
魯斤燕削,3
鹿死不擇音,3
鸞孤鳳寡,5
亂頭粗服,3
論資排輩,1
捰袖揎拳,5
麻痺不仁,7
馬耳東風,3
馬勃牛溲,9
買上告下,7
買鐵思金,7
賣男鬻女,7
賣空買空,3
埋頭顧影,5
滿目淒涼,7
漫天開價,5
盲翁捫籥,5
毛髮聳然,9
貌是情非,1
沒裏沒外,1
昧己瞞心,7
門單戶薄,7
迷而不返,9
迷魂奪魄,3
靡衣媮食,7
柔筋脆骨,5
如蹈湯火,5
乳臭未乾,5
入地無門,5
枘鑿方圓,5
灑灑瀟瀟,5
三尸五鬼,5
喪膽遊魂,5
山中無好漢，猢猻稱霸王,5
傷心疾首,5
少言寡語,5
捨近務遠,5
射魚指天,5
身敗名隳,5
身微力薄,5
深文巧詆,5
深惡痛疾,5
神不守舍,5
神情不屬,5
神魂盪颺,5
神頭鬼面,5
失之千里，差若毫釐,5
失張失致,5
失驚倒怪,5
刮地皮,3
管見,4
吞沒,5
託派,5
玩弄,5
亡國奴,5
微辭,5
跼天促地,5
踽踽獨行,7
倦尾赤色,9
橛守成規,3
恐後爭先,5
口似懸河,3
枯株朽木,7
鄶下無譏,3
狂朋怪侶,9
拉三扯四,5
狼吃襆頭,7
狼突鴟張,9
狼艱狽蹶,5
勞師糜餉,3
樂昌破鏡,7
樂極悲來,5
樂禍幸災,7
離鄉別井,9
醴酒不設,3
利令志惛,7
連明連夜,5
連宵徹曙,5
連篇絫幅,3
斂怨求媚,7
臉黃肌瘦,3
兩頭和番,7
自怨自艾,7
死而無侮,7
全無心肝,7
狗嘴裏吐不出象牙,3
青蠅點素,7
抗塵走俗,7
見豕負塗,5
見風轉篷,5
見錢眼紅,5
江山易改，稟性難移,5
將天就地,5
驕生慣養,5
膠柱調瑟,5
焦眉皺眼,5
角戶分門,5
詰曲聱牙,5
桀驁不恭,5
今月古月,5
金釵換酒,5
進退失圖,5
進退首鼠,5
進退無措,5
驚心裂膽,5
驚弦之鳥,5
驚惶無措,5
驚羣動衆,5
井底鳴蛙,5
敬小慎微,5
靖言庸回,5
鏡裏採花,5
鳩僭鵲巢,5
久束溼薪,5
酒病花愁,5
鷙狠狼戾,1
重氣輕生,7
侜張爲幻,7
逐近棄遠,5
助桀爲暴,7
祝不勝詛,5
抓破臉子,5
轉喉觸諱,7
追趨逐耆,5
贅食太倉,7
捉衿肘見,7
鄒纓齊紫,5
作法自弊,7
坐地自劃,5
做神做鬼,5
鑿骨搗髓,7
亂倫,5
麻煩,7
爲虎作張,7
碌碌無奇,5
心懷叵測,3
上樓去梯,7
無所不用其極度,9
虎視眈眈,5
一蛇兩頭,9
五毒懼全,9
虛倩假意,9
瞞心昧己,7
炫玉賈石,9
人模人樣,5
裝怯作勇,9
威迫利誘,9
衣繡晝行,9
恣行無忌,9
貪夫徇財,9
一漿十餅,3
眼皮子薄,5
坐享其成,9
這山望着那山高,9
送往迎來,1
俗下文字,5
隋珠彈雀,7
隨俗沈浮,7
隨聲吠影,7
碎瓦穨垣,5
貪生惡死,9
貪慾無厭,7
談過其實,7
忐上忑下,7
探頭縮腦,3
堂皇冠冕,7
討流溯源,7
天年不齊,7
天奪之年,9
添枝增葉,7
恬不知愧,7
挑茶斡刺,7
同牀各夢,7
同惡共濟,7
偷香竊玉,7
頭上著頭,7
頭稍自領,5
頭會箕斂,7
豆萁燃豆,5
毒魔狠怪,7
遁天妄行,7
阿黨比周,5
惡籍盈指,9
煩文縟禮,5
放刁撒潑,5
飛殃走禍,5
飛謀釣謗,5
肥腸滿腦,5
分文不直,9
分毫不值,9
焚林而狩,5
焚琴鬻鶴,7
狠心,5
糊塗蟲,5
瞪眼,7
堤防,3
底下人,1
誇示,3
哭哭啼啼,7
虧欠,7
困境,7
炮筒子,4
陪綁,6
蓬蓬,6
潑剌,7
贅瘤,7
戕身伐命,5
強弩末矢,7
強鳧變鶴,8
敲冰索火,6
喬文假醋,6
巧語花言,5
輕薄無行,5
曲意奉迎,5
鵲巢鳩踞,6
強告化,7
搶奪,7
喜新厭故,5
衒玉求售,3
橡飯菁羹,5
鴞鳴鼠暴,7
小題大作,7
效顰學步,5
挾細拿粗,5
心如刀鋸,5
心神恍惚,5
心慌撩亂,7
心辣手狠,7
心膽俱碎,9
耍嘴皮子,5
臭乎乎,7
攢鋒聚鏑,7
寸木岑樓,5
寸蹄尺縑,5
大人先生,5
大呼小喝,5
大煞風趣,7
呆如木雞,5
擔雪填井,5
膽小如鼷,5
膽戰心慌,7
淡而不厭,5
黨同妒異,5
倒三顛四,5
道旁苦李,5
雕蟲末技,5
釣名欺世,5
調嘴學舌,5
丟魂喪膽,7
東閃西挪,5
東滾西爬,5
逃遁,5
逃逸,5
跳腳,9
跼高天蹐厚地,5
拒虎進狼,5
鐫空妄實,5
撧耳頓足,7
抉目吳門,7
嚼穿齦血,9
開柙出虎,7
豈有是理,7
慷慨激烈,7
課語訛言,5
摳心挖血,3
口呆目鈍,9
口輕舌薄,7
枯朽之餘,7
枯魚銜索,5
刳胎焚夭,9
狂蜂浪蝶,7
來鴻去燕,3
爛醉如泥,7
狼吞虎噬,9
狼煙大話,7
狼蟲虎豹,9
浪蝶狂蜂,5
樂新厭舊,5
擂天倒地,7
楞手楞腳,3
離本趣末,3
離鄉背井,9
黎庶塗炭,9
力竭聲嘶,9
連明徹夜,5
連章累牘,5
連編累牘,3
兩敗俱傷,3
撩火加油,5
惡居下流,7
認賊爲子,7
搖尾乞伶,7
深文周納,5
竊案,7
侵漁,7
清君側,5
請降,7
耍無賴,5
析辨詭詞,7
蹊田奪牛,7
洗垢求瘢,5
柙虎樊熊,5
鮮衣良馬,5
閒花埜草,5
涎眉鄧眼,7
嫌好道歉,5
現鐘不打,3
銷神流志,7
邪魔怪道,7
心喬意怯,7
心慵意懶,7
興訛造訕,9
披毛求瑕,1
琵琶胡語,3
片甲不留,1
飄籓墜溷,3
七首八腳,5
騎鶴上維揚,5
啓瞶振聾,7
氣充志驕,7
氣消膽奪,9
泣不可仰,9
牽衣肘見,7
磨折,5
木然,3
豬玀,9
主使,7
蛀齒,6
矮人看場,5
愛鶴失衆,5
暗箭難防,5
傲世輕物,5
扒高踩低,5
跋扈恣睢,5
敗德辱行,5
敗國亡家,5
半死半生,5
幫閒鑽懶,5
鮑魚之次,5
卑鄙齷齪,5
杯羹之讓,5
背義負信,5
背盟敗約,5
重義輕生,7
譸張變眩,7
逐末忘本,7
逐宕失返,7
逐影吠聲,7
主少國疑,5
煮鶴焚琴,7
杼柚其空,5
抓破臉皮,5
追歡作樂,5
捉班做勢,5
擢筋割骨,7
足不出門,5
足尺加二,5
鑽天打洞,7
嘴快舌長,5
左支右調,5
左書右息,5
作浪興風,5
坐而待斃,5
辜恩背義,7
起火打劫,7
鄙吝復萌,5
裙屐少年,7
鑑貌辨色,3
如狼牧羊,7
天理難容,9
鼠牙雀角,7
酸文假醋,3
富貴驕人,5
勸百諷一,9
茹柔吐剛,9
羊狠狼貪,9
不敢越雷池一步,5
見異思迂,9
聞風而逃,5
見小闇大,5
見風使船,5
見彈求鴞,5
賤目貴耳,5
江山好改，秉性難移,5
江淹夢筆,5
漿酒藿肉,5
澆醇散樸,5
驕奢淫佚,5
焦眉苦臉,5
燋頭爛額,5
桀傲不恭,5
截脛剖心,5
解衣抱火,5
借公行私,5
進寸退尺,5
進退失所,5
進退兩端,5
進退無所,5
進退維亟,5
晉惠聞蛙,5
驚心駭神,5
驚慌失色,5
驚魂攝魄,5
鏡花水月,5
鳩居鵲巢,5
九關虎豹,5
酒甕飯囊,5
局地扣天,5
亂葬崗子,4
賣狗皮膏藥,5
涕零如雨,9
尋死覓活,7
食不果腹,7
酩酊大醉,7
行成於思,7
睹物思人,7
人亡物在,7
不堪回首,7
南柯一夢,7
當斷不斷，反受其亂,7
巧婦難無火之炊,7
無從措手,7
不堪其憂,7
廢書而嘆,7
不知高低,7
將信將疑,7
感情用事,7
高擡貴手,5
不期而然,7
一朝之忿,9
怨氣滿腹,9
無腸可斷,9
黯然傷神,9
熱淚盈眶,9
抱粗腿,7
暴君政治,5
備不住,7
被告,5
崩症,7
闢謠,7
避忌,7
鞭笞,5
東橫西倒,5
毒蛇猛獸,7
獨行獨斷,5
對牛鼓簧,5
多一事不如少一事,3
阿世媚俗,5
惡貫已盈,9
翻黃倒皁,5
反裘負薪,5
飯囊酒甕,5
放僻淫佚,7
分星撥兩,5
風言影語,3
核訛詐政策,5
黑不溜秋,3
紅不棱登,3
胡攪,5
花不棱登,3
調情,5
劣種,5
涎着臉,5
現行,3
散夥,5
喪家,7
掃蕩,7
沙文主義,5
芟荑,5
傷逝,5
上吊,7
上刑,5
跑龍套,6
捧場,6
劈臉,7
烈火烹油,7
凜若秋霜,5
流言混話,7
六神不安,9
鹵莽滅裂,7
魯魚陶陰,1
露影藏形,5
亂作胡爲,7
論高寡合,5
攞袖揎拳,5
驢鳴犬吠,7
屢次三番,1
履霜之戒,7
馬角烏頭,5
馬瘦毛長,3
買笑追歡,7
賣兒鬻女,7
賣富差貧,7
謾辭譁說,5
忙中有失,7
毛骨竦然,9
貿首之讎,7
沒法奈何,5
沒頭沒臉,5
門可張羅,7
門殫戶盡,9
夢想顛倒,7
迷金醉紙,7
迷離惝恍,5
胡行亂爲,7
胡猜亂想,5
胡謅亂說,5
鶻崙吞棗,5
譁世取寵,7
淮王雞狗,5
回光反照,5
混水摸魚,5
擊排冒沒,5
機關用盡,7
雞飛狗叫,7
極武窮兵,5
堅額健舌,5
孤立無助,7
孤兒寡婦,7
孤儔寡匹,5
穀賤傷農,5
骨瘦形銷,7
鼓脣咋舌,5
故弄虛玄,5
顧小失大,5
刮垢磨光,5
官偪民反,7
貫盈惡稔,9
詭言浮說,5
鬼泣神號,9
鬼哭天愁,9
鬼哭狼嗥,9
鬼瞰高明,5
貴古賤今,5
駭人視聽,7
邯鄲學步,5
寒心消志,5
毫釐千里,7
黑地昏天,9
橫三豎四,5
橫挑鼻子豎挑眼,5
橫衝直闖,5
橫禍飛災,5
鴻鳦滿紙,5
侯門似海,5
厚味臘毒,7
呼牛作馬,7
狐兔之悲,7
狐裘蒙茸,5
實證主義,5
事務主義,5
交際花,7
教條主義,7
僞君子,7
徒託空言,5
頹垣敗井,9
吞風飲雨,7
屯街塞巷,5
託諸空言,5
唾壺擊缺,7
瓦解冰泮,9
歪打正着,7
外厲內荏,7
剜肉生瘡,7
玩日愒時,7
頑父嚚母,7
亡不旋踵,7
亡國之器,7
枉尺直尋,7
枉費心力,7
望風而靡,7
威風掃地,7
爲蛇添足,7
爲人作嫁,7
爲叢驅雀,9
帷薄不修,9
惟日爲歲,9
未成一簣,9
未達一間,9
偎慵墮懶,7
文身斷髮,7
問舍求田,7
握拳透掌,9
烏集之交,7
無了無休,7
無形之罪,9
無所措手,9
無故呻吟,7
無計奈何,7
鐵腕,5
停業,5
捅婁子,7
土包子,7
土司制度,9
腿子,7
十生九死,5
豕分蛇斷,5
使性傍氣,5
屎流屁滾,5
勢窮力屈,5
飾垢掩疵,5
視同秦越,5
逝者如斯,5
手腳無措,5
鼠心狼肺,5
鼠雀之牙,5
鼠竄狗盜,5
數黑論黃,5
束手無措,5
樹倒根摧,5
霜露之感,5
說白道綠,5
司馬昭之心,5
死有餘罪,5
死告活央,5
怠慢,5
搗亂,5
得罪,5
便祕,5
變亂,3
變性,5
婊子,9
瀕危,7
殯葬,5
兵火,5
病毒,5
病號,3
病原蟲,5
不克,3
不佞,5
不韙,7
不行,7
鄉願,5
小綹,3
申雪,7
滲入,3
生變,5
失歡,5
失戀,7
失去,5
失守,5
絞手,7
桀黠,7
藉口,5
鬧鬨,5
泥腿,5
蠅蠅,5
悠繆,9
右派,7
餘孽,9
窳劣,7
唱反調,7
超經濟剝削,5
懲辦,7
吃不上,7
吃教,5
播糠眯目,5
不伏燒埋,5
不直一錢,5
不知就裏,5
不經之說,5
不曉世務,5
不避湯火,5
不識東家,5
操之過切,5
讒口鑠金,5
倡情冶思,5
雲心水性,5
贓官污吏,5
澡垢索疵,3
躁言醜句,5
賊眉賊眼,5
詐奸不及,7
詹言曲說,3
招是生非,5
遮三瞞四,3
政以賄成,5
執文害意,5
植黨自私,5
指皁爲白,5
指親託故,5
明來暗往,5
拿三搬四,6
泥豬瓦狗,5
逆道亂常,6
鳥哭猿啼,7
尿流屁滾,7
駑馬戀棧豆,5
拍馬溜鬚,5
旁門外道,6
獅子大開口,5
十病九痛,5
拾人唾涕,5
食不充腸,5
食不遑味,5
使心彆氣,5
飾非掩過,5
視同兒戲,5
視爲兒戲,5
室如懸罄,5
適情任欲,5
手高眼低,5
守闕抱殘,5
獸困則噬,5
鼠肚雞腸,5
鼠腹雞腸,5
鼠首僨事,5
束手待死,5
束手就斃,5
束椽爲柱,5
霜凋夏綠,5
水中捉月,5
順我者昌，逆我者亡,5
說黃道黑,5
死求白賴,5
孤行一意,9
孤恩負義,9
孤懸客寄,5
骨肉相殘,7
鼓舌掀簧,5
鼓睛暴眼,7
故作玄虛,5
顧而言他,5
顧影弄姿,5
怪形怪狀,5
冠上加冠,5
規行矩止,5
鬼泣神嚎,9
鬼哭神嚎,9
鬼蜮伎倆,9
貴人多忘事,5
貴遠鄙近,5
咳聲嘆氣,5
駭心動目,9
酣歌醉舞,5
韓壽分香,5
好色之徒,7
河東獅子,5
黑漆皮燈,5
橫行直撞,5
橫殃飛禍,7
橫賦暴斂,7
鴻隱鳳伏,5
呼天叫地,9
狐不二雄,9
狐唱梟和,5
狐鳴魚書,5
戶天胡帝,7
矢口,5
收攏,5
胡言亂道,5
胡說白道,5
怙過不悛,9
話長說短,5
誨爾諄諄，聽我藐藐,5
渾渾沌沌,5
雞犬昇天,7
雞腸狗肚,9
及賓有魚,5
急功近名,5
假虎張威,5
哈巴狗,7
好好先生,3
活地獄,5
蕩析離居,5
草行露宿,5
吹簫乞食,5
眉睫之禍,5
科頭跣足,5
把頭,5
罷免,5
圖作不軌,7
吞舟漏網,9
吞聲飲恨,7
託公報私,7
挖肉補瘡,9
歪八豎八,7
刓方爲圓,7
玩歲愒日,7
晚節不終,7
亡國之社,7
亡猿災木,7
枉口誑舌,7
枉突徙薪,7
枉矯過激,7
忘情負義,7
望岫息心,7
望洋而嘆,7
望塵奔北,7
威刑肅物,7
爲法自弊,7
爲淵驅魚，爲叢驅爵,9
違害就利,7
唯所欲爲,7
惟所欲爲,9
未風先雨,7
味如嚼蠟,7
魏鵲無枝,7
文過其實,7
甕盡杯乾,7
嗚呼噫嘻,7
無人之境,7
無父無君,9
無地自厝,9
無名小輩,7
無如之何,7
無何有之鄉,7
無知妄作,7
無所重輕,7
無風起浪,7
無根之木，無源之水,5
無容身之地,7
無惡不造,9
丟面子,7
毒物,9
眼睜睜,5
老饕,3
檑木,5
累累,7
冷宮,5
棄婦,6
相驚伯有,7
恐慌萬狀,7
伈伈睍睍,8
討人嫌,8
舌敝耳聾,8
嬉笑怒罵,6
聚訟紛紜,7
啞子吃黃連,7
百口莫辯,7
當頭棒喝,7
言歸正傳,7
靦顏事仇,5
面面廝覷,4
明火持杖,7
命蹇時乖,6
木梗之患,7
目空一世,7
目無三尺,5
沐猴衣冠,6
拿腔作調,6
惱羞變怒,6
泥名失實,5
鳥驚魚散,7
弄鬼掉猴,5
攀龍託鳳,6
烹狗藏弓,7
行不從徑,5
朽木難彫,7
言清行濁,7
掩耳盜鐘,7
鞅鞅不樂,7
搖頭稾腦,7
說閒話,5
私窩子,5
死氣白賴,5
算帳,5
貪髒,5
膚見謭識,5
福善禍淫,5
付諸東流,7
負義忘恩,9
附鳳攀龍,7
高鳥盡良弓藏,7
根蟠節錯,7
公報私讎,5
狗仗官勢,9
狗肺狼心,9
狗彘不如,9
停閉,5
通緝,5
偷閒,5
土皇帝,9
推延,5
人事,5
認罪,7
軟禁,5
私黨,5
私生子,5
貪污犯,5
腸傷寒,5
唱獨角戲,5
超重,5
沉迷,5
吃不服,7
弩鈍,5
寒心酸鼻,7
新仇舊恨,7
脣乾口燥,7
夾槍帶棍,8
泛泛而談,7
人言籍籍,7
知人論世,7
爭長論短,8
入室操戈,7
空話連篇,7
淫辭邪說,8
辭不達意,8
南腔北調,6
違心之論,7
避涼附炎,5
表裏爲奸,5
捕影繫風,5
不知利害,5
不脩邊幅,5
不僧不俗,5
不手藥,5
不識起倒,5
拆東補西,5
攙行奪市,5
巴結,5
霸主,5
半衰期,5
幫腔,5
棒喝,5
興味素然,5
長安居大不易,5
咫尺之功,3
猿鶴蟲沙,5
蟬腹龜腸,5
裘弊金盡,5
一無長物,5
猢猻入袋,5
巢毀卵破,5
悶葫蘆,1
夠受的,6
扁桃體炎,5
變動,5
變色龍,5
擯除,5
冰涼,5
兵器,3
病案,5
病房,5
病魔,7
病院,5
波折,5
駁回,5
簸盪,5
不迭,5
不遑,7
不利,5
不是話,7
浮石沈木,5
浮筆浪墨,5
負才任氣,7
負德背義,9
附影附聲,7
肝髓流野,9
高談大論,7
膏脣拭舌,7
隔皮斷貨,7
狗行狼心,9
狗偷鼠竊,7
沽名吊譽,7
斜路,5
身後,7
昇天,7
生前,5
失敬,5
失陪,5
失勢,3
失業,5
栽誣,9
朝不某夕,3
卸責,5
刑辱,7
洶洶,7
因緣爲市,7
淫朋狎友,5
引虎拒狼,5
擁篲救火,5
油頭滑面,5
有口無行,5
有負衆望,9
牖中窺日,5
迂談闊論,3
餘食贅行,5
魚目間珠,7
魚爛土崩,7
漁翁之利,5
榆木圪墶,5
與世沈浮,5
雨霾風障,7
託故,5
違心,5
矇昧無知,5
書生氣十足,5
五穀不分,5
飯坑酒囊,7
黔驢之技,5
略識之無,3
不識大體,3
皮相之談,5
只看見樹木，不看見森林,5
雞鶩爭食,5
不可教訓,5
指東畫西,3
東搖西擺,5
就事論事,3
予取於求,5
浮光掠影,5
以意爲之,5
畫地而趨,3
不在其位，不謀其政,5
虛與委蛇,5
半推半就,5
附驥名彰,5
伺瑕抵蠙,5
搜根剔齒,7
隨方逐圓,5
隨風逐浪,7
歲不我與,7
貪慾無藝,7
騰騰兀兀,5
啼天哭地,9
替古人擔憂,5
天之僇民,9
天崩地陷,7
添油熾薪,7
挑三檢四,5
通風討信,7
銅駝草莽,7
偷閒躲靜,5
頭破血出,7
頭痛灸頭，腳痛灸腳,5
黃色音樂,5
黔驢技孤,5
敲骨榨髓,9
禽息鳥視,7
輕薄無禮,5
曲學阿世,7
鵲壘巢鳩,5
惹是招非,3
人生若寄,3
辱身敗名,7
三分像人，七分像鬼,5
三好兩歹,5
三風十愆,7
三期賢佞,5
散兵遊勇,3
殺人如蒿,7
山河易改，本性難移,7
傷言扎語,5
少條失教,5
設心處慮,5
射影含沙,5
深文傅會,5
神不附體,5
神喪膽落,9
失之毫釐，差之千里,5
詩書發冢,5
刺殺,7
催命,9
打擾,5
抱佛腳,5
暴客,7
狹隘,5
下腳貨,3
三花臉,5
掃帚星,5
訕臉,5
已決犯,7
夤緣,7
越級,5
造反,7
百星不如一月,5
不得人心,7
口角春風,5
大水衝了龍王廟　,5
貽笑大方　,5
樗櫟庸材　,5
偷安旦夕,7
查封,5
羼雜,7
用管窺天,5
油頭滑臉,5
遊戲人世,5
有文無行,5
有恃毋恐,7
餘桃啖君,5
魚質龍文,7
魚爛瓦解,7
漁翁得利,5
榆木疙瘩,5
玉食錦衣,5
鬻良雜苦,5
非我族類，其心必異,7
各從其志,3
明珠暗投,7
認奴作郎,5
無志,3
不識之無,5
上不得檯盤,5
求田問舍,5
守株待免,3
躡手躡腳,5
照貓畫虎,3
心中無數,5
金口玉言,3
猶豫,3
猶豫不決,5
按部就班,3
辱國殃民,5
塞耳盜鍾,5
三好兩歉,5
三差兩錯,5
三智五猜,5
三翻四復,5
散言碎語,5
喪天害理,5
傷風敗化,5
上援下推,5
設心積慮,5
神思恍惚,5
神牽鬼制,5
神短氣浮,5
失之毫釐，差以千里,5
失道寡助,5
託陳取消派,5
拖延,5
歪斜,5
違禁,5
跼高蹐厚,7
抉目東門,7
亢心憍氣,3
課嘴撩牙,5
枯形灰心,9
刳脂剔膏,9
狂嫖濫賭,9
瀾倒波隨,3
狼奔兔脫,9
狼猛蜂毒,9
狼顧虎視,5
浪蝶游蜂,5
潦原浸天,3
楞眉橫眼,5
離本徼末,3
連帙累牘,5
憐新棄舊,5
戀酒迷花,5
兩腳書櫥,7
撩雲撥雨,3
惡衣惡食,7
認賊作父,7
搖尾求食,7
淫辭穢語,7
投石下井,7
一鼻孔出氣,5
黃色文學,5
灰頭土臉兒,3
劍戟森森,5
江郎才盡,5
降本流末,5
交臂相失,5
驕侈暴佚,9
椒焚桂折,5
焦脣敝舌,5
狡焉思逞,5
揭篋擔囊,5
詰屈謷牙,5
桀驁難馴,5
截鶴續鳧,5
進道若踡,5
荊棘銅駝,5
鯨吞蛇噬,5
靜言庸違,5
酒肉兄弟,5
酒囊飯包,7
鞠爲茂草,3
志滿氣驕,7
擲鼠忌器,7
智昏菽麥,7
鷙擊狼噬,7
晝陰夜陽,5
珠投璧抵,5
逐末捨本,7
主文譎諫,5
煮鶴燒琴,7
杼柚空虛,5
追歡取樂,5
捉影捕風,5
恣心縱慾,7
鑽天覓縫,7
鑽冰求火,5
醉舞狂歌,7
左道旁門,5
作歹爲非,5
作賊心虛,5
坐而論道,5
阿附,7
賣乖,5
小恩小惠,3
着三不着兩,5
害人,7
魚肉百姓,9
招搖過市,7
項莊舞劍，意在沛公,5
背倍棄義,7
虛驕恃氣,7
神氣活現,7
橫行不法,7
欺人,5
熏天赫地,9
規求元度,7
聲色貸利,7
細大不捐,5
小己得失,1
豪奪,7
如丘而止,5
唯唯連聲,5
豕突狼奔,7
鼠腥蝸腸,7
淺斟低唱,5
伺瑕導蠙,5
隨近逐便,1
損人肥己,9
所費不貲,7
太平無象,7
貪汙狼藉,7
貪贓壞法,7
談優務劣,5
嘆老嗟卑,7
忑忑忐忐,5
體無完皮,7
摘瓜抱蔓,7
天之戮民,9
天地誅滅,9
天荊地棘,7
添醋加油,7
挑麼挑六,7
同美相妒,5
同惡相恤,7
偷媚取容,7
頭破血流,7
頭痛治頭，足痛治足,7
東獵西漁,5
斗方名士,3
獨立王國,5
黷武窮兵,7
訛以傳訛,5
惡紫奪朱,5
二缶鍾惑,5
飯來開口,5
方頭不律,5
放辟淫侈,7
吠影吠聲,5
豐牆墝下,5
低估,3
抵排,5
地方主義,7
摳字眼兒,5
潰敗,9
拉交情,5
重婚,7
主謀,7
撞騙,7
強脣劣嘴,7
敲榨勒索,9
巧立名色,7
青蠅點璧,5
曲學詖行,5
榷酒徵茶,5
人百其身,9
人情恟恟,5
強取,7
嘍羅,5
逃命,5
天安門事件,5
貼金,7
據義履方,5
鋸牙鉤爪,9
決一雌雄,1
抉目懸門,7
倔頭強腦,3
口中雌黃,5
枯枿朽株,7
誇大其辭,5
誑時惑衆,7
困獸猶鬥,5
濫官污吏,7
狼奔鼠竄,5
狼嗥狗叫,7
狼顧鴟張,9
勞民費財,7
冷血動物,7
楞頭楞腦,5
離鸞別鳳,5
李廣難封,7
歷歷落落,3
連天烽火,5
連篇累帙,3
兩意三心,7
引咎自責,7
規行矩步,5
裙帶關係,7
搶親,7
敲竹槓,5
愀然,7
驅迫,5
取悅,3
舞爪張牙,7
嘻皮笑臉,7
夏蟲疑冰,5
先意承指,7
閒言淡語,5
鄉利倍義,5
像煞有介事,5
鴞鳥生翼,9
脅肩低首,5
心狠手毒,7
心勞意攘,7
心煩慮亂,7
心頭撞鹿,7
心驚膽裂,9
孔方兄,5
誇嘴,3
喟然,3
拉饑荒,3
飄瓦虛舟,5
騎上揚州鶴,5
騎鶴揚州,5
杞天之慮,5
掐尖落鈔,5
千夫諾諾，不如一士諤諤,5
圓謊,7
栽髒,7
早退,5
強而後可,5
物以類聚　,5
不食之地,5
前不巴村，後不巴店,5
臥榻之側，豈容他人鼾睡,7
明日黃花,5
愛博而情不專,5
安故重遷,5
傲慢少禮,5
敗事有餘，成事不足,9
搬脣弄舌,5
半間不界,5
棒打鴛鴦,5
飽暖生淫慾,5
抱甕出灌,5
暴取豪奪,9
背公營私,7
背本就末,7
悖言亂辭,7
鼻孔朝天,7
志驕意滿,7
雉伏鼠竄,7
周規折矩,5
肘脅之患,5
誅求不已,9
逐流忘返,5
助人下石,5
祝鮀之佞,7
妝聾做啞,5
追魂奪魄,7
追歡賣笑,7
拙口笨腮,3
捉風捕月,5
捉襟肘見,7
濁質凡姿,5
恣情縱欲,7
足不窺戶,5
足高氣揚,5
左枝右梧,5
作輟無常,5
坐失良機,5
坐收漁利,5
坐視成敗,5
鑿空投隙,5
投章摘句,5
巧言如簧,5
心術不正,5
裝神弄鬼,5
欲加之罪，何患無辭,7
削木爲吏,9
蛇蠍爲心,9
血債累累,9
雨後送傘,9
食而不知其味,5
佯爲不知,5
冒名項替,7
孤行已見,5
不因人熱,5
氣焰熏天,9
衣錦還鄉,7
人心不足蛇吞象,9
各人自掃門前雪，莫管他人瓦上霜,5
三日打魚，兩日曬網,7
前怕狼，後怕虎,5
儉不中禮,5
見神見鬼,5
諫屍謗屠,5
將無作有,5
驕佚奢淫,7
焦脣乾舌,5
撟抂過正,5
詰屈磝碻,5
桀驁不遜,5
借面弔喪,5
金枷玉鎖,5
驚皇失措,7
井底蝦蟆,7
靖言庸違,5
鏡裏觀花,5
九仞一簣,7
酒綠燈紅,5
拘文牽義,5
賣俏,5
無火之炊,7
懷着鬼胎,7
人心惶惶,7
懸心吊膽,7
報廢,7
暴動,7
背黑鍋,7
本位主義,5
貶黜,7
誤場,5
戲子,5
閒話,1
現成飯,5
傻笑,1
炮艦外交,5
運斧般門,5
贓貨狼藉,5
賊頭狗腦,7
沾花惹草,5
鸇視狼顧,5
張眼露睛,7
招是攬非,5
朝樑暮周,5
執迷不返,5
指東話西,5
尾巴主義,5
猥詞,7
溫吞,5
窩工,5
誣罔,7
無效,5
投鼠之忌,7
土雞瓦狗,7
摶香弄粉,7
推東主西,7
頹垣廢址,5
託之空言,5
跅弢不羈,7
瓦影龜魚,5
外巧內嫉,7
外寬內深,7
剜肉補瘡,7
玩時貪日,7
頑皮賴骨,7
枉直同貫,7
忘恩背義,7
望風希旨,7
望塵不及,7
望塵靡及,7
爲好成歉,7
爲虎添翼,7
違天悖理,9
違條犯法,5
唯利是視,7
幃箔不修,7
惟利是視,7
尾大難掉,7
位卑言高,5
文武差事,7
文通殘錦,3
文奸濟惡,7
問道於盲,7
無天無日,9
無功而祿,7
無可奈何花落去,7
無任之祿,7
無事生事,7
無動於衷,7
推謝,5
食不充口,5
食生不化,5
使心用腹,5
使酒罵坐,5
飾非文過,5
視若兒戲,5
是非顛倒,5
授柄於人,5
鼠穴尋羊,5
鼠盜狗竊,5
鼠齧蠹蝕,5
束手束足,5
束手就禽,5
束教管聞,5
爽然若失,5
水底撈針,5
順風使舵,5
說是道非,5
死乞白賴,5
死眉瞪眼,5
死聲活氣,5
嘵嘵,5
小覷,3
失密,5
吭哧,5
僬僥,5
階級異己分子,7
劫掠,7
結核桿菌,5
金本位制,7
鬧玄虛,5
孽障,9
誘姦,7
愚民政策,5
抄襲,5
超員,5
塵肺,5
懲罰,5
吃大鍋飯,5
吃虧,5
赤白痢,5
不入時宜,5
不可告人,5
不知所厝,5
不涼不酸,5
不問皁白,5
不識一丁,5
拆東牆補西牆,5
諂笑脅肩,5
贓汙狼藉,5
贓賄狼藉,5
造作矯揉,5
澤吻磨牙,5
賊頭鬼腦,5
沾沾自好,3
招風惹雨,5
朝樑暮晉,5
執迷不醒,5
指山說磨,5
指東說西,5
孤苦仃俜,7
孤雌寡鶴,5
辜恩負義,9
固執成見,5
故家喬木,5
顧盼自豪,5
怪誕不經,9
官官相爲,7
冠屨倒施,5
龜冷支牀,5
佹形僪狀,5
鬼抓狼嚎,9
鬼計多端,7
鬼哭神驚,9
鬼頭滑腦,5
貴不期驕,3
劌心鉥腎,9
駭狀殊形,5
韓盧逐塊,5
河門海口,5
鶴困雞羣,5
鶴唳風聲,7
橫拖倒拽,5
橫眉努目,9
橫無忌憚,7
橫徵暴斂,7
呼天號地,9
狐虎之威,7
狐裘尨茸,5
狐鳴篝火,5
失約,7
實驗主義,5
事大主義,5
嗜血,9
胡枝扯葉,5
胡謅亂扯,5
怙頑不悛,7
壞法亂紀,7
慌手慌腳,5
黃雀伺蟬,5
潢池盜弄,5
灰容土貌,7
恢詭譎怪,5
諱惡不悛,7
昏天黑地,7
渾掄吞棗,5
混淆黑白,5
魂不赴體,5
魂飛膽顫,9
貨賂公行,7
禍起蕭牆,5
機心械腸,5
雞爭鵝鬥,5
極惡窮兇,9
嫉賢傲士,5
計窮途拙,7
加膝墜泉,5
家無擔石,5
假眉三道,5
骨董,5
呱噠,3
雞肋,5
束手束腳,5
沒落子,3
悶雷,5
瀆神,9
謠言,5
冷笑,5
冷板凳,5
破鞋,5
攘奪,7
惹是非,5
人販子,7
入壟,5
行屍走骨,9
軒鶴冠猴,7
儼乎其然,5
雁影分飛,7
楊花心性,5
搖頭擺腦,5
肆虐,7
封己守殘,5
俛首帖耳,3
負才使氣,7
婦人之仁,7
附贅縣疣,7
高自標譽,7
高談虛論,7
膏脣販舌,7
隔屋攛椽,5
梗頑不化,7
鉤爪鋸牙,9
狗走狐淫,9
狗逮老鼠,7
狗黨狐朋,7
沽名要譽,7
鐵血政策,3
土鱉,5
土專家,5
推委,5
荏弱,5
私貨,5
私刑,5
尋歡作樂,7
楊花水性,9
搖頭幌腦,7
老粗,5
老油子,7
唱高調,5
扯後腿,7
懲辦主義,7
吃不消,5
吃緊,5
叱罵,9
鄙夷不屑,5
不分皁白,5
不見天日,7
不知高下,5
不知顛倒,5
不陰不陽,5
不登大雅,5
不辨菽粟,5
才疏意廣,3
慘無天日,9
差之毫釐，失之千里,5
長材小試,5
長惡不悛,7
沒奈何,3
便便,3
變相,5
辯駁,5
表面化,3
冰炭,7
病蟲害,5
不符,5
不景氣,7
不詳,5
封豨脩蛇,7
鳳毛雞膽,7
敷衍搪塞,5
浮收勒折,7
負地矜才,7
負恩忘義,9
附炎趨熱,5
附聲吠影,7
高下在口,7
槁形灰心,5
隔靴爬癢,5
弓影杯蛇,5
狗口裏生不出象牙,9
狗苟蠅營,9
狗盜鼠竊,7
狗續金貂,7
沽譽釣名,7
笑面虎,5
蜃景,3
歧出,5
牽扯,5
自視,5
漫無目標,5
卸任,5
虛懸,5
加塞兒,7
油頭粉面,5
淫言媟語,5
引虎自衛,3
鷹瞵虎攫,5
營蠅斐錦,5
油光水滑,3
有眼無瞳,7
有聲無實,5
魚目混珎,7
漁人得利,5
愚眉肉眼,5
鳶肩羔膝,5
託福,5
脫班,5
枉費,5
違抗,5
隨人作計,5
隨俗浮沈,7
隨聲趨和,7
碎心裂膽,9
貪吃懶做,9
貪惏無饜,7
忐忑不定,7
體規畫圓,7
替古人耽憂,7
擿埴索途,7
天昏地黑,9
天崩地坍,7
天粟馬角,9
添油加醋,7
條條框框,7
同類相妒,7
頭出頭沒,7
頭焦額爛,7
垂危,7
存心積慮,7
大繆不然,5
單見淺聞,5
膽裂魂飛,9
誕謾不經,5
黨邪醜正,5
倒持太阿,5
道邊苦李,5
雕蟲小藝,5
釣名沽譽,5
調詞架訟,5
跌腳槌胸,5
丟魂失魄,7
東扯西拉,5
東窗消息,5
鏘金鳴玉,5
強食弱肉,5
牆高基下,7
敲骨剝髓,7
青蠅染白,5
輕薄無知,5
情悽意切,5
曲意承迎,5
鵲巢鳩據,6
惹草沾花,4
人情冷暖,5
如之奈何,5
如狼如虎,5
乳聲乳氣,5
枘鑿冰炭,5
三日新婦,5
三好二怯,5
三頭兩日,5
散灰扃戶,5
桑間之音,5
山虧一簣,5
傷心蒿目,5
身先朝露,5
身廢名裂,5
深文曲折,5
深惡痛嫉,5
神不收舍,5
神奸巨猾,5
神逝魄奪,5
神魂飄蕩,5
神經錯亂,5
神頭鬼臉,5
失之交臂,5
失張失智,5
刺目,3
醋勁兒,7
錯雜,5
打羣架,7
誤點,5
繫縛,3
狎妓,3
罅隙,1
現成話,5
撒旦,7
三光政策,7
散亡,3
喪事,7
查抄,5
各行其是,5
一盤散沙,5
矇在鼓裏,3
牗中窺日,5
人窮智短,5
挈瓶之知,5
淺見寡聞,5
不成才,5
東閃西躲,5
亦步亦趨,3
率爾操觚,3
東一榔頭，西一棒楊,5
自由放任,5
下車作威,5
直情徑行,5
右軍習氣,5
眼不見，心不煩,3
坐冷板凳,5
漠不相關,5
聽之任之,5
不以爲意,5
視如土芥,5
大眼看小眼,5
先意承旨,5
附驥攀鴻,5
拒人於千里之外,7
固執已見,5
凜如霜雪,5
流天澈地,1
流言飛文,7
柳折花殘,7
龍多乃旱,3
龍胡之痛,9
龍御上賓,7
龍潛鳳採,1
陋巷簞瓢,3
漏盡鐘鳴,5
魯魚亥豕,1
鹿走蘇臺,7
路柳牆花,5
露宿風餐,5
亂七八遭,7
論長道短,3
驢脣不對馬嘴,7
呂武操莽,7
馬捉老鼠,3
買王得羊,5
賣乖弄俏,5
賣俏迎奸,7
謾天昧地,5
滿坑滿谷,1
貓噬鸚鵡,7
沒精沒彩,7
迷離徜仿,5
靡靡之樂,3
花着,5
灰不溜丟,5
減師半德,5
見事生風,5
見財起意,5
踐規踏矩,5
江郎才掩,5
將無做有,5
降心順俗,5
交詈聚唾,5
驕侈淫虐,5
教猱升木,5
撟揉造作,5
揭篋探囊,5
詰屈聱牙,5
桀驁自恃,5
金盡裘敝,5
進退亡據,5
進退惟谷,5
進退無據,5
進退雙難,5
進道若退,5
荊天棘地,5
驚心吊膽,5
驚心奪目,5
驚神破膽,9
驚魂動魄,5
鯨吞虎噬,5
靜言令色,5
酒地花天,5
拘攣補衲,5
忘義,5
明修棧道，暗度陳倉,5
胸中鱗甲,9
巧言偏辭,5
尋花問柳,7
掛羊頭，賣狗肉,5
欺天誑地,9
韜晦之計,3
咬人狗兒不露齒,9
裝點門面,9
失德,9
輕世做物,9
蛇欲吞象,9
損人利已,9
爭多論少,3
爲德不卒,9
心爲形役,5
多言多語,5
掇臀捧屁,5
訛以滋訛,5
惡直醜正,5
二心兩意,5
方頭不劣,5
放飯流歠,9
分情破愛,5
焚林竭澤,5
豐牆峭阯,5
洪災,5
抵命,9
地方民族主義,7
主犯,7
撞見,7
俏皮話,5
屈撓,7
耍貧嘴,5
劣株,5
出毛病,5
村夫俗子,5
寸步難移,5
搓手頓足,5
打死老虎,7
打家截道,5
大廈將顛,7
擔雪塞井,5
膽大心粗,5
膽戰心搖,7
黨惡佑奸,5
倒打一瓦,5
道傍苦李,5
道殣相望,5
德音莫違,5
雕蟲篆刻,5
調三惑四,5
跌彈斑鳩,5
丟三忘四,5
東支西吾,5
桃色,5
惕勵,7
橘化爲枳,7
據高臨下,5
踞爐炭上,7
決一死戰,3
抉目胥門,7
溘先朝露,9
口不擇言,5
口墜天花,5
枯腦焦心,3
狂轟濫炸,9
困心衡慮,5
來日大難,7
爛額焦頭,7
狼奔鼠偷,5
狼號鬼哭,9
狼顧鳶視,5
勞心焦思,7
樂極則悲,5
樂盡悲來,5
楞頭呆腦,5
離合悲歡,7
李廣未封,7
詈夷爲跖,5
連昏達曙,5
連篇累冊,3
憐新厭舊,5
臉青鼻腫,7
戀酒貪花,5
兩道三科,7
斤斤自守,5
於心何忍,5
情怨理遣,5
不覺技癢,5
引繩批根,5
瘦瘠,5
耍笑,5
舞文巧詆,7
析交離親,5
嘻皮涎臉,7
鮮衣美食,5
閒言冷語,5
涎臉餳眼,5
埳井之蛙,3
鴞心鸝舌,5
心術不端,7
心勞意冗,7
心煩意冗,7
心頭鹿撞,7
心驚膽落,9
新愁舊恨,9
空喊,5
片接寸附,1
七撈八攘,3
騎鶴望揚州,5
綦谿利跂,5
杞人之憂,5
棄甲負弩,3
千刀萬剮,7
千里之隄，潰於蟻穴,7
部分質變,5
應名兒,5
隕穫,7
暈船,5
災星,9
糟踏,9
虎尾春冰,7
四郊多壘,7
羊入虎羣,7
腹心之疾,7
堤之千里，潰於蟻穴,7
似是而非,7
一葉蔽目，不見泰山,7
多藏厚亡,7
花殘月缺,7
折戟沉沙,7
非意相干,5
視同路人,7
吃裏爬外　,7
酒食徵逐　,5
五鬼鬧判　,5
朝中有人好做官　,7
天末涼風,7
月黑風高,7
千里迢迢,7
炮火連天,7
仙山瓊閣,7
泯滅,5
魔障,5
拿架子,5
岸然道貌,5
昂首天外,5
傲慢不遜,5
傲頭傲腦,5
拔了蘿蔔地皮寬,5
霸道橫行,5
敗材傷錦,5
拜賜之師,5
半身不遂,5
徬徨失措,5
飽暖思淫慾,5
暴內陵外,5
杯中蛇影,5
背公向私,5
備位充數,5
逼良爲娼,5
志驕氣盈,7
治絲而棼,5
智盡能索,5
重賞之下，必有死夫,5
侏儒觀戲,7
株連蔓引,7
逐末棄本,7
逐臭之夫,7
逐影隨波,7
妝模作樣,5
追歡買笑,7
捉生替死,7
捉雞罵狗,5
恣兇稔惡,7
足不逾戶,5
足高氣強,5
鑽冰取火,5
坐吃山崩,5
坐食山空,5
露馬腳,1
落漠,7
賣國賊,9
口燥脣乾,7
體無完膚,7
左思右想 ,7
感舊之哀,7
停雲落月,7
無能爲力,7
一步一鬼,7
先睹爲快,7
聊以自慰,7
寢不安席,7
出人意表,7
反躬自省,7
喑惡叱吒,9
血淚盈襟,9
悲不自勝,9
喪明之痛,9
報仇,9
暴病,7
暴亂,7
背不住,7
奔忙,5
逼勒,5
秕子,3
畢命,9
避難,7
鞭撻,7
跑跑跳跳,7
陵弱暴寡,7
另起爐竈,1
流落失所,7
流離顛頓,9
龍生九種,5
龍盤鳳逸,7
鏤冰炊礫,7
碌碌寡合,1
亂語胡言,7
論黃數黑,5
驢頭不對馬嘴,7
掠影浮光,5
馬牛襟裾,7
罵天扯地,5
買靜求安,3
賣官販爵,7
漫天叫價,5
盲人捫燭,5
毛遂墮井,7
貌合行離,1
沒計奈何,5
沒顛沒倒,5
門衰祚薄,7
捫參歷井,7
迷天大謊,9
靡有孑遺,1
骨肉未寒,5
骨騰肉飛,5
鼓眼努睛,5
鼓餒旗靡,5
故步自畫,5
顧左右而言他,5
顧景慚形,5
刮野掃地,5
乖脣蜜舌,5
觀眉說眼,5
官報私仇,9
灌夫罵坐,5
詭誕不經,7
貴人多忘,5
貴壯賤弱,5
劌鉥肝腎,9
駭人聞聽,9
酣歌恆舞,5
含牙戴角,5
含垢藏瑕,7
好行小慧,5
豪末不掇，將成斧柯,5
何所不至,7
黑風孽海,7
橫行直走,5
橫眉立眼,9
橫眉瞪眼,9
橫災飛禍,7
橫搶硬奪,7
鴻都買第,7
呼羣結黨,5
狐狸尾巴,7
狐鳴狗盜,7
食物中毒,5
市惠,5
勢治,5
收攬,5
贓盈惡貫,7
詀言詀語,3
張眉努目,5
招是搬非,5
執迷不反,5
僞政權,7
委罪,5
文字獄,5
無情,7
投隙抵巇,7
徒負虛名,5
土龍沐猴,7
摶空捕影,7
頹垣廢井,9
吞聲忍氣,7
託於空言,5
跅幪不羈,7
瓦解冰銷,9
外方內員,7
剜肉做瘡,7
玩故習常,7
頑皮賴肉,7
亡國滅種,9
枉曲直湊,9
枉費心計,7
忘恩失義,7
望塵僄聲,7
爲山止簣,9
爲惡不悛,9
爲虎作倀,7
違天悖人,9
唯利是求,7
帷燈篋劍,7
惟利是命,9
尾大不掉,7
未足輕重,5
問柳評花,7
烏踆兔走,7
無天於上，無地於下,7
無休無了,7
無足重輕,7
無所不作,7
無所錯手足,9
無背無側,5
無家可奔,7
無動於中,7
無情少面,7
痛擊,5
土蠶,9
推卸,5
面是心非,5
明火執杖,7
謬以千里,5
目不交睫,7
目空餘子,7
目無尊長,5
南郭先生,6
鳥驚魚潰,7
弄神弄鬼,5
攀鱗附翼,6
烹犬藏弓,7
十死不問,5
十室九匱,5
十轉九空,5
食古如鯁,5
豕竄狼逋,5
使性謗氣,5
市井無賴,5
勢窮力蹙,5
飾智矜愚,5
視如草芥,5
釋生取義,5
授人口實,5
鼠目麞頭,5
鼠偷狗盜,5
鼠齧蟲穿,5
束手自斃,5
束手就困,5
束馬懸車,5
樹高招風,5
水底撈月,5
說是弄非,5
思歸其雌,5
死聲咷氣,5
小動作,5
攜貳,5
失機,3
失迷,3
失效,5
恭惟,3
孤負,3
劫奪,7
鬧笑話,1
誘惑,3
逾分,3
抄家,7
超生,5
成見,7
懲處,7
吃不住,5
吃勁,5
斥逐,9
孤形吊影,5
孤魂野鬼,7
孤鸞照鏡,7
骨軟筋麻,7
鼓吻奮爪,7
瞽言妄舉,5
寡情薄意,5
怪雨盲風,5
冠履倒置,5
鬼吒狼嚎,7
鬼計百端,7
鬼哭神號,9
鬼魅伎倆,9
貴不召驕,5
劌心刳腹,7
過甚其辭,5
海闊天高,5
駭目驚心,9
含血潠人,9
含冤受屈,7
函矢相攻,5
好自爲之,5
豪奪巧取,7
訶佛詆巫,5
河水不犯井水,5
河清海竭,5
鶴膝蜂腰,5
橫拖倒扯,5
橫眉冷眼,9
橫遮豎擋,5
橫恩濫賞,5
橫徵暴賦,7
轟堂大笑,5
閎侈不經,5
鴻鵠將至,5
呼天喚地,9
狐奔鼠竄,5
狐媚魘道,7
狐鳴篝中,5
施威,5
式微,5
胡拉亂扯,5
胡謅八扯,5
怙終不悛,7
渾俗和光,5
混作一談,5
活剝生吞,5
極惡不赦,9
計功謀利,5
計較錙銖,7
戛釜撞甕,5
假門假事,5
尖言冷語,5
機心,5
別鶴孤鸞,5
風餐露宿,5
泰山梁木,7
忍辱偷生,3
反裘負當,5
甕牖繩樞,5
道大莫容,5
人爲刀組,5
上天無路,5
罷黜,5
擺脫,5
拜懺,3
毛病,4
悶倦,5
瀆犯,7
斷糧,7
重足而立,7
舊愁新恨,7
深仇重怨,7
洗雪逋負,7
怨氣沖天,7
口口聲聲,7
反脣相稽,6
嘵嘵不休,7
自我解嘲,6
咬文嚼字,6
避而不談,7
掉三寸舌,6
嗚鼓而攻攻之,6
閒磕牙,6
禍從口出,7
一犬吠形，百犬吠聲,7
軟磨,5
私話,5
思凡,5
死硬,5
送人情,5
行奸賣俏,9
尋弊索瑕,7
掩眼捕雀,7
陽解陰毒,7
老八輩子,1
老相,1
冷落,5
心有餘悸,6
免開尊口,8
舐皮論骨,7
鑽牛角尖,8
鋒芒逼人,7
說短論長,7
羣居終日，盲不及義,7
老生常談,7
言不盡意,6
砭庸針俗,5
別生枝節,5
不了不當,5
不知所錯,5
不知頭腦,5
不識擡舉,5
慘無人理,5
差之毫氂，失之千里,5
長安少年,5
長蛇封豕,5
敗仗,5
變卦,5
殯車,3
病根,5
病容,5
勃然,9
不測,7
不敷,5
不見得,5
不忍,5
不適,5
風花雪月,5
封胡羯末,5
浮光略影,5
浮頭滑腦,7
俯仰隨人,7
負才傲物,7
婦人醇酒,7
附贅懸肬,7
剛戾自用,9
格於成例,7
隔靴抓癢,5
鉤深圖遠,7
狗尾貂續,7
狗傍人勢,7
狗黨狐羣,7
沽名賣直,7
面面相看,4
面謾腹誹,5
乜斜纏帳,5
明推暗就,6
目眢心忳,8
拿班作勢,6
泥豬疥狗,5
鳥散魚潰,7
牛馬襟裾,6
旁門邪道,6
假面具,7
因公行私,5
陰凝冰堅,5
銀樣蠟槍頭,5
營私作弊,5
油嘴油舌,5
予取予奪,5
魚爛河決,7
逾閑蕩檢,7
榆枋之見,5
與世浮沉,5
語無詮次,5
玉毀櫝中,7
鬻聲釣世,5
淵魚叢爵,5
元惡大憝,9
如墮煙海,5
胸無大志,7
濫竿充數,5
天下本無事，庸人自擾之,5
草率收兵,5
舐糠及米,5
腦中無數,5
尊古卑今,5
豬八戒吃人參果，全不知滋味,5
秋風過耳,5
一問三不知,3
怡聲下氣,5
隨世沈浮,7
隨珠彈雀,7
遂迷不寤,7
損人害己,7
貪夫殉利,9
貪求無已,7
題名道姓,5
摘埴索塗,7
添鹽着醋,5
挑牙料脣,7
偷雞盜狗,7
頭痛醫頭，腳痛醫腳,5
投阱下石,7
輕世肆志,7
輕言寡信,5
囚首喪面,5
權重秩卑,5
鵲巢鳩主,7
染指垂涎,5
仁柔寡斷,5
喪師辱國,7
上竄下跳,5
社會賢達,7
深根蟠結,7
神譁鬼叫,5
失魂喪膽,9
存在主義,5
報復主義,7
背離,7
貶抑,7
假撇清,5
脫漏,5
據圖刎首,5
捐本逐末,3
卷席而居,7
抉瑕摘釁,7
麇駭雉伏,9
刻木爲吏,7
口耳相承,3
誇誇而談,5
狼前虎後,7
狼嗥鬼叫,7
狼顧鴟跱,9
勞形苦心,3
冷言熱語,5
連篇累幅,3
兩兩三三,1
兩頭三面,5
殺人越貸,7
簧鼓,5
譭譽,5
質非文是,7
智小言大,7
雉頭狐腋,5
重厚少文,5
重逆無道,7
肘腋之患,5
誅求無已,7
逐名趨勢,7
逐浪隨波,5
逐逐眈眈,7
助紂爲虐,7
柱小傾大,5
抓乖弄俏,7
拙嘴笨舌,5
捉風捕影,5
捉襟露肘,7
浞訾慄斯,7
恣無忌憚,7
鑽穴逾垣,5
作言造語,5
坐失事機,5
鑿空取辦,5
賣人情,2
東磕西撞,5
冬箑夏裘,5
鬥絕一隅,3
毒賦賸斂,5
妒賢疾能,5
斷章取意,5
多一事不如省一事,3
多嘴獻淺,5
阿時趨俗,3
凡才淺識,5
反裘傷皮,5
販交買名,5
放潑撒豪,5
分斤掰兩,5
焚林而田,5
糊弄局,5
調笑,5
豬瘟,7
逐臭,7
蛀心蟲,6
黨邪醜1,5
逃散,3
討便宜,5
天險,3
挑字眼兒,5
強權政治,7
侵略戰爭,7
青樓,7
霧鱗雲爪,5
析言破律,5
鮮廉寡恥,7
涎皮涎臉,7
衒玉賈石,3
梟心鶴貌,5
小題大做,7
協私罔上,9
心浮氣盛,7
釁稔惡盈,9
寇仇,9
拉近乎,5
酷刑,9
貧嘴滑舌,5
奇離古怪,1
騎鶴上揚,5
氣忍聲吞,5
棄車走林,3
棄舊迎新,7
千人一面,5
潛竊陽剽,9
攙兌,7
冤枉路,5
髒字,5
莫辨楮葉,7
宴安鴆素毒,9
多許少與,5
以蠡測海　,7
花街柳巷,7
龍潭虎穴,7
騃童鈍夫,5
礙足礙手,5
闇昧之事,5
傲睨一切,5
跋扈自恣,5
百般刁難,5
敗俗傷化,5
伴食中書,5
苞苴竿牘,5
抱火臥薪,5
抱蔓摘瓜,5
背恩忘義,5
五斗折腰,7
偷合苟容,5
三頭二面,7
作惡多端,9
擢髮難數,9
詐敗佯輸,9
背思忘義,9
呼麼喝六,9
橫加指責,9
狐假虎鹹,9
飢附飽揚,9
四體不勤，五穀不分,7
引頸受戮,5
知榮守辱,7
裘馬輕肥,9
見噎廢食,5
檻花籠鶴,5
江流日下,5
將蝦釣鱉,5
降志辱身,5
郊寒島瘦,5
驕泰淫泆,5
焦金流石,5
狡焉思啓,5
街號巷哭,9
詰詘聱牙,5
桀敖不馴,5
進退跋疐,5
進退觸籬,5
進祿加官,5
荊棘滿途,5
驚心破膽,5
驚心褫魄,5
驚魂喪魄,5
酒色之徒,5
救火投薪,5
不可究詰,7
墮雲霧中,7
一口吃個胖子,7
噬臍何及,7
盱衡厲色,9
2氣鬥狠,9
泣涕如雨,9
附驥,5
現話,5
殺生,3
篩糠,5
扇動,5
拋棄,7
袍哥,3
跑江湖,5
跑轍,5
陪襯,3
平毀,7
憑陵,7
贓污狼籍,5
贓穢狼藉,5
賊子亂臣,5
譖下謾上,5
沾沾自滿,3
整冠納履,3
指鹿作馬,5
文化大革命,5
烏龜,7
無度,7
徒子徒孫,5
兔死犬飢,7
兔頭麞腦,7
推三推四,7
推聾作啞,7
吞言咽理,7
吞聲飲氣,7
唾面自乾,7
瓦查尿溺,9
歪不橫楞,7
外強中瘠,7
玩歲愒月,7
亡猿禍木,7
枉口嚼舌,7
枉道事人,9
枉轡學步,7
望空捉影,7
望塵奔潰,7
威重令行,7
爲虺弗摧,7
爲淵驅魚,9
帷幕不修,9
偎紅倚翠,7
文身剪髮,7
聞風破膽,9
無方之民,7
無如之奈,7
無何有鄉,7
無所施其伎,7
無空不入,7
無風揚波,7
無惡不爲,9
施緋拖綠,5
十惡五逆,5
拾人唾餘,5
食不知味,5
使羊將狼,5
使嘴使舌,5
飾非遂過,5
視同陌路,5
視爲寇讎,5
室怒市色,5
收成棄敗,5
鼠跡狐蹤,5
鼠憑社貴,5
數白論黃,5
束手旁觀,5
束手縛腳,5
樹大招風,5
死求百賴,5
死模活樣,5
呆小症,7
叨教,5
絞殺,7
階段分化,5
藉端,5
派頭,5
餘毒,9
窳敗,7
婢膝奴顏,5
剝膚及髓,5
不分青白,5
不拔一毛,5
不鹹不淡,5
不教而誅,5
不識好歹,5
不護細行,5
差之毫釐，謬以千里,5
豺狼當路,5
長惡靡悛,5
呼牛呼馬,7
狐埋狐揚,7
食品污染,5
胡作胡爲,7
譁世動俗,7
還珠買櫝,5
黃口小兒,5
黃粱一夢,5
毀方投圓,5
誨奸導淫,5
混水撈魚,5
禍稔惡積,9
機關算盡,7
雞飛狗走,7
及時行樂,5
極重不反,7
亟疾苛察,7
急斂暴徵,7
古奧,3
寡頭,3
問鼎,5
混帳,5
與世沉浮,5
青蠅弔客,5
風鬟雨鬢,5
稱薪而爨,5
移東補西,5
黃楊厄聞,5
天台路迷,3
幫閒,5
瓦影魚,9
微乎其微,7
賭咒,7
起事,5
犬儒,7
肉頭,3
乳臭,5
風車雲馬,5
浮收勒索,7
負材任氣,7
負恩背義,9
附勢趨炎,5
附翼攀鱗,7
高睨大談,7
拱手讓人,5
狗口裏吐不出象牙,9
狗咬呂洞賓,7
狗盜雞啼,7
狗續侯冠,5
沽譽買直,7
頭麪人物,5
突兀,5
私奔,5
私了,5
咬牙恨齒,9
牢房,3
老江湖,5
抄用,5
超載,5
懲戒,7
吃老本,5
赤痢,7
便血,5
變質,5
瀕於,3
冰雹,5
併發症,5
病毒性肝炎,7
病例,5
病原菌,5
波及,5
駁斥,7
不識閒兒,3
不恤,5
囂浮,5
小圈子,5
脅持,3
燒燬,5
神權,5
失腳,1
失眠,5
失聲,7
失學,5
械鬥,7
懈氣,5
行兇,7
挹鬥揚箕,7
淫詞褻語,7
東一榔頭，西一棒槌,5
摧毀,7
大舌頭,7
徒亂人意,7
不知甘苦,7
鹿死不擇蔭,7
附會,5
嚌嚌嘈嘈,5
夾生飯,3
假道學,7
披毛索黶,5
琵琶舊語,7
憑幾據杖,7
七舌八嘴,5
騎鶴更揚州,7
啓寵納侮,7
棄甲投戈,3
契船求劍,5
千刀萬剁,7
泯沒,5
以致,3
隱諱,5
燠熱,5
原形,5
拶指,7
徒有虛名,7
分化瓦解,5
拋頭露面　,5
一知半解　,5
陳規陋習　,5
洪水橫流,7
羊腸小道,7
天低吳楚，眼空無物,5
陶犬瓦雞,7
財政危機,7
殘喘,5
引狼自衛,7
飲鴆止渴,7
迎奸賣俏,7
庸耳俗目,5
油嘴花脣,5
遊戲筆墨,5
有頭無腦,5
右軍習氣,5
予取予求,5
餘子碌碌,5
魚魯帝虎,5
魚爛取亡,7
逾次超秩,5
榆木腦袋,5
與世俯仰,7
欲蓋而彰,7
鬻駑竊價,7
自己打自己的嘴巴,5
胸中無數,5
索然無味,5
辱國殄民,7
三心兩意,5
三般兩樣,7
三翻四覆,5
散傷醜害,5
珊珊來遲,5
傷教敗俗,7
上慢下暴,7
捨本求末,7
社鼠城狐,7
身名俱敗,7
神焦鬼爛,7
剩菜殘羹,5
搜章擿句,5
夙世冤業,9
遂非文過,7
損人益己,7
貪夫狥財,7
貪污腐化,9
探囊胠篋,5
摘句尋章,7
天地誅戮,9
天華亂墜,7
天崩地塌,9
天道寧論,7
天壤王郎,7
挑精揀肥,5
鐵心木腸,7
通風報訊,7
同惡相黨,7
偷聲細氣,7
口惠,5
潰散,7
庖代,5
疲塌,5
漂亮話,7
姘居,9
淺嚐輒止,5
敲膏吸髓,7
巧作名目,7
輕世傲物,7
輕言肆口,5
求生害仁,5
鵲巢鳩佔,5
趨附,7
析辯詭辭,7
洗垢索瘢,7
鮮衣怒馬,5
閒花野草,5
涎臉涎皮,7
嫌長道短,5
現鍾弗打,5
銷魂奪魄,9
邪魔歪道,7
興如嚼蠟,7
枯體灰心,7
來者不善,7
輕生,5
捉姦,7
愛則加諸膝，惡則墜諸淵,7
傲慢無禮,7
霸王風月,7
百無一成,7
搬脣遞舌,7
半塗而廢,7
暴虐無道,7
杯蛇幻影,7
背恩負義,7
鼻孔撩天,7
閉氣,5
蔽塞,5
東衝西撞,5
鬥脣合舌,5
遁天倍情,5
阿權膴仕,7
伐異黨同,7
飛流短長,5
飛謀薦謗,7
焚藪而田,7
低潮,3
嘀咕,3
地保,5
殺價,3
傷風,3
胡言漢語,5
胡說亂道,5
怙終不悔,7
譭鐘爲鐸,7
賄貨公行,7
火上添油,5
極情縱慾,7
假門假氏,5
架謊鑿空,7
孤豚腐鼠,5
鼓舌搖脣,7
故甚其詞,5
顧頭不顧尾,5
觀場矮人,7
冠履倒易,5
龜玉毀櫝,7
鬼蜮技倆,7
貴遠賤近,7
劌心刳肺,7
海中撈月,5
含血噀人,7
韓壽偷香,7
寒腹短識,7
好佚惡勞,7
豪取智籠,7
河東獅子吼,7
黑漆皮燈籠,7
橫行逆施,7
橫眉冷目,9
橫科暴斂,7
橫徵苛役,7
狐假鴟張,7
狐鳴梟噪,7
胡支扯葉,7
收買,7
剿襲,7
劫持,5
窩囊,7
貨色,5
變天,5
癟三,5
病包兒,7
病夫,7
駁難,7
不及,5
不人道,7
誘致,5
咂嘴弄舌,5
贓污狼藉,7
贓賄狼籍,7
造言生事,5
賊頭鼠腦,7
沾沾自衒,7
招權納賕,7
朝樑暮陳,7
指山賣磨,5
指東劃西,5
食子徇君,7
使性摜氣,5
市井小人,7
飾情矯行,7
視如陌路,5
適居其反,5
鼠雀之輩,7
鼠竄蜂逝,7
數短論長,5
水底摸月,5
說地談天,5
思婦病母,5
死有餘誅,7
鼓脣弄舌,7
鼓腦爭頭,5
故伎重演,7
故態復還,5
怪聲怪氣,5
官官相衛,7
詭形奇制,7
鬼瞰其室,7
貴少賤老,5
過屠大嚼,7
亥豕相望,5
邯鄲匍匐,7
韓盧逐逡,7
合眼摸象,5
鶴背揚州,7
黑白混淆,7
橫三順四,5
橫拖豎拉,5
橫眉怒視,9
橫僿不文,7
橫禍非災,7
狐朋狗友,7
狐裘蒙戎,7
實用主義,5
委過,5
兀傲,5
投隙抵罅,7
徒有其名,7
土豪劣紳,7
吐珠於澤，誰能不含,5
兔角牛翼,5
摶沙嚼蠟,7
推天搶地,5
頹垣敗壁,7
屯積居奇,7
跅弛不羈,7
歪風邪氣,7
外寬內忌,7
剜肉成瘡,7
玩兵黷武,9
頑皮賊骨,7
亡國之聲,7
忘乎其形,7
望文生訓,7
望梅閣老,7
危言竦論,7
爲蛇畫足,7
違天逆理,9
違法亂紀,7
唯吾獨尊,9
帷燈匣劍,7
惟利是求,7
文山會海,7
聞噎廢食,7
問官答花,7
甕天蠡海,7
烏天黑地,7
烏集之衆,7
無下箸處,7
無用武之地,7
無所忌憚,7
獨裁者,7
離棄,7
冷冰冰,5
愣頭兒青,7
倖災樂禍,5
勸誘,7
蠕蠕,7
塵埃傳染,5
硬撅撅,7
輿臺,3
泥足巨人,5
萬民塗炭,9
橡皮圖章,5
猥辭,7
黃齏淡飯,5
渾渾沈沈,5
易子而食,7
瀉肚,1
意氣洋洋,5
淫言詖行,3
愁眉,7
垂暮,7
措心積慮,7
打擊報復,7
單文孤證,5
膽喪魂驚,9
誕罔不經,5
黨邪陷正,5
倒持干戈,5
鵰心雁爪,7
雕蟲小事,5
雕鏤藻繪,5
調停兩用,5
跌腳搥胸,5
丟盔卸甲,5
東窗計,5
大民族主義,5
負氣鬥狠,9
破門而入,1
產褥感染,7
撩蜂吃螫,9
另眼看戲,3
流言風語,7
流離瑣尾,5
柳眉踢豎,7
龍屈蛇伸,7
龍馭上賓,7
漏盡鍾鳴,5
鹿死不擇廕,3
驢年馬月,5
呂安題鳳,3
履絲曳縞,7
馬耳春風,3
買上囑下,7
賣妻鬻子,7
賣俏行奸,7
埋天怨地,5
漫不加意,5
貓鼠同乳,7
毛舉細故,7
貌離神合,1
沒精打彩,7
靡靡之音,3
帝國主義,7
誇飾,3
心如刀攪,5
心寒膽落,9
豎子,7
臭皮囊,7
榱崩棟折,7
寸田尺宅,5
打家截舍,5
大廈將傾,7
待兔守株,5
擔雪填河,5
膽戰心寒,7
淡飯黃齏,5
道殣相枕,5
敵國通舟,5
貂狗相屬,5
雕蟲刻篆,5
釣譽沽名,5
東偷西摸,5
東敲西逼,5
跳踉,7
投石下並,7
安坐待斃,5
暗錘打人,5
拔葵啖棗,5
敗化傷風,5
敗國喪家,5
搬斤播兩,5
傍人籬落,5
抱殘守闕,5
抱薪救焚,5
鮑魚之肆,5
杯弓市虎,5
背義負恩,5
背山起樓,5
逼人太甚,5
刻骨仇很,9
荷荷,5
黑槍,5
抵制,3
烈火轟雷,7
流移失所,7
流離顛沛,9
龍生九子,5
龍鬼蛇神,3
龍頭鋸角,5
龍蟠虯結,5
露餐風宿,5
鸞只鳳單,5
亂首垢面,7
論黃數白,5
驢鳴狗吠,7
履霜堅冰,7
馬齒徒長,7
買笑尋歡,7
賣狗懸羊,5
謾不經意,5
滿腹狐疑,7
漫天大謊,9
毛骨聳然,9
貌合心離,1
沒查沒利,7
沒頭蒼蠅,7
迷天大罪,9
迷迷蕩蕩,7
靡不有初，鮮克有終,3
孤雛腐鼠,5
鼓脣搖舌,5
故技重演,3
顧犬補牢,5
顧後瞻前,5
瓜垢磨痕,5
官情紙薄,7
廣種薄收,5
詭雅異俗,7
鬼哭神愁,5
鬼爛神焦,9
貴壯賤老,5
劌鉥心腑,9
過橋拆橋,5
駭人聞見,7
含牙帶角,5
含垢棄瑕,7
寒心銷志,5
好行小惠,5
豪幹暴取,7
河決魚爛,9
鶴短鳧長,5
黑言誑語,5
橫眉立目,9
橫眉瞪目,9
橫攔豎擋,5
橫搶武奪,7
衡陽雁斷,5
喉長氣短,7
僞書,5
未形之患,5
無般不識,7
貶值,5
庸人,7
幽憤,7
右傾機會主義,5
漁霸,7
寓公,5
鬼怕惡人,7
示衆,3
雞鳴狗吠,9
哈哈兒,3
綁票,5
違鄉負俗,7
無名之師,7
斷炊,5
對口瘡,5
眼拙,7
喪膽銷魂,9
一座皆驚,9
慄慄危俱,8
望而生畏,7
一年被蛇咬，三年怕草索,8
疾惡如仇,9
睚眥之怨,7
謔而不虐,7
當面鼓，對面鑼,8
徒託生言,8
虛費詞說,8
不根之論,5
潑婦罵街,5
面如死灰,9
側足而立,5
吳牛喘月,7
盜憎主人,5
撲殺此獠,8
冤家路窄,8
甚囂塵上,5
鄭人爭年,7
耳邊風,7
含血噴人,8
舌劍脣槍,7
引經據典,5
舊凋重彈,7
焚花之論,5
弦外之音,7
拜物教,5
半文盲,5
愛之慾其生，惡之慾其死,7
暗室虧心,5
傲睨得志,5
巴人下里,5
白丁俗客,5
百無一用,7
敗柳殘花,5
搬石砸腳,5
包藏奸心,5
抱令守律,5
暴斂橫徵,5
杯蛇鬼車,5
背恩棄義,7
鼻孔遼天,5
湊熱鬧兒,5
打擊,5
低沉,3
封豨修蛇,7
負薪之憂　,5
毫釐千里,7
肓幹,3
批評,5
脾氣,5
寢關曝纊,7
撒科打諢,5
三言訛虎,5
身不由主,5
身名俱滅,5
神迷意奪,5
失之毫釐，謬以千里,5
搜腸刮肚,3
碎骨粉屍,9
梭天摸地,7
太歲頭上動土,7
攤書擁百城,7
談空說有,3
逃犯,5
剔蠍撩蜂,7
涕泗滂沲,9
天崩地解,7
天愁地慘,9
天下大亂,9
同業相仇,7
脫軌,5
文牘主義,5
械繫,9
朽邁,5
易子析骸,7
溢言虛美,5
淫詞穢語,7
引狼拒虎,3
飲鴆解渴,5
鷹揚虎噬,5
熒惑,7
油嘴花脣,5
餘黨,5
增生,7
智藏瘝在,7
爛片,3
看不下去,3
尿點,5
槽點,5
爛,3
很爛,5
爛尾,3
圈錢,5
無趣,3
差評,3
