posword,score
清瑩,5
輕倩,5
晴麗,5
求索,3
熱潮,5
仁政,5
榮名,5
柔膩,5
瑞雪,5
擅名,7
神采,5
省便,5
盛開,5
盛譽,5
詩仙,7
爽脆,5
素潔,3
甜頭,5
頭名,5
婉妙,3
溫淑,1
穩厚,3
沃壤,5
無上,5
喜人,5
先賢,5
鮮妍,5
相稱,5
驍騎,3
新巧,5
新意,5
信奉,5
急智,3
技藝,3
雄勁,3
雄肆,3
秀俊,5
煦煦,5
勳績,5
雅淡,5
雅興,5
嚴整,5
泱泱,5
怡悅,5
義診,5
英發,5
英偉,5
瑩潤,3
勇健,3
優厚,5
幽雅,5
有識,5
友鄰,5
玉人,5
元勳,5
佳句,7
佳趣,5
兼愛,3
堅守,7
簡雅,5
薦舉,7
見稱,7
見聞,1
獎旗,3
獎許,7
姣麗,5
嬌麗,5
驕子,5
解惑,3
津要,5
金嗓子,3
勻淨,3
讚詞,3
真純,3
箴言,5
珍玩,7
正理,5
指導,3
至理,7
致敬,5
智多星,5
忠魂,7
主力軍,5
準繩,5
卓特,7
進益,5
奏凱,5
尊服,3
盡瘁,5
精白,3
精潔,7
精妙,5
精髓,7
精要,3
晶潔,5
景觀,5
敬信,7
救亡,1
據實,1
眷懷,5
英姿颯爽,9
有禮,9
易如反掌,9
爲人正直,9
心地純良,9
有眼力,9
異彩紛呈,9
學富五車,9
心靈美,9
香馥馥,9
味道好,9
有勇氣,9
智能型,5
諄諄,5
錚亮,3
鸞鳳和鳴,5
杏眼圓睜,3
安好,1
安泰,1
歎爲觀止,7
艱苦卓絕,7
倍兒棒,7
博聞廣識,5
不落俗套,5
不泄氣,1
才氣橫溢,7
凜然,7
一個心眼兒,9
一級,9
有頭腦,9
欣欣向榮,9
氣壯如牛,3
丰姿綽約,5
肝膽過人,3
高檔化,3
革命性,3
功德無量,7
古樸,3
過得硬,3
很有抱負,5
數一數二,7
花容月貌,5
受吃,3
史無前例,7
深入人心,5
擅場,9
井然有序,5
舉足輕重,5
人壽年豐,7
俊俏,5
千姿百態,7
氣度恢宏,9
令人大開眼界,3
完美無疵,9
樸實無華,3
無上光榮,9
有嘴無心,9
逸樂,9
心寬,9
無污染,9
無拘束,9
聞過則喜,9
談吐不俗,9
名副其實,5
噴香,3
安邦定國,9
金甌無缺,7
我武惟揚,9
乃心王室,9
盡忠報國,9
殺身報國,9
憂國忘身,9
濟世經邦,9
興利除弊,9
立國安邦,9
歡快,5
如意,3
得志,3
好日子,5
歡娛,5
慶幸,3
喜氣,5
興高采烈,7
快意,5
樂陶陶,5
逗人,5
眉開眼笑,5
笑逐言開,5
距躍三百,7
鵲笑鳩舞,7
神采飛揚,5
嫣然,5
和顏悅色,5
五世其昌,5
安樂窩,3
掛牽,3
稀罕,5
挺拔,5
溫順,1
不忍釋手,7
束身自修,1
難捨難分,5
老牛舔犢,7
乖乖,5
和暖,3
溫軟,1
溫情脈脈,5
可口,1
尊崇,9
崇敬,7
稱頌,5
傳頌,5
頌揚,7
先烈,3
恭謹,5
萬壽無疆,5
福壽年高,3
從善如流,5
尊貴,5
拜懇,3
鼻祖,7
和婉,3
和順,5
嫺靜,1
安居樂業,5
安適,5
望眼欲穿,9
引人深思,3
妥靠,3
活脫脫,5
白璧無暇,9
標兵,5
不同凡響,9
誠摯,5
出色,5
懇摯,5
令人鼓舞,5
豪興,7
善始善終,5
果斷,5
機智,5
健美,1
侃侃而談,3
淳樸,5
大顯神通,5
動聽,5
豐碑,7
剛毅,5
誇獎,5
肯切,3
力挽狂瀾,7
流芳百世,9
美不勝收,5
感人肺腑,3
敏捷,5
能幹,5
果敢,5
挺秀,5
嬌嬈,5
妙趣橫生,3
披荊斬棘,7
氣吞山河,7
前赴後繼,7
勤勉,1
熱誠,5
日新月異,5
神采奕奕,5
盛名,9
忠心,5
坦率,5
推心置腹,5
文從字順,5
無微不至,7
聞名遐邇,7
嚴明,1
硬朗,3
優美,5
驚佩,5
整潔,5
周到,5
節烈,5
慈善,5
正大,5
堂堂正正,7
樸直,5
潔身自好,5
篤厚,5
憨厚,5
妥實,5
執着,5
不屈,5
勇武,5
初生牛犢,3
大度,5
虛心,5
浩氣,5
悃誠,5
肝膽相照,7
天公地道,5
儒雅,5
赳赳,5
好強,5
道德,5
倜儻,5
安分,5
脆生,3
讚揚,5
矢志不渝,7
假以辭色,3
親切,5
神韻,5
含蓼問疾,5
繁華,5
健壯,3
遼闊,3
輕捷,3
適當,5
香噴噴,5
雄厚,5
準確,5
清洌,3
寬大爲懷,5
代代紅,5
捨己救人,5
匡救,5
馳援,5
詠贊,7
稱道,5
讚歎不已,7
娟秀,5
秀媚,5
分外奪目,5
毫不利己,5
廉明,5
道不拾遺,5
聖人,9
賢良,5
勢不可當,5
準兒,3
入木三分,7
流芳千古,9
聲名遠播,7
有頭有臉,5
精美絕倫,9
獨佔鰲頭,7
一枝獨秀,7
獨具匠心,7
鶴立雞羣,9
不賴,3
鋼鐵長城,5
幫扶,3
寶地,7
報答,5
輩出,3
敗類,7
累世通好,5
繁榮昌盛,7
鴻均之世,5
年豐時稔,5
五風十雨,5
撥亂反治,5
抑塞磊落,3
鞭笞天下,7
腹中兵甲,7
牛刀小試,3
臣門如市，臣心如水,7
口快心直,1
緩急相濟,3
久要不忘,7
言而不渝,7
廢奢長儉,7
寬打窄用,5
斫雕爲樸,9
別具隻眼,5
推陳出新,7
地利人和,5
一路順風,5
矢志不愈,7
稱體裁衣,1
剛克柔克,1
知之爲知之，不知爲不知,3
力疾從公,5
一板三眼,5
歸全反真,3
再作馮婦,5
與人爲善,5
良工巧匠,5
藝高膽大,5
變古易常,5
海闊天空,5
善氣迎人,1
珠聯璧合,7
麟角鳳嘴,7
洞房花燭,5
陶猗之家,5
峻宇雕牆,3
賞信罰明,5
黃道吉日,3
馳名天下,9
名標青史,9
人死留名,5
談笑風生,7
隨時制宜,3
沒齒不忘,7
頓開茅塞,3
瞭若指掌,5
先知先覺,3
撫躬責己,5
鴻飛冥冥,5
利息秋毫,1
剛毅不訥,7
鞍不離馬，甲不離身,5
枕戈待旦,5
千了百當,3
因禍得福,5
諫鼓謗木,5
高下在心,3
殫智竭力,7
春深似海,5
天朗氣清,7
秋高氣肅,5
天府之國,9
羣芳竟豔,5
綠水青山,7
光彩耀日,5
小試鋒芒,3
左右開弓,3
出口成章,7
兼資文武,7
陸海潘江,9
七步成詩,7
神機妙算,9
胸中甲兵,7
卓犖超倫,9
殫見洽文,7
閎大不經,7
通人達才,7
真知灼見,5
白日昇天,3
破壁飛去,5
彪炳千古,9
涉筆成趣,7
讚不絕口,9
時通運泰,5
放歌縱酒,5
鳳冠霞帔,1
桃李滿天下,7
再造之恩,7
藏器待時,5
可操左券,9
根深葉茂,7
一箭雙鵰,5
功高不賞,9
不遺餘力,7
兼功自厲,7
臥薪嚐膽,9
拔樹尋根,7
明目達聰,5
手到病除,5
膽略兼人,3
鳳鳴朝陽,5
鸞翔鳳集,5
祥麟威鳳,7
下筆有神,5
未雨綢繆,5
仙風道骨,7
一表堂堂,5
感恩圖報,5
妙處不傳,5
如聞其聲，如見其人,3
危言危行,5
執法不阿,5
平地樓臺,5
福至心靈,5
風檣陣馬,5
飲醇自醉,3
人自爲戰,3
及鋒而試,3
兵強將勇,5
節節勝利,5
所向披靡,7
熊羆之師,5
擇善而從,3
孺子可教,5
改邪歸正,5
一改故轍,5
伯歌季舞,3
君子之交,3
逼真逼肖,5
去僞存真,3
丁一確二,3
明辨是非,3
奮勇當先,7
身先士卒,9
碧血丹心,7
食少事繁,5
風雨同舟,5
問安視膳,5
敬賢禮士,7
尊師重道,7
蔥白,7
CC,5
愛老虎油,9
精湛,5
冰心,5
併力,3
博雅,5
才賦,5
才學,5
蒼鬱,3
長技,5
超卓,7
沉摯,5
成名,5
承教,5
崇信,7
出藍,5
創舉,5
春山,3
純稚,5
桂冠,7
國光,5
國威,1
酣眠,3
淳古,5
慈憐,5
蔥鬱,3
翠藍,1
打躬,3
大觀,5
大士,5
大雅,5
得中,3
砥柱,7
懂行,5
洞究,1
獨步,5
篤學,5
端平,5
墩勸,3
發奮,5
繁盛,5
芳烈,5
放達,1
飛靈,3
肥壯,3
豐饒,5
富源,1
改過,3
剛性,3
高檔,5
高朗,3
高爽,5
更生,3
工穩,5
攻書,3
公認,7
觀止,9
光溜,5
好評,7
賀匾,5
賀喜,9
紅星,5
洪鐘,3
宏論,7
護佑,3
華彩,5
歡歌,5
歡宴,5
揮毫,5
活溜,1
積德,5
吉期,7
欽慕,5
勤勤,5
清官,5
佳境,7
精衛填海,5
美好,9
至交,7
見長,7
價廉質優,7
一塵不染,5
榜樣,5
精悍,7
英武,7
融融,5
寬容,7
自得其樂,7
高貴,7
英豪,7
絲絲入扣,5
體貼入微,5
告捷,7
操持,5
栩栩如生,7
仰望,7
傳家寶,7
功德,9
天香國色,9
高明,7
喜歡,5
豐盈,5
篤實,5
功勳,9
敞亮,5
模範,5
實在,5
高人,5
光潔,3
花魁,7
水到渠成,7
鞭闢入裏,5
有口皆碑,9
有血有肉,5
迎刃而解,5
玲瓏,5
濃鬱,5
天衣無縫,9
好聽,5
對眼,5
精雕細刻,5
響噹噹,5
先人後己,5
恢弘,9
好人,7
融融,3
閻羅,5
便民,5
亮堂,3
甜美,5
天翻地覆,5
痛快淋漓,7
動人,3
洋洋,5
清越,5
輕俏,5
晴好,5
慶賀,5
全勝,5
熱火,5
任俠,5
柔潤,5
睿智,5
善行,5
神力,5
省心,3
盛況,5
盛讚,7
詩意,5
爽健,5
肅然,5
騰歡,5
貼心,5
同樂,5
婉麗,5
溫婉,3
穩靜,3
沃饒,5
無雙,9
細嫩,5
先哲,5
纖巧,5
相成,5
驍健,5
心秀,5
興隆,5
寄懷,5
雄踞,5
雄圖,5
秀潤,5
煊赫,5
勳勞,5
雅懷,5
嫣紅,5
延譽,5
揚名,5
毅勇,5
英風,5
英秀,5
瑩瑩,3
勇決,7
優禮,5
幽韻,5
有素,5
圓渾,5
佳餚,7
兼顧,1
堅挺,5
簡質,5
舉薦,7
見地,7
見效,5
江山,3
獎賞,3
姣妍,5
姣美,5
佼佼,9
教益,5
解渴,3
巾幗,7
金湯,7
勻實,5
贊服,9
戰鷹,7
珍寶,7
珍聞,5
正論,5
指教,5
至品,7
致力,5
智巧,5
忠言,7
壯健,5
拙直,3
卓異,7
滋養,3
進展,3
晉職,3
尊嚴,5
盡歡,7
精本,3
精進,5
精敏,5
精通,7
精一,5
景氣,3
淨化,1
敬養,3
炯然,5
救星,5
巨構,5
捐軀,3
婞直,7
岸然,5
站得高，看得遠,5
有禮貌,5
因材施教,5
心地善良,7
秀色可餐,9
有價值,3
鄭重其事,9
鬱鬱蔥蔥,5
雍容華貴,7
絢麗多彩,7
胸懷坦白,7
值錢,3
味道鮮,7
有意義,5
玄遠,5
智勇雙全,9
忠心赤膽,7
準點,3
足智多謀,5
最新,3
矍鑠,7
娉婷,5
璞玉渾金,7
虔心,5
和藹,5
喜盈盈,5
楚楚可人,7
博聞強記,7
不厭其煩,5
才思敏捷,7
沉魚落雁,7
出以公心,5
純厚,5
大名鼎鼎,7
調諧,3
端雅,5
一筆一劃,7
一刻千金,9
有才幹,7
有鼻子有眼,5
欣欣然,5
發人深思,1
通今博古,7
風度翩翩,7
風流倜儻,7
風姿綽約,5
富可敵國,3
坦坦蕩蕩,9
高端,5
高屋建瓴,7
個性鮮明,5
恭恭敬敬,5
古色古香,3
光可鑑人,3
過謙,3
和風細雨,3
合情合理,5
很有意義,7
虎虎生氣,7
手不釋卷,3
史詩般,5
實惠,7
劃時代,9
極好,9
生機盎然,7
價值千金,9
堅固耐用,5
身強體壯,5
見多識廣,5
健康美,3
金壁輝煌,9
盡心盡力,9
嗓子好,5
銳敏,5
如魚得水,9
炯炯有神,5
具有歷史意義,9
認認真真,5
饒有餘韻,7
可以信賴,5
求實,5
寬懷,3
勤勤懇懇,5
恰如其分,7
令人高興,3
令人羨慕,3
萬人空巷,9
無容置疑,9
有頭有尾,7
有理有據,7
儀表堂堂,9
心口如一,9
無誤,5
平和,3
談言微中,5
曼妙,3
敏悟,3
名實相符,7
耐穿,3
蓬勃向上,5
錦繡江山,7
鞠躬盡瘁，死而後已,9
爲國捐軀,7
憂國恤民,9
經邦緯國,7
治國安民,7
乾坤再造,9
欣慰,5
快慰,5
喜悅,5
清馨,3
芬芳,3
歡蹦亂跳,7
皆大歡喜,7
雀躍,7
喜氣洋洋,7
恭喜,5
令人滿意,5
怡然自得,5
滿載而歸,5
起勁,3
勢如破竹,7
興沖沖,5
輕快,3
可喜,5
捧檄色喜,5
鼓腹謳歌,5
樂而忘返,5
賞心樂事,5
打成一片,5
粲然,5
喜眉笑眼,5
鼓歌載舞,5
甜蜜,5
懷裏裝梳子－舒心,5
啞巴拾金條－喜不可言,7
熱鬧,5
報捷,5
珍愛,5
讚賞,5
打動,3
流連忘返,7
心愛,7
無價之寶,7
不分彼此,7
親密無間,7
魚水情深,9
活力,3
甜犢情深,9
嬌嫩,3
心肝寶貝,7
慰勞,1
和煦,3
叫好,5
柔情似水,5
好吃,3
獨具特色,7
敬仰,9
瞧得起,3
承蒙,5
肅穆,7
推戴,7
先驅,7
虔誠,7
欽敬,7
天保九如,7
龜年鶴壽,7
福壽綿綿,7
長生不老,7
從諫如流,5
拜聆,7
慈祥,5
溫厚,3
婉順,5
綽有餘裕,5
泰然自若,3
安恬,7
不分畛域,5
百裏挑一,9
標緻,5
才華,7
吃苦耐勞,5
出衆,7
熱情,5
踔厲,5
全始全終,5
豪言壯語,5
堅定,5
匠心獨運,7
慷慨,5
聰慧,5
大義凜然,7
多謀善斷,7
豐富多彩,5
高超,7
快刀斬亂麻,3
合意,1
廉潔,5
流利,5
美觀,5
振作,1
敏銳,5
能手,5
中看,3
明麗,5
豔麗,3
妖嬈,5
雅俗共賞,7
披星戴月,7
氣壯山河,7
巧妙,5
勤學好問,5
熱火朝天,7
容光煥發,7
神聖,5
實事求是,5
專心,5
丹心,7
忠於職守,7
鐵面無私,7
萬衆一心,7
文豪,9
無畏,5
下筆成章,5
勇猛,5
優秀,5
淵博,5
正派,5
壯觀,7
和善,5
慈和,5
公正,5
端方,3
心直口快,3
信實,5
紅心,5
淳厚,5
戇直,3
驍勇,7
剛健,5
神勇,7
開化,3
恢廓,5
虛懷若谷,7
正氣,5
慈悲,5
俠義,5
不偏不倚,5
文氣,5
雄赳赳,7
飄逸,5
性感,5
自告奮勇,7
有志者事竟成,7
救苦救難,7
講信修睦,5
大發慈悲,7
才氣,5
祝哽視噎,5
情同手足,7
優雅,5
不屈不撓,7
繁茂,5
潔白,3
嘹亮,3
平坦,3
清脆,3
適宜,5
詳盡,5
茁壯,5
清洌洌,3
一清二楚,5
快速,5
短平快,5
猛將,3
英雄好漢,7
學好,3
不徇私情,5
經久不衰,7
稱譽,5
嘖嘖稱讚,7
韶秀,5
嫵媚,5
光燦奪目,7
吃苦在前,7
廉潔奉公,7
反腐倡廉,5
勇敢者,3
本分人,3
賢人,7
醫聖,9
清清白白,5
如火如荼,7
長盛不衰,7
奇偉,7
高精度,3
源遠流長,7
力透紙背,7
青史名垂,9
舉世聞名,7
醇雅,5
詳實,3
真金不怕火煉,5
高強,5
博大精深,7
登峯造極,9
別有風味,5
繪影繪色,5
過硬,5
上乘,5
言之有物,3
寶典,5
本色,5
比屋而封,7
風調雨順,5
黃金時代,5
暖衣飽食,5
物阜民康,5
懲惡勸善,5
邪不壓正,5
春風風人,3
舉賢任能,5
吐哺握髮,3
補天浴日,9
負重致遠,7
高擡明鏡,7
三過其門而不入,9
路見不平，拔刀相助,5
解衣推食,7
憞信明義,7
一言既出，駟馬難追,5
惠爾不費,7
厲行節約,5
別樹一幟,7
自成一家,5
凍解冰釋,5
應付自如,5
高歌猛進,5
百尺竿頭，更進一步,5
再接再厲,3
木人石心,5
誓死不二,7
運籌帷幄,7
守望相助,5
不露斤斧,5
鏤月裁雲,5
運斤成風,5
信而有徵,3
鳥槍換炮,5
積厚流廣,5
另眼相看,3
終非池中物,5
降龍伏虎,5
溫良謙恭讓,7
喜怒不形於色,3
含垢忍辱,5
龍肝豹胎,7
龍駒鳳雛,7
天作之合,7
新婚燕爾,7
五世同堂,5
安富尊容,3
撞府沖州,3
黃河水清,7
薪火相傳,3
名垂竹帛,9
身價百倍,5
吐屬不凡,5
詞窮理極,3
能言善辯,5
懸河瀉水,7
修身慎行,3
將心比心,5
聞一知十,5
豁然貫通,5
茅塞頓開,5
真相大白,5
懸崖勒馬,1
負荊請罪,7
三年不窺園,7
家給人足,5
腰纏萬貫,7
生財有道,3
浩然之氣,7
傲雪欺霜,5
湯池鐵城,5
常備不懈,5
枕戈待敵,5
今非昔比,5
安不忘危,3
諫爭如流,5
竭盡全力,7
春意盎然,5
鶯歌燕舞,9
魚米之鄉,5
茂林修竹,5
水木明瑟,7
五彩繽紛,5
據理力爭,1
一日之長,5
八斗才,5
初露鋒芒,5
金聲玉振,9
亂世英雄,9
奇才異能,5
嵩生嶽降,7
雄才大略,9
登堂入室,7
烈火見真金,5
步步登高,3
青雲直上,7
出凡入聖,9
生榮死哀,7
眉目如畫,5
時運亨通,7
陶然而醉,5
大家閨秀,5
嚴師出高徒,5
平生願足,7
十之八九,7
自力更生,5
老馬嘶風,3
錦繡前程,9
六畜興旺,7
一舉兩得,5
功均天地,9
不知肉味,5
苦心孤詣,7
嚮明而治,7
八方呼應,1
遙相應和,1
德才兼備,5
蓋世無雙,9
南金東箭,5
思如涌泉,5
倚馬可待,5
無一不備,7
仙露明珠,5
羽扇綸巾,5
目如懸珠,3
英姿煥發,7
掃眉才子,5
顧復之恩,3
犯顏極諫,7
披露肝膽,7
無偏無黨,5
執法如山,5
重整旗鼓,3
操刀必割,5
雲起龍驤,5
氣壓山河,7
棄瑕錄用,3
苦中作樂,3
迎頭痛擊,5
衝堅毀銳,5
燎髮摧枯,5
所向無前,7
勇冠三軍,7
篤志好學,5
勤學苦練,5
瓊漿玉液,5
白日衣繡,3
浪子回頭金不換,3
刮腸洗胃,1
知過必改,1
暗送秋波,5
奇旁福艾,3
長枕大被,5
綰角弟兄,5
總角之交,5
門無雜賓,3
不差毫髮,3
芝蘭玉樹,3
百年偕老,5
琴瑟和同,5
分毫不差,3
觸類旁通,1
懷鉛提槧,1
炳炳麟磷,3
奪胎換骨,5
戞戛獨造,3
不避艱險,7
奮勇直前,5
死不旋踵,9
不食周粟,7
士爲知己者死,5
絕少分甘,5
烏鳥私情,5
敬恭桑梓,5
禮賢下士,7
禮讓爲國,7
虛己受人,3
不伐其功,3
拋磚引玉,3
嗷嗷的,7
我踩,7
哈哈,7
pf,5
有形,3
haha,5
cool,5
Cool斃,7
3x,3
爆強,7
狐死首丘,5
捷報,5
精緻,5
璧謝,7
別才,5
稟呈,3
才俊,5
才藝,5
操勞,5
敞快,3
暢順,3
超等,7
超擢,5
稱職,5
成器,5
承平,3
馳騁,5
崇仰,7
出息,5
貴賓,5
國花,1
國優,5
酣然,1
含蘊,1
淳美,5
慈親,5
辭華,1
嵯峨,3
打拱,5
大吉,5
大壽,3
大禮,5
德澤,1
抵事,3
活寶,5
鼎助,5
洞燭,1
豆蔻,3
篤志,5
端然,1
頓悟,3
奪目,7
恩公,3
發憤,5
法寶,5
繁庶,3
芳鄰,5
紛華,5
奮勇,7
豐稔,3
豐足,3
風義,3
福地,3
富貴,5
甘洌,3
感染力,5
剛勇,5
高等,3
高邁,5
高揚,3
工細,5
恭賀,5
公心,5
光芒,3
好使,5
浩大,3
和風,7
賀詞,3
亨通,5
紅運,5
宏博,7
宏圖,7
厚誼,5
互惠,1
華燈,3
歡好,3
揮灑,5
活氣,5
積極性,3
機靈鬼,5
吉日,5
欽羨,5
勤劬,5
壯志凌雲,7
堂堂,3
一視同仁,1
恆久,5
恬靜,3
莊重,5
當仁不讓,3
悠遠,3
文雅,7
剛直,5
含蓄,3
捨身爲國,7
精巧,5
嘔心瀝血,9
滋潤,3
俊秀,5
智謀,5
誠實,5
絕色,7
結實,5
便民,5
舒服,3
金玉滿堂,5
迷途知返,1
健全,3
麻利,3
明澈,3
健康,3
靈通,5
甜美,5
矯健,5
極致,9
端莊,5
紅火,3
清新,3
斯文,5
真心實意,5
直性子,5
喜愛,5
真心,7
開朗,5
榮幸,5
四平八穩,5
巍然,3
蹊徑,3
心靈,7
支持,5
日以繼夜,1
秀氣,7
乾脆,3
飽滿,5
舒展,5
樸質,5
內行,5
龍騰虎躍,7
堂堂,7
粗獷,5
用心,5
眷戀,5
賞心悅目,7
紀念塔,3
意境,3
獎掖,5
祝願,5
毫無保留地,3
安國寧家,3
志同道合,3
隨羣,3
不簡單,5
報恩,3
清流,3
榮任,5
新生,3
於飛,5
玉碎,5
佳麗,9
真諦,7
知遇,5
主人翁,3
特級,9
寶塔,3
大處落墨,1
了了解人意,3
高倪大談,3
清揚,5
輕妙,5
情愫,3
瓊瑤,5
遒煉,3
饒沃,7
仁德,5
榮登,5
柔曼,5
軟語,5
森森,5
深通,5
生機,3
盛會,5
盛筵,5
詩聖,7
帥氣,5
順當,3
素淨,3
恬謐,3
通人,5
完善,3
旺健,5
聞名,3
蓊勃,5
無疆,3
稀珍,5
仙境,5
鮮嫩,5
顯豁,5
祥瑞,5
偕老,5
新雅,5
欣悅,5
及時雨,5
濟助,3
寄情,3
雄豪,3
雄師,3
秀慧,5
栩栩,5
絢爛,5
雅愛,5
雅士,5
嚴慈,5
豔冶,5
怡樂,5
義氣,5
茵茵,5
英爽,5
瑩潔,3
硬手,5
優待,5
幽婉,5
有動,5
有益,5
愉樂,5
煜煜,5
佳話,7
佳品,5
嘉尚,9
堅勁,7
簡樸,5
踐約,3
鑑賞,9
見解,5
健實,5
獎牌,3
獎勸,3
交誼,3
嬌黃,3
嬌小,3
教化,5
接遇,3
節儉,5
解放,7
藉助,5
金口,5
錦標,3
韻致,3
鋥亮,5
戰功,3
照耀,1
真確,5
珍奇,7
正道,5
知名,5
值得,5
至寶,7
至友,5
摯情,7
忠告,7
周正,3
祝酒,3
專家,3
壯碩,3
卓然,7
姿容,5
進賢,5
奏捷,5
尊稱,3
座上客,3
盡致,9
精到,5
精靈,7
精審,3
精研,3
精壯,5
經用,5
警省,1
競秀,5
敬辭,1
勁旅,3
救荒,3
居首,3
鉅子,9
眷愛,7
有心眼,5
先公後私,9
文武全才,9
賢慧,9
胸懷坦蕩,9
有所作爲,9
有教養,9
真心真意,9
震古爍今,9
幽默滑稽,9
衣冠楚楚,9
言簡意賅,9
香甜可口,9
直心眼,3
五彩紛呈,9
死心塌地,9
至尊至貴,9
忠貞不渝,5
資深,5
最好,9
倜儻不羈,7
呱呱叫,5
驃勇,3
斐然,5
皎白,3
靚麗,3
困迫,5
藹然可親,5
安安穩穩,3
安如磐石,3
表裏一致,5
秉持公正,5
博聞,5
不卑不亢,5
不亢不卑,7
不懈,3
才華橫溢,7
朝氣勃勃,5
持正不阿,7
赤膽,5
出身名門,1
醇濃,3
聰明絕頂,7
簇新,3
大膽潑辣,3
淡泊名利,3
凜凜,7
滴水不漏,1
穠豔,3
度量大,3
多快好省,3
奶聲奶氣,5
藥到病除,9
一呼百諾,9
有能力,9
有地位,9
輕淡,1
非常熱心,3
絲毫不差,9
甘之如飴,3
剛直不阿,5
高精尖,7
高雅簡樸,5
耿介不阿,5
夠意思,3
光燦,1
國泰民安,5
毫髮不差,3
好玩兒,1
合乎邏輯,1
赫赫有名,7
爽目,5
數得上,3
受聽,3
守時間,5
實實在在,5
省儉,3
渾身是膽,3
甲等,1
深透,5
深藏若虛,7
見微知著,5
健碩,3
錦簇花團,5
精神煥發,5
經驗豐富,5
景色優美,5
如雷貫耳,9
舉止文雅,5
絕佳,9
俊美,5
饒有興致,3
可信任,3
清新淡雅,7
空前絕後,9
清亮亮,3
輕而易舉,3
俏皮,5
老練,3
謙順,7
氣概不凡,9
靈透,5
完好如初,3
無比幸福,9
勻和,3
有眉目,5
優等,9
學識淵博,9
顯耀,9
無人不曉,9
無償,9
鐵打,9
彌足珍貴,3
明理,5
目光如炬,5
判斷正確,3
哀感頑豔,5
父母國,5
鐵打江山,7
嫠不恤緯,9
國爾忘家,9
捐生殉國,9
以身許國,9
懷柔天下,9
束杖理民,9
救亡圖存,7
歡暢,5
舒心,3
驚喜,7
豁朗,3
香澤,5
大喜過望,9
歡天喜地,7
樂呵呵,5
喜衝衝,7
欣喜若狂,9
盡情,5
心滿意足,3
如願,3
感奮,3
陶然,3
知足常樂,5
好客,3
驚喜欲狂,9
喜笑盈腮,5
盡歡而散,5
普天同慶,7
可心如意,3
酒酣耳熱,5
笑顏,5
熱情洋溢,5
感激涕零,3
燕雀相賀,5
飛揚,3
愛悅,5
可心,5
珍視,5
鍾愛,7
慈愛,5
陶冶,3
由衷,5
友誼,5
嬌柔,3
爭氣,5
束身自好,1
呼吸相通,7
形影不離,7
溫暖,5
千里鵝毛,7
息息相關,5
綻放,1
益友,3
千古不滅,7
暖融融,1
有過之而無不及,5
寶愛,7
碧綠,3
擁護,7
敬重,5
偉績,9
心悅誠服,3
美意延年,3
福壽雙全,3
福祿雙全,3
先行者,5
依順,3
亮節高風,5
拜候,5
拜望,5
和藹可親,1
和易,3
仰不愧天,7
若無其事,3
一方平安,5
安居,5
真實,3
昂揚,5
抱負,5
博學多才,7
稱讚,5
崇高,7
豪壯,7
幹勁,5
豪情,7
持之以恆,5
光彩,5
機警,5
簡潔,3
兢兢業業,7
闖將,3
大無畏,7
典雅,5
廢寢忘食,7
富強,5
刻苦,5
懇切,5
雷厲風行,7
玲瓏剔透,7
茂盛,5
溫情,5
煥發,5
好整以暇,9
沉毅,5
秀麗,5
華美,5
矜持,5
好玩,7
鵬程萬裏,5
氣衝霄漢,7
謙虛,5
勤快,5
全心全意,7
任人唯賢,5
捨生忘死,7
恩重如山,7
目不轉睛,7
尊老愛幼,5
孝子賢孫,5
視死如歸,7
蔚然,3
無敵,9
海涵,5
雅觀,5
異彩,5
用功,5
讚佩,5
仗義執言,5
忠厚,5
賢德,5
賢惠,5
好心,5
磊落,5
爽氣,5
聖潔,5
忠義,7
厚道,5
渾樸,5
寬厚,5
好說話,5
英勇,5
壯士,3
寬宏,5
傲骨,5
英氣,5
深摯,5
披膽,5
中允,5
圓通,5
雄威,5
安分守己,5
儉省,5
端重,5
正統,3
洪亮,3
甘美,5
堅韌,5
堅定不移,5
救災恤鄰,7
團隊精神,5
有生氣,3
情面難卻,5
真情實意,5
千恩萬謝,5
光滑,3
寬敞,3
切實,5
柔軟,5
興旺,5
湛藍,1
澄澈,3
清麗,5
矯捷,5
英傑,7
羣英,5
公正無私,5
枵腹從公,5
仗義疏財,7
解救,5
救難,5
沁入心扉,3
歎賞,5
時髦,5
清秀,5
亮麗,5
光彩奪目,5
多姿,5
清廉,5
清正,5
硬骨頭,3
涅而不緇,7
雅俗,5
賢哲,7
玉潔冰清,5
固若金湯,5
國富民安,5
準確無誤,5
千古不朽,9
極負盛譽,7
搶手,1
質優價廉,7
道地,3
完美無缺,9
俱佳,3
超羣絕倫,9
天下無雙,9
別具一格,7
一是一,3
有目共賞,5
諧美,5
匠心獨具,7
琅琅上口,3
再生父母,7
昂然,5
板正,3
褒譽,7
寶山,7
爆滿,3
芝焚蕙嘆,5
任重道遠,5
含沙射影,1
憂國憂民,5
激切,1
千人唱，萬人和,7
大同境域,7
海不波溢,5
民和年豐,5
太平盛世,7
鋤強扶弱,3
桃李不言，下自成蹊,5
陶情養性,5
尺短寸長,1
披榛採蘭,3
珊瑚在網,5
八仙過海，各顯神通,3
獨當一面,5
拱揖指揮,5
力所能及,3
一清如水,7
先天下之憂而憂，後天下之樂而樂,9
胸無宿物,5
扶善懲惡,7
義不容辭,1
扶危濟困,7
信譽卓著,7
節用裕民,7
省吃儉用,3
別出機杼,5
獨樹一幟,7
不召而來,5
無往不利,7
奮起直追,3
韜光養晦,1
瓜熟蒂落,9
計深慮遠,5
升高自下,5
伯仲之間,3
復舊如新,3
相濡以沫,5
左提右挈,5
管止神行,5
心手相應,5
遍地開花,5
一日千里,5
迴心轉意,5
蓬生麻中，不扶自直,5
有志不在年高,3
羣策羣力,3
移山倒海,5
掃榻以待,3
清和平允,3
老成之見,3
崑山片玉,7
麟肝鳳髓,7
希世之寶,7
入鄉隨俗,3
人生七十古來稀,7
夭桃穠李,7
安貧樂道,3
向平之願,3
詩禮之家,5
高門大屋,3
拈花微笑,3
克紹箕裘,3
不祧之祖,7
立身揚名,5
名重一時,5
妙語解頤,7
持平之論,3
敏於事，慎於言,5
分毫析釐,3
"眉頭一皺,計上心頭",5
臨機應變,3
守經達權,1
銘感不忘,5
心知其意,3
反求諸己,3
堆金積玉,5
風清月白,5
鱗次櫛比,5
晚食當肉,5
公平交易,3
疾風知勁草,7
嚴陣以待,5
兵精糧足,5
不夷不惠,3
邂逅相遇,3
轉禍爲福,7
應權通變,3
殫精竭慮,7
金龜換酒,5
春暖花開,5
柳暗花明,5
火樹銀花,5
虎頭虎腦,5
深圖密慮,5
文才武略,5
鑽天入地,9
才氣過人,9
公才公望,7
絕世無雙,9
弸中彪外,7
人中騏驥,7
王佐之才,9
嶄露頭角,5
大方之家,5
觀於海者難爲水,5
滿腹詩書,7
遠見卓識,7
歲寒知松柏,7
平步青雲,5
感恩戴德,9
面壁功深,7
英雄所見略同,7
一得之功,1
對酒當歌,5
生死不二,5
小家碧玉,3
河汾門下,3
龍眉皓髮,3
樂道安貧,5
吹灰之力,9
以碫投卵,9
傾心吐膽,3
夫唱婦隨,3
方興未艾,7
與日俱增,5
功垂竹帛,9
倍道兼行,7
攻苦食淡,7
韋編三絕,9
自強不息,7
耳聞不如目見,1
割股之心,5
相輔相成,3
黿鳴鱉應,3
獨步一時,5
國士無雙,7
教一識百,3
五行並下,3
工欲善其事，必先利其器,3
名士風流,5
一表非俗,3
靡顏膩理,5
星眸皓齒,5
丰姿冶麗,7
白髮紅顏,3
知恩報恩,5
歐鷺忘機,3
推誠相見,5
直到事人,5
情見乎辭,3
經始大業,9
待時守分,3
改天換地,5
與民更始,3
略跡原情,3
雅量豁然,5
力爭經營,1
箭不虛發,5
百戰百勝,7
揮戈反日,7
生力軍,3
驍勇善戰,5
左縈右拂,3
目不窺園,3
載酒問字,3
教導有方,5
改過遷善,5
洗心換骨,5
困而學之,1
不露圭角,3
傅粉何郎,5
雕章琢句,3
交淺言深,3
不同流俗,5
首肯心折,9
玉昆金友,9
不忘故劍,3
白黑分明,5
運用之妙，存乎一心,3
班師回朝,5
含英咀華,3
五車書,5
鴻篇鉅製,5
正心誠意,5
小廉曲謹,5
單槍匹馬,7
履險如夷,9
勇者不懼,7
寧爲玉碎，不爲瓦全,3
安危與共,5
大杖則走,5
程門立雪,5
敬天愛民,7
以禮相待,7
集思廣益,5
朝聞夕改,5
大巧若拙,7
捨我其誰,5
哇塞,7
ding,7
巨強,7
爽歪歪,7
qiang,3
贊一個,5
自信,5
津津有味,3
定心丸,7
沉着,3
精闢,7
裨益,3
彪炳,7
彬彬,5
秉直,5
博覽,5
才調,5
才思,5
彩旗,3
蒼茫,3
長策,3
暢茂,3
暢遊,5
超前,3
沉雄,5
稱歎,7
澄明,3
出塵,7
傳誦,3
春光,3
純貞,5
瑰奇,5
國粹,5
國手,5
憨態,3
酣飲,3
慈藹,5
蔥綠,3
粹集,1
答禮,3
大人物,3
大幸,5
膽識,5
得行,5
的真,3
地望,3
鼎盛,5
東風,3
洞見,3
洞悉,3
督師,1
篤守,5
端麗,3
墩樸,3
奪冠,5
恩愛,3
恩義,3
發軔,3
繁花,3
芳醇,3
芳馨,3
肥美,5
奮進,5
豐年,3
豐沃,3
風華,5
富歲,3
改革,3
甘芳,3
甘旨,5
剛氣,5
高峻,3
高士,9
告竣,3
工力,7
攻破,1
功勞,3
公評,5
拱服,5
關愛,5
管用,3
光華,7
光澤,3
閨秀,7
悍勇,1
豪俠,9
河嶽,7
合理化,1
和祥,7
賀幛,3
紅榜,3
宏朗,3
厚禮,3
虎威,5
花朵,3
歡唱,9
歡送,3
徽號,5
惠及,5
活動家,1
豁然,7
激越,9
機斷,5
吉利,7
吉兆,7
死黨,5
親誼,1
勤敏,5
清芬,3
豪爽,7
永恆,5
嬌滴滴,7
堅決,3
名不虛傳,5
寵辱不驚,9
見識,5
不念舊惡,5
金針,5
到家,7
風和日麗,7
血性,7
純淨,3
除舊佈新,3
三朝元老,5
花團錦簇,5
神妙,7
起死回生,9
莫逆之交,3
表率,5
吐氣揚眉,5
威嚴,5
友好,3
如臂使指,5
奼紫嫣紅,3
萬馬奔騰,9
嚴謹,5
尊敬,3
鍥而不捨,5
盛大,5
純真,5
精深,7
涵養,3
奮起,3
褒獎,7
甜絲絲,7
完美,9
風和日暖,3
捨己爲人,5
紮實,5
醇樸,7
廉政勤政,5
革命,3
功力,3
十拿九穩,9
銳利,5
雅正,5
周全,5
堅固,3
並進,1
多姿多彩,5
無拘無束,9
巍峨,5
躍然紙上,7
磨杵成針,5
宏大,7
純樸,5
純正,5
可敬,5
暢快,7
沁人心脾,5
充沛,5
豪放,5
利害,5
大智若愚,5
穩步,3
瀟灑,5
富足,5
光前裕後,9
與世無爭,3
正經,7
清爽,7
光耀,5
公道,5
烈士,5
功績,3
追求,5
清俊,5
清切,3
清逸,5
情韻,3
請教,3
遒媚,5
饒裕,7
仁惠,5
榮獲,5
柔美,5
瑞氣,5
森鬱,5
順適,3
生色,3
盛舉,5
盛宴,5
詩豪,7
爽暢,5
素樸,3
淡然,3
威名,5
聞人,3
蓊鬱,5
無前,3
喜報,5
先導,5
鮮潤,5
顯明,5
驍悍,5
新顏,5
欣躍,5
極頂,5
雄渾,3
雄視,3
秀勁,5
煦暖,5
雪亮,5
雅飭,5
雅玩,5
燕爾,5
怡神,5
義士,5
英才,5
英挺,5
瑩然,3
頂禮膜拜,5
優撫,5
幽嫺,5
有趣,5
有緣,5
腴潤,5
淵深,5
佳節,9
嘉慰,7
堅確,5
簡切,3
拍案叫絕,5
見愛,7
人心大快,5
健旺,7
交映,3
嬌藍,3
嬌婉,5
牛氣,5
節能,3
清高,5
津潤,1
金甌,5
在理,3
嶄齊,1
哲人,5
真知,5
正軌,5
知心,5
值價,3
至當,5
致賀,5
制勝,5
忠骨,5
珠璣,5
莊靜,3
壯行,5
卓識,7
姿色,5
晉升,5
尊奉,3
近情,3
精核,3
精密,3
精熟,5
精嚴,3
晶光,3
井然,3
儆醒,1
心儀已久,7
諍友,3
勁秀,3
救急,1
就義,5
據理,1
眷顧,5
以德報怨,9
有心眼兒,3
令人敬畏,3
爲人寬厚,9
文武雙全,9
小巧玲瓏,9
正大光明,9
枝繁葉茂,9
有血氣,9
因時制宜,9
學有專長,9
行雲流水,9
知書識禮,5
直心眼兒,3
物阜民豐,9
沉靜,3
安全,3
死得其所,5
濟困扶危,5
發人深省,3
象樣,5
智慧型,5
質優,3
忠良,5
壯闊,3
仔仔細細,3
最佳,3
逍遙自在,5
瑕不掩瑜,5
熠熠生輝,3
霽月光風,5
繫念,3
看得上眼,3
安如泰山,5
頌讚,5
改弦更張,3
喜幸,3
飽學,5
鞭闢近裏,5
楚楚可憐,3
車水馬龍,3
出手不凡,5
春秋鼎盛,7
久戰沙場,1
大而全,1
心慕手追,1
低調,1
春秋筆法,1
鼎鼎大名,3
端端正正,1
一乾二淨,9
優勝,9
信息豐富,9
篤信,7
甘服,5
高聳,3
爾雅,3
風景如畫,3
鳳毛麟角,7
斯斯文文,9
高純,1
高深,1
高質量,3
功不可沒,7
鼓舞人心,3
光燦燦,1
滾瓜爛熟,1
毫髮不爽,3
好心腸,1
合口味,1
鶴髮童顏,1
後生可畏,5
樹葉茂盛,1
受看,3
使用方便,3
實實惠惠,5
聖明,9
神通廣大,9
堅持不渝,3
深奧,3
見微知萌,5
講禮貌,3
筋道,1
謹言慎行,1
精神十足,3
軟心腸,3
入耳,3
柔中有剛,5
絕了,5
羣威羣膽,3
開拓型,5
全知全能,7
清幽幽,3
快人快語,3
清朗,5
皮實,3
親暱,3
輕鬆,3
旗幟鮮明,3
心心相印,9
完好如新,9
樸拙,7
無所不能,9
有理由,9
毅然,9
心明眼亮,9
無可厚非,9
穩紮穩打,9
滿腔熱血,3
面善,1
明睿,5
目光遠大,5
噴噴香,3
哀絲豪竹,3
江山如畫,5
萬裏江河,9
安穩,3
濟世安邦,9
文治武功,9
開國濟民,7
康樂,3
舒坦,3
歡愉,5
馨香,3
高高興興,5
歡欣鼓舞,7
樂滋滋,5
喜出望外,7
心花怒放,9
開懷,5
中意,5
正中下懷,3
熱烈,3
過癮,5
陶陶,3
酣暢,3
幽默,3
滿面春風,3
喜形於色,5
旌旗蔽日,7
眉飛色舞,5
拍手稱快,5
喜逐顏開,5
輕暖,5
深望,3
喜色,5
喜笑盈思,5
感同身受,3
火熱,5
馨香禱祝,7
安康,3
甜爽,5
辛勞,5
嚴守,3
珍禽,1
祝壽,3
天使,7
有智慧,5
柔媚,1
愛不忍釋,7
舐犢情深,7
連根共樹,7
形影相追,7
謐靜,3
情不自禁,3
瞧得上眼,3
推尊,5
脈脈,3
沁人肺腑,5
不可或缺,3
奇蹟,9
崇尚,7
景慕,7
不朽,7
不懈怠,3
才略過人,7
偉人,7
五體投地,5
虔敬,5
延年益壽,3
麻姑獻壽,3
福壽齊天,3
一呼百應,3
伏帖,3
自重,3
拜會,5
寶眷,7
有條不紊,9
和悅,1
於心無愧,5
神色不動,3
風平浪靜,5
家喻戶曉,3
昭彰,3
魯女憂國,9
放之四海而皆準,9
傲然,1
高亢,7
不凡,9
盡瘁事國,9
出類拔萃,9
真摯,5
破家爲國,9
豪情滿懷,7
有始有終,5
光明磊落,7
機靈,5
見義勇爲,7
鞠躬盡瘁,9
純潔,5
大顯身手,5
頂天立地,7
奮不顧身,7
剛強,5
憂國忘家,9
真誠,5
達觀,3
躊躇滿志,7
眉清目秀,5
雅趣,5
朝氣蓬勃,5
從容不迫,5
其樂無窮,3
秀美,5
壯麗,3
逗趣,3
蓬勃,5
氣節,5
謙遜,5
勤勞,5
熱忱,5
日理萬機,7
身體力行,3
好意,5
暖乎乎,1
尊師重教,5
仗義,5
贊成,5
突飛猛進,5
關切,1
無堅不摧,5
闊達,5
雅緻,5
英俊,5
優良,5
感佩,5
朝氣,5
忠心耿耿,7
貞烈,5
仁愛,7
耿直,3
光明正大,9
爽利,5
冰清玉潔,5
忠烈,7
思戀,5
誠懇,5
敦實,5
柔順,5
一身是膽,5
猛士,3
博學,5
謙抑,5
豪氣,7
丹忱,5
剛烈,5
公平合理,5
風雅,5
虎虎,3
沉穩,5
心細,5
灑落,3
滑潤,3
得當,5
始終不渝,7
輿死扶傷,7
熱心,5
殷勤,3
弔死問疾,5
情深意重,5
知情達理,5
沁入肺腑,5
仔細,3
發達,5
浩蕩,3
利索,3
輕便,3
上等,5
敦厚,5
醒目,3
珍貴,5
誠篤,5
氣勢,1
清凌凌,3
飛針走線,5
冉冉,1
志士,5
無名英雄,7
愛憎分明,3
涓滴歸公,5
寶刀,1
誇讚,5
稱賞,5
禮讚,5
靈秀,5
壯偉,5
繁花似錦,5
見危授命,5
廉正,5
廉政,7
血性漢子,3
正面,3
聖賢,7
先知,7
童貞,3
言之有理,3
堅如磐石,5
國富民強,5
毫釐不爽,5
萬古流芳,9
甲天下,9
吃得開,3
價廉質優|,7
貨真價實,5
拔尖,5
全優,3
首屈一指,9
獨秀一枝,5
別具匠心,7
原汁原味,3
得天獨厚,7
繁麗,5
朗朗上口,3
金城湯池,5
盎然,3
幫補,3
備至,5
憂國如家,7
失望,5
人丁興旺,5
大有年,7
海晏河清,5
民殷國富,5
唐虞之治,5
撥亂反正,5
除邪去害,3
法不阿貴,7
一樹百穫,7
黜陟幽明,3
舉錯得當,3
千金買駿骨,3
思賢如渴,5
扶危持傾,7
國家棟樑,7
滿腹經綸,5
不私其利,7
洗手奉職,7
高義薄雲,9
義無反顧,7
扶危拯溺,7
抱柱之信,7
言必行，行必果,9
菲食薄衣,3
謹行儉用,7
細水長流,3
別出心裁,5
前無古人,9
一帆風順,5
堅心守志,3
矢志不移,7
對症下藥,3
因事制宜,5
洞中肯綮,7
事有必至，理有固然,9
相視而笑,3
萬全之策,5
棧山航海,3
將伯之助,3
雪中送炭,7
鬼設神施,5
熟能生巧,5
逢凶化吉,7
萬象更新,7
否極泰來,7
志氣凌雲,3
雷霆萬鈞,5
直言盡意,1
殺雞飲黍,1
柔心弱骨,1
少年老成,3
甘之若素,3
一狐之腋,5
公諸同好,1
賞不遺賤,5
門當戶對,3
光宗耀祖,7
書香門第,5
甲第連雲,3
方外之士,3
亙古未有,9
馳名當世,7
留芳萬古,9
青史留名,9
談笑而道,5
辯才無礙,1
披沙揀金,1
大而化之,1
告往知來,5
推己及人,3
銘記鏤骨,7
了了可見,3
一望而知,3
反聽內視,3
自知之明,3
豐衣足食,5
風清月皎,5
瓊樓玉宇,5
鋼打鐵鑄,3
兩全其美,3
金城石室,3
日月重光,5
風雲變態,3
咄嗟立辦,3
初寫黃庭,3
轉敗爲功,3
殫思極慮,7
春山如笑,7
千紅萬紫,9
秋高氣爽,5
形勝之地,5
琪華瑤草,5
良辰美景,9
光彩射人,5
算無遺策,5
武藝超羣,5
左宜右有,5
才識過人,1
加人一籌,7
龍躍鳳鳴,9
被褐懷玉,5
日試萬言,7
無出其右,9
錐處囊中,5
大含細入,7
報本返始,9
春風雨露,7
大德不酬,7
百世師,9
明見萬裏,7
有腳陽春,7
兩相情願,3
耳熱酒酣,3
同窗好友,3
開山祖師,7
再生之德,7
太公釣魚，願者上鉤,5
見可而進,1
指揮若定,9
情有可原,1
故劍情深,3
風靡一時,7
蒸蒸日上,9
功蓋天地,9
跛鱉千里,5
雞鳴而起,5
聞雞起舞,5
坐以待旦,5
明察暗訪,3
妙手回春,5
嘯聚山林,1
對答如流,3
後起之秀,3
善賈而沽,3
聳壑昂霄,1
下筆千言,3
磨厲以須,3
不拘形跡,3
翩翩少年,3
一表人才,5
面如滿月,3
鬚髯如戟,3
林下風氣,3
鬚眉皓然,3
知恩必報,5
偶俱無猜,3
危言讜論,5
直節勁氣,5
白手起家,3
開天闢地,9
待勢乘時,3
大氣磅礴,9
犯而不較,3
蒲鞭示辱,3
以直報怨,5
怯防勇戰,5
百戰不殆,3
堅甲利兵,5
師值爲壯,3
雄赳赳，氣昂昂,1
能徵慣戰,3
囊螢映雪,3
懸樑刺股,3
鑿壁偷光,3
孟母三遷,3
改過自新,5
洗心自新,5
藏龍臥虎,5
同心合意,3
交疏吐誠,3
刀槍入庫，馬放南山,3
天高地厚,9
元方季方,3
才子佳人,3
丁一卯二,3
遏惡揚善,3
皓首窮經,3
閎中肆外,1
蹈刃不旋,7
殺身成仁,9
有進無退,7
披心瀝血,9
分甘共苦,5
冬溫夏清,5
奉爲楷模,9
敬上愛下,7
衆星捧月,7
太強了,7
頂一下,3
弓雖,5
哇哈哈,9
o(∩_∩)o,5
dingding,5
8錯,3
登高望遠,7
喜訊,5
放心,7
處之泰然,3
精英,9
璧還,5
彪悍,3
冰釋,3
博洽,5
才分,5
才望,5
參拜,3
長處,5
暢適,7
超拔,7
超俗,7
沉勇,5
稱揚,7
乘龍,5
騁懷,7
沖霄,3
出尖,3
創見,5
創造力,3
純摯,5
龜鶴,3
國故,1
國術,1
酣夢,3
酣醉,5
淳風,5
慈慧,5
辭宗,5
蔥茂,3
粹聚,1
答謝,1
大道,3
大儒,7
淡遠,5
得宜,5
底蘊,1
疊翠,1
鼎新,3
懂門兒,5
洞曉,1
督率,1
端凝,5
墩請,3
恩德,3
發祥地,1
芳菲,3
芳姿,3
肥腴,3
奮力,5
豐腴,3
風節,5
扶疏,3
改觀,3
剛韌,5
高矗,3
高曠,3
告準,1
根治,1
工巧,5
攻取,1
功效,3
公論,9
拱立,5
廣博,9
歸心,7
捍衛,3
豪語,7
浩博,9
合身,1
喝彩,7
賀年,7
紅潤,1
宏麗,3
厚望,1
歡度,3
歡慰,3
揮戈,5
回春,9
惠然,5
活分,1
獲得,3
躋身,5
機鋒,9
大吉大利,7
集大成,9
切近,1
親和,7
欽服,3
勤樸,5
清貴,5
急轉直下,5
心潮澎湃,5
菲菲,1
古雅,5
開門見山,1
正經,5
充盈,3
氣派,7
悠揚,7
適口,3
一針見血,5
講理,1
大好,7
說一不二,7
言而有信,7
屹立,3
和和氣氣,5
美妙,7
樸素,3
意氣,5
燦爛,5
嚴密,3
公道,9
老實,3
不錯,3
穩便,1
亮堂,5
豐富,5
明媚,5
了不起,7
娓娓動聽,9
活潑,3
柔嫩,5
青天,9
恬淡,9
優哉遊哉,9
中肯,5
皇皇,5
相信,7
翻然悔悟,3
尊重,5
治世,7
生氣勃勃,5
一目十行,3
好手,9
先鋒,5
穩健,5
飛將軍,7
上進,5
擢用,1
光天化日,5
精練,3
真情,7
深刻,3
賞心悅目,7
文不加點,9
助人爲樂,5
扶掖,3
美味,5
開心,5
優質,3
正規,3
粗豪,3
超人,3
好笑,5
帶勁,3
真正,5
真心,5
權威,5
上進,3
情分,3
遒勁,3
肩荷,1
鑑定,5
交情,1
縱情,7
一葉知秋,9
鼓舞,5
善心,5
恭祝,5
萬紫千紅,5
借重,5
冷靜,5
清健,5
清心,5
輕靈,5
晴爽,5
穰穰,5
熱血,5
容姿,3
柔靜,5
軟媚,5
桑梓,3
深徹,1
神威,5
盛景,5
盛意,5
聖手,3
舒意,5
素雅,3
恬美,5
通亮,3
完好,3
旺熾,5
文名,3
穩帖,3
無華,3
稀貴,5
俠氣,5
鮮綠,5
嫺熟,5
詳密,3
諧婉,5
新秀,5
欣欣,5
集錦,1
濟世,9
紀念碑,3
雄風,3
雄強,3
秀拔,5
秀異,5
軒朗,5
壓軸戲,5
雅氣,5
妍雅,5
豔陽天,5
夷曠,5
義烈,5
逸韻,5
英模,5
瑩澈,3
穎異,5
勇壯,3
幽趣,5
有恆,5
有效,5
餘裕,5
郁烈,5
家珍,5
佳偶,9
嘉名,5
簡括,3
踐行,5
見惠,3
建樹,7
獎勵,3
獎狀,3
嬌紅,3
嬌妻,5
教導,1
接引,3
節操,7
金婚,3
謹密,5
韻味,3
造詣,5
戰果,3
朝陽,3
真詮,5
珍品,7
崢嶸,7
知己,5
直性,5
志行,7
至言,7
摯切,7
忠忱,7
祝捷,3
專長,3
壯實,3
卓犖,7
擢升,5
進軍,1
鑽研,5
左右手,5
盡職,3
精當,5
精煉,5
精勤,5
精雅,5
精裝,3
經世,9
警醒,1
景緻,3
靚妝,5
勁健,3
救護,1
掬誠,3
巨擘,9
鐫刻,3
訓練有素,9
震撼人心,9
頑石點頭,9
秀外惠中,9
有威信,9
有見識,9
真心誠意,9
站得住腳,9
有的放矢,9
音調優美,9
行之有效,9
諧趣橫生,9
直來直去,3
至尊,9
忠貞不屈,5
灼然無疑,5
最高級,3
倜儻不羣,7
婷婷嫋嫋,3
馥馥,3
抱不平,1
鼻酸,3
寬恕,3
叫絕,9
闆闆正正,1
閉月羞花,7
博識,5
勃勃生機,3
出身高貴,1
春光明媚,3
聰明過人,5
大大方方,3
淡泊明志,3
燈火輝煌,1
頂尖,5
多才多藝,3
眼疾手快,9
夜不閉戶,9
有名氣,9
有膽量,9
性情溫良,9
細巧,9
熾熱,3
三寸不爛之舌,5
八字打開,3
霸氣,3
經典,9
順暢,3
穩妥,7
打破沙鍋問到底,3
寒素,1
不驕不躁,5
不畏艱險,5
不武斷,1
才高八斗,7
芬芳馥郁,3
分文不取,1
風華正茂,3
奉公守法,3
思路清晰,9
坦誠相待,9
剛正不阿,5
高級化,1
高性能,3
夠水平,3
光彩炫目,3
瑰偉,5
毫不猶豫,3
好說話兒,1
合度,1
赫赫,3
爽心悅目,7
數得着,3
舒快,5
手快,5
世界級,3
實至名歸,7
十全,7
渾然一體,3
技高一籌,3
神奧,9
堅貞不渝,7
簡明扼要,3
上鏡,5
賞罰嚴明,7
山明水秀,7
精神抖擻,3
經久耐用,3
入味,3
如虎添翼,9
舉止端莊,5
絕好,5
俊麗,5
饒爽,5
可信賴,3
情文並茂,7
趣味盎然,7
清通,3
輕輕鬆鬆,1
強壯有力,5
理智,3
器宇不凡,9
突破性,9
其樂融融,5
文縐縐,5
原封不動,9
有門兒,9
有福氣,9
訓練良好,9
協調一致,9
平等互利,3
鐵案如山,9
迷人,3
明快生動,3
目光炯炯,5
內斂,1
排列整齊,3
哀而不傷,3
地大物博,9
天下爲一,9
毀家紓難,9
赤心奉國,9
捐軀殉國,9
以身報國,9
護國佑民,9
論道經邦,9
哀豔,3
歡欣,5
歡樂,5
鬆快,5
高漲,3
芳澤,3
春風滿面,5
歡騰,7
狂喜,9
嘻嘻哈哈,7
喜滋滋,7
心曠神怡,5
稱願,3
發噱,5
怡然,5
無憂無慮,3
載歌載舞,7
喜從天降,5
夾道歡呼,7
披紅戴花,7
久旱逢甘雨,7
酣暢淋漓,5
笑哈哈,5
悠然自得,3
鵲橋相會,3
圓滿,3
喬遷之喜,5
家弦戶誦,7
可意,5
熱愛,7
愛護,5
可愛,5
自豪,5
優點,5
心儀,3
青睞,3
可親,5
視如珍寶,7
耳鬢廝磨,5
如影隨形,7
寶貝兒,5
千里送鵝毛,3
痛癢相關,3
人心所向,5
小姑娘的臉蛋－愛煞人,5
暖洋洋,1
羅曼蒂克,3
嬌美,3
斑斕,3
碧藍,3
景仰,9
孝敬,3
貴姓,3
偉大,5
企慕,7
拜服,3
名譽,5
千秋萬歲,5
福壽無疆,5
福齊南山,3
吉人天相,3
依從,3
英烈,5
拜訪,3
拜識,5
名正言順,3
對得住,1
一團和氣,1
灑脫,3
衾影無愧,5
舉止自若,3
安外,5
朝聞夕死,9
守信,3
頭頭是道,3
愛惜,7
寶庫,7
波瀾壯闊,3
超羣,9
衝鋒陷陣,3
豪邁,7
催人奮進,5
宏願,7
矢志,7
輝煌,7
漸進,1
精益求精,7
克勤克儉,5
大公無私,7
典範,7
非凡,9
赴湯蹈火,7
高瞻遠矚,7
魁梧,3
老當益壯,7
伶俐,5
埋頭苦幹,5
柔情,5
勃發,5
自若,3
謹慎,5
審慎,5
靡麗,5
嬌豔,5
風趣,3
澎湃,3
謙和,5
勤懇,5
秋毫無犯,5
任勞任怨,5
勤奮好學,5
恩澤,5
聚精會神,7
孝子,5
事半功倍,3
通順,3
巍巍,3
穩重,5
犀利,5
響徹雲霄,7
義正詞嚴,7
涌現,1
幽美,5
斬釘截鐵,3
忠誠,5
美德,7
仁義,5
狷介,3
爽直,5
脫俗,7
精忠,7
盡忠,5
誠樸,5
持重,5
好性兒,5
大丈夫,5
膽略,5
穎慧,5
忠順,5
精誠,5
堅貞,5
公允,5
活泛,5
雄健,5
謹飭,1
專一,5
嘖嘖稱羨,7
洪大,1
甜潤,5
堅忍,5
纖塵不染,5
救死扶傷,7
團體精神,5
活波,3
作善降祥,5
情堅金石,5
全神貫注,7
警覺,3
傳神,3
工整,3
明智,5
強壯,5
全面,5
新穎,5
勻稱,5
清澈,3
迅捷,5
徐徐,1
悍將,3
英雄漢,7
公事公辦,3
廉正無私,5
搭救,5
救危排險,5
溫暖如春,3
讚頌,5
摩登,5
姣好,3
嬌豔欲滴,3
光芒四射,5
丟卒保車,5
水米無交,7
肅貪倡廉,5
超凡脫俗,7
不俗,5
貞潔,5
一清二白,5
安定團結,5
鮮活,3
民富國強,5
無可挑剔,7
有聲有色,5
勢不可擋,5
彪炳史冊,9
聲震寰宇,9
物美價廉,7
醇香,1
頂呱呱,7
搶眼,3
超塵拔俗,9
堪稱一絕,9
身手不凡,7
實打實,3
盡善盡美,7
獨領風騷,7
獨具一格,3
恩同再造,7
白淨,3
褒美,7
寶劍,7
報謝,3
惜老憐貧,1
慎重,5
憂國愛民,5
豪傑蜂起,5
大法小廉,7
國富兵強,5
朗朗乾坤,3
四海昇平,5
除患寧亂,3
正理平治,3
十年樹木，百年樹人,7
毛遂自薦,1
三顧茅廬,1
知人善任,5
存亡安危,9
功力兼人,5
經綸濟世,7
一琴一鶴,7
憂公無私,9
打抱不平,5
抑暴扶弱,7
扶傾濟弱,7
信誓旦旦,7
布衣疏食,7
節用厚生,7
輕車簡從,3
陳言務去,5
百事大吉,5
萬事亨通,7
弘毅寬厚,3
石爛海枯,7
至死不變,7
道古稽今，言遠和近,1
洞幽燭微,7
審時度勢,7
九天九地,7
必由之路,9
一鼓作氣,5
復舊如初,3
入室弟子,3
天下興亡，匹夫有責,1
阪上走丸,3
換羽移宮,5
百花爭豔,3
化險爲夷,5
直抒己見,1
賓至如歸,1
元龍豪氣,3
錦上添花,7
忍辱負重,3
二八佳人,5
錦瑟年華,3
郎才女貌,7
九世同堂,5
名門望族,5
洞天福地,5
發聾振聵,9
北辰星拱,9
德深望重,7
口吻生花,5
暢所欲言,5
洞見癥結,3
靈機一動,5
臨機處置,3
設身處地,3
心有靈犀一點通,3
暮鼓晨鐘,3
反躬自問,3
坐不窺堂,3
堆金疊玉,5
畫棟雕樑,5
動心忍性,7
嚴氣正性,5
一夫當關，萬夫莫開,5
厲兵秣馬,5
枕戈寢甲,5
後浪推前浪,5
耳目一新,3
不徐不疾,3
衰多益寡,5
鳶飛魚躍,3
通權達變,3
殫精畢力,7
悉索敝賦,5
春暖花香,5
麗日和風,5
風清月朗,5
水光山色,5
花朝月夕,5
雲蒸霞蔚,9
自始至終,3
兼權熟計,3
緯武經文,3
執牛耳,3
才貌超羣,9
風雲人物,9
絕世超倫,9
能文能武,5
人才出衆,5
頭角崢嶸,9
允文允武,7
立地書櫥,7
真才實學,5
試金石,7
蛟龍得水,9
兼覆無遺,7
一世龍門,7
失之東隅，收之桑榆,3
如入無人之境,3
生死之交,5
霧鬢風鬟,3
高足弟子,3
才調秀出,5
何樂而不爲,5
不敗之地,9
胸有成竹,9
披露腹心,5
鳳凰於飛,5
車馬盈門,5
雨後春筍,7
功標青史,9
書功竹帛,9
旰食之勞,7
夙夜匪懈,7
孜孜不怠,9
眼觀六路，耳聽八方,5
相輔而行,5
春蘭秋菊,3
獨步天下,9
急中生智,3
日下無雙,9
十行俱下,3
無所不通,5
凡事預則立，不預則廢,3
兼容幷包,7
龍章鳳姿,7
堯趨舜步,9
美如冠玉,5
相貌堂堂,5
風流旖旎,5
硃脣皓齒,5
以德報德,5
面折廷爭,5
守正不阿,7
直道而行,3
悃愊無華,3
過五關，斬六將,9
待時而動,3
改步改玉,1
清源正本,5
旗開得勝,5
寬以待人,5
萬頃之陂,5
忘懷得失,5
彈無虛發,5
置之死地而後生,3
橫掃千軍,7
人強馬壯,3
無敵於天下,7
縱橫馳騁,5
磨穿鐵硯,3
豁目開襟,3
勇猛精進,3
金玉良言,5
放下屠刀，立地成佛,5
洗心革面,5
慘淡經營,3
白頭相守,3
高山流水,5
玉堂金馬,3
修文偃武,3
兄肥弟瘦,3
並蒂蓮,1
一雙兩好,3
是非分明,3
過目不忘,3
好語似珠,1
一片至誠,5
從容就義,7
慷慨赴義,7
勇猛直前,7
黃花晚節,7
忠肝義膽,9
承歡膝下,5
卑禮厚幣,5
敬賢愛士,7
香花供養,9
不以人廢言,5
有則改之，無則加勉,3
遜志時敏,5
頂了,7
稀飯,5
超讚,9
Happy,5
牛x,7
kaka,3
年富力強,5
不慌不忙,3
鎮靜,3
精明強幹,7
畢肖,3
辯才,5
賓朋,3
秉正,5
博古,5
才識,5
蒼綠,3
徜徉,5
暢述,5
超邁,5
徹悟,3
稱慶,3
呈遞,3
呈祥,5
澄空,3
綢繆,5
傳世,5
創意,3
垂詢,3
純美,5
國賓,5
國事,1
憨實,3
酣甜,1
綽約,5
辭讓,1
蔥籠,3
璀璨,3
脆爽,3
答拜,3
大才,7
大器,5
膽氣,5
得道,5
的當,5
地利,3
典重,5
鼎力,5
洞達,3
洞天,5
篤情,5
端靜,3
敦聘,3
娥眉,5
恩物,5
繁富,3
範文,5
芳心,3
蜚聲,7
肥甘,5
奮鬥,3
豐美,5
豐收,3
風光,1
奉獻,7
福祉,3
富庶,3
賅備,3
甘當,5
剛決,5
高敞,3
高古,5
高臥,7
告成,3
革新,3
攻克,1
功底,1
躬行,1
夠朋友,9
乖覺,5
觀賞,3
汗青,3
豪舉,7
河山,7
合理,1
和調,1
賀聯,3
鴻儒,7
鴻福,7
宏闊,3
厚恩,3
虎勁,3
互助,1
化育,5
歡聲,5
黃金,5
恢復,1
惠風,5
活便,1
火花,1
激賞,9
機變,5
機運,1
吉星,9
切合,5
親睦,5
勤力,5
清醇,3
大師,7
天才,9
黑白分明,5
明察秋毫,7
皎潔,7
鬼斧神工,9
褒揚,7
管事,3
活躍,5
披肝瀝膽,7
遊刃有餘,9
燦若雲霞,9
因地制宜,3
婉轉,3
進步,5
骨幹,7
無私,5
身強力壯,3
激揚,9
坦白,5
大團結,1
柔和,3
合宜,3
謹嚴,5
用心,5
智囊,5
對頭,3
貢獻,5
狀元,7
和氣,1
深謀遠慮,7
喜事,7
曠達,5
把穩,5
便捷,5
英明,7
櫛風沐雨,5
拙樸,3
白璧無瑕,9
拿手好戲,5
涼快,3
氣昂昂,1
瑰瑋,9
奮戰,3
平易,5
適逢其會,5
欣賞,7
強盛,5
痛快淋漓,7
奮勉,5
祥和,7
大方,5
碩果僅存,3
豁亮,5
可觀,5
嬋娟,7
寧靜,5
父老,3
光復,3
長進,5
妙不可言,7
好事,5
經典,9
光耀,9
貢獻,5
依依,3
開闊,5
規範,5
佳人,5
樂天,1
鮮美,1
合時,1
和暢,1
和洽,1
虎背熊腰,1
精製,1
時新,1
恬然,1
溫馨,1
慧眼獨具,1
安之若素,1
擘肌分理,1
達權通變,1
道道地地,1
乾淨利落,1
鉤深致遠,1
敬業樂羣,1
平復如故,1
清晰可辨,1
情急智生,1
深歷淺揭,1
師出有名,1
後盾,1
:),1
帶動,1
洞視,1
富民,1
感召,1
好受,1
互讓,1
挺進,1
推服,1
熱流,3
脆美,3
煥然,3
馴順,3
初生牛犢般,3
甘美多汁,3
工緻,3
靜謐,3
美美,3
順眼,3
安瀾,3
厲害,3
藹如,3
不苟,3
稱意,3
崔巍,3
動人心絃,3
抖擻,3
獨到,3
多聞,3
粉嫩,3
鯁直,3
工工整整,3
恭肅,3
乖巧,3
貴重,3
浩渺,3
合歡,3
和睦,3
宏亮,3
華麗,3
活潑潑,3
獎罰分明,3
勁拔,3
近便,3
舉案齊眉,3
可塑,3
鏗鏘,3
樂觀,3
靈活機動,3
靈捷,3
靈敏,3
明慧,3
耐用,3
千嬌百媚,3
愜心,3
親近,3
清拔,3
清靜,3
清冽,3
清婉,3
遒健,3
灑灑,3
殊榮,3
舒緩,3
舒適,3
隨和,3
遂心,3
妥當,3
婉曼,3
娓娓,3
穩拿,3
問心無愧,3
響亮,3
笑影,3
雄武,3
瑩白,3
悠閒自在,3
娛心,3
知疼着熱,3
直腸子,3
直觀,3
著名,3
氣味相投,3
錯落有致,3
人盡其才,3
心廣體胖,3
風光如畫,3
整整齊齊,3
福與天齊,3
衣輕乘肥,3
囊括四海,3
笨鳥先飛,3
不蔓不枝,3
不失毫釐,3
持重待機,3
除暴安良,3
窗明幾淨,3
垂首過膝,3
椿萱並茂,3
慈悲爲懷,3
從容自若,3
大有裨益,3
得勝回朝,3
獨出心裁,3
耳聰目明,3
鋒發韻流,3
逢山開路，遇水搭橋,3
扶搖直上,3
富有成果,3
甘拜下風,3
各有千秋,3
公正客觀,3
古調不彈,3
繪聲繪影,3
豁然大悟,3
薑桂之性,3
腳踏實地,3
解語花,3
錦心繡口,3
精精神神,3
舉直錯枉,3
開誠相見,3
慷慨陳詞,3
口齒伶俐,3
口誦心惟,3
胯下之辱,5
快人快事,3
藍天生玉,3
翩若驚鴻,3
謙恭虛己,3
求民病利,3
燃糠自照,3
讓棗推梨,3
如數家珍,3
視民如傷,3
壽比南山,3
四海宴然,3
心堅石穿,3
心無二用,3
雄心壯志,3
栩栩如活,3
言猶在耳,3
研桑心計,3
一登龍門,3
一揮而就,3
一字不苟,3
易地皆然,3
受過良好訓練,1
隱惡揚善,3
有目共睹,3
秩序井然,3
燭照數計,3
足履實地,3
紅裝,3
愛侶,3
寶座,3
賓客,3
誠心,3
春暉,3
繁星,3
風采,3
府上,3
甘露,3
公僕,3
貴人,3
紀念堂,3
尖兵,3
接班人,3
耐性,3
韌勁,3
梟將,3
行家,3
秀色,3
硬漢,3
衆望,3
祝詞,3
壯心,3
告非,3
八錯,3
鬥豔,3
捐贈,3
感激,3
拜讀,3
奔馳,3
畢力,3
成功,3
成章,3
創業,3
發揚,3
豐登,3
濟困,3
見告,3
盡孝,3
精於,3
久慕,3
救助,3
欽贊,3
善終,3
歎羨,3
羨慕,3
雄麗,3
遵守,3
火速,5
榮膺,5
華豔,5
火熾,5
濟濟,5
公直,5
宏放,5
潔瑩,5
不含糊,5
昌隆,5
都雅,5
舒爽,5
投緣,5
楚楚,5
對路,5
筆挺,5
博達,5
不愧,5
赤誠,5
出口不凡,5
純謹,5
純情,5
淳化,5
慈眉善目,5
聰睿,5
聰穎,5
得體,5
得意,5
頂用,5
懂事,5
豐贍,5
負責,5
富裕,5
乾淨,5
幹練,5
甘甜,5
敢作敢爲,5
剛正,5
高潔,5
公而忘私,5
公平,5
恭敬,5
過人,5
涵蓄,5
歡慶,5
歡悅,5
機敏,5
激昂,5
濟濟一堂,5
兼優,5
儉樸,5
驕人,5
盡心,5
精彩紛呈,5
精美,5
精奇,5
精銳,5
精神飽滿,5
精心,5
雋永,5
可貴,5
空前,5
快捷,5
快樂,5
膾炙人口,5
老成持重,5
樂和,5
樂以忘憂,5
歷演不衰,5
率直,5
落落大方,5
面貌一新,5
面無愧色,5
妙曼,5
恰當,5
強健,5
愜意,5
親熱,5
勤奮,5
輕婉,5
清徹,5
晴美,5
全新,5
熱心腸,5
人和,5
仁慈,5
如花似錦,5
善良,5
神算,5
實意,5
使喜悅,5
始終不懈,5
所向無敵,5
堂皇,5
威風凜凜,5
溫柔,5
沃衍,5
無私無畏,5
無懈可擊,5
熙和,5
細膩,5
細勻,5
鮮麗,5
閒逸,5
賢明,5
嫺雅,5
相悅,5
笑嘻嘻,5
欣然,5
新興,5
興騰,5
雄壯,5
秀雅,5
軒敞,5
勳章,5
馴良,5
雅靜,5
妍麗,5
豔美,5
要好,5
逸趣,5
毅然決然,5
盈盈,5
踊躍,5
優裕,5
優越,5
有成,5
有爲,5
愉悅,5
玉宇,5
勻妥,5
讚羨,5
縝密,5
直率,5
至上,5
質樸,5
忠勇,5
專注,5
莊嚴,5
壯烈,5
自覺,5
自主,5
做得好,5
謙虛謹慎,5
聰明才智,5
同舟共濟,5
衣不解帶,5
別有天地,5
與虎添翼,5
兵不血刃,5
冰肌玉骨,5
天上石麟,5
出奇制勝,5
以身殉職,5
"不怨天,不尤人",5
紅花綠柳,5
老少無欺,5
令人欽佩,5
謙謙君子,5
百二山河,5
拔刀相助,5
百步穿楊,5
百廢俱興,5
博學多聞,5
補偏救弊,5
不恥下問,5
不法常可,5
不豐不殺,5
不拘一格,5
成人之美,5
赤誠相待,5
出將入相,5
出水芙蓉,5
綽綽有餘,5
大輅椎輪,5
當機立斷,5
地靈人傑,5
東山再起,5
洞若觀火,5
防微杜漸,5
奮發圖強,5
富國強兵,5
高才遠識,5
官運亨通,5
歸真反璞,5
海枯石爛,5
汗馬功勞,5
紅裝素裹,5
誨人不倦,5
極樂世界,5
己飢己溺,5
堅強不屈,5
節衣縮食,5
盡態極妍,5
盡忠竭力,5
近悅遠來,5
敬老憐貧,5
開誠佈公,5
堪稱第一,5
寬宏海量,5
老子婆娑,5
樂善好施,5
量力度德,5
淋漓盡致,5
令人信服,5
納諫如流,5
能工巧匠,5
排山倒海,5
披堅執銳,5
剖心析肝,5
普渡衆生,5
秦晉之好,5
勤儉持家,5
勤能補拙,5
青出於藍,5
情意懇摯,5
饒有風趣,5
日月入懷,5
山珍海錯,5
捨身圖報,5
生動活潑,5
聲譽鵲起,5
時和年豐,5
他鄉遇故知,5
銅牆鐵壁,5
痛改前非,5
投鞭斷流,5
溫文爾雅,5
息息相通,5
先見之明,5
心安理得,5
雅量高致,5
雅人深致,5
言之鑿鑿,5
衣香鬢影,5
應對如流,5
勇往直前,5
有板有眼,5
與民同樂,5
戰無不勝,5
正直公平,5
知書達禮,5
知書達理,5
壯士解腕,5
斫輪老手,5
自出心裁,5
走筆成章,5
嬌女,5
勝狀,5
古趣,5
景勝,5
儒將,5
福星,5
慈顏,5
功碑,5
風致,5
才能,5
芳名,5
肝膽,5
高才生,5
好心人,5
洪量,5
歡笑,5
金玉,5
凱歌,5
快感,5
良師益友,5
魄力,5
氣概,5
親和力,5
盛世,5
威望,5
俠骨,5
意中人,5
毅力,5
英靈,5
志趣,5
有才,5
會來事,5
拔份兒,5
薈萃,5
際逢,5
觀摩,5
輝耀,5
體惜,5
婷婷,5
解囊,5
拜請,5
報國,5
表彰,5
炳耀,5
長於,5
稱兄道弟,5
得人心,5
獨擅,5
放情,5
風靡,5
歡聚,5
兼備,5
建設,5
講求,5
敬慕,5
器重,5
閃爍,5
盛產,5
體念,5
洋溢,5
引薦,5
讚美,5
讚許,5
治學,5
忠於,5
機巧,7
完滿,7
精純,7
精鐫,7
有良心,7
高尚,7
和美,7
拔萃,7
百折不回,7
百折不撓,7
超絕,7
聰明伶俐,7
豐碩,7
好樣兒的,7
迴腸蕩氣,7
價廉物美,7
堅韌不拔,7
潔身自律,7
精彩,7
精嫺,7
絕妙,7
勞苦功高,7
樂不可支,7
滿懷豪情,7
名列前茅,7
年高德劭,7
氣度不凡,7
氣宇軒昂,7
愜當,7
傾羨,7
清風兩袖,7
情意綿綿,7
入微,7
颯爽,7
上上,7
深湛,7
坦蕩,7
文質彬彬,7
喜上眉梢,7
心慈面軟,7
友愛,7
忠實,7
鍾靈毓秀,7
自強,7
天開圖畫,7
品學兼優,7
靈丹妙藥,7
名下無虛,7
人給家足,7
方聞之士,7
急先鋒,7
經明行修,7
一馬當先,7
周急濟貧,7
不爲五斗米折腰,7
官清法正,7
恪守不渝,7
青眼相加,7
拔萃出類,7
弊絕風清,7
才高意廣,7
從一而終,7
從者如雲,7
大獲全勝,7
棟樑之材,7
多難興邦,7
焚膏繼晷,7
冠絕一時,7
金帛珠玉,7
救民水火,7
靠得住,7
滿腹珠璣,7
恰到好處,7
千里之駒,7
日久見人心,7
如膠似漆,7
如日方升,7
賞罰分明,7
神采煥發,7
生龍活虎,7
倜儻之才,7
五經筒,7
堯天舜日,7
一鳴驚人,7
一柱擎天,7
用兵如神,7
指天誓心,7
卓爾不羣,7
卓有成效,7
嬌兒,7
廣廈,7
弘旨,7
民族英雄,7
寶貝疙瘩,7
寶盒,7
才略,7
才女,7
大捷,7
高風,7
豪傑,7
結晶,7
精粹,7
靈性,7
人才,7
上品,7
賢達,7
掌上明珠,7
衷腸,7
卓見,7
灼見,7
足赤,7
NB,7
牛B,7
走召弓雖,7
LOL,7
極神聖,7
鳧趨雀躍,7
稱快,7
朝賀,7
垂盼,7
歌誦,7
關懷備至,7
嘉許,7
勉勵,7
欽佩,7
傾注,7
肅然起敬,7
信服,7
珍藏,7
諍諫,7
有一手,5
佳妙,9
蕙質蘭心,9
吉祥,9
回味無窮,9
至高無上,9
膏腴,9
光豔,9
彪炳春秋,9
超凡入聖,9
高風亮節,9
洪福齊天,9
歡聲雷動,9
恢宏,9
爐火純青,9
名垂千古,9
五星級,9
小心謹慎,9
眼光銳利,9
一筆不苟,9
一若以往,9
有朝氣,9
引人注目,9
博施濟衆,9
厚德載福,9
捨生存義,9
一碗水端平,9
寓意深刻,9
文文靜靜,9
捐軀赴難,9
徇國忘己,9
一民同俗,9
忠君愛國,9
忠君報國,9
一心一意,9
紮紮實實,9
垂名竹帛,9
永垂不朽,9
百無一失,9
必操勝券,9
不得了,9
出生入死,9
大節不可奪,9
大器晚成,9
恩同父母,9
經天緯地,9
空古絕今,9
馬革裹屍,9
巧奪天工,9
人定勝天,9
如日中天,9
鐵骨錚錚,9
萬無一失,9
微言大義,9
翁中捉鱉,9
無可比擬,9
興邦立國,9
秀外慧中,9
一五一十,9
英才蓋世,9
有根有據,9
有伸縮性,9
昃食宵衣,9
真真切切,9
重見天日,9
巨人,9
高行,9
傑作,9
捷書,9
真理,9
有滋味,9
甜蜜蜜,9
無疵,9
無瑕疵,9
心腸軟,9
有涵養,9
有學問,9
圓潤,9
嘉獎,9
弘揚,9
姮娥,1
獎盃,3
獎學金,3
幽香,1
比翼鳥,1
大席,1
度越,1
毫無問題,1
沒有攙雜,1
光鮮,1
激發,1
郎若列眉,1
名特優新,3
平價和售,3
神氣十足,3
爍亮,1
一臂之力,1
幫手,1
高效益,1
警切,3
蘢蔥,3
民主,3
明達,3
勻細,3
滌瑕盪穢,3
具有吸引力,3
居高臨下,3
開花結果,3
我負子戴,3
五顏六色,3
清鮮,3
輕健,5
輕盈,5
晴明,5
瓊漿,5
羣芳,7
柔滑,5
儒商,5
三好,5
神通,5
蘇氣,1
通才,5
婉媚,3
文才,5
穩實,3
沃野,5
霞光,5
鮮靈,5
諧和,5
濟楚,5
雄大,3
雄奇,3
軒豁,5
遜順,5
奕奕,5
逸羣,7
英名,5
穎悟,5
有方,5
鬱蔥,5
家學,5
佳釀,9
簡勁,9
踐諾,1
交輝,7
嬌好,5
結綵,7
捷音,9
金貴,3
勻整,3
珍存,7
振發,5
諍言,7
志向,7
至性,5
摯誠,7
衷情,7
祝賀,3
助益,3
卓立,5
自如,5
足色,5
左翼,3
盡意,5
精醇,7
精絕,9
精蘊,5
經師,5
靜心,3
鞠躬,3
鉅著,9
捐助,3
振奮人心,5
有同情心,9
一步一個腳印兒,9
文武兼備,9
寓意深長,9
真實可信,9
一身正氣,9
心胸開闊,9
五穀豐登,9
鋥光瓦亮,3
醍醐灌頂,3
體恤,5
雞犬不寧,3
百聽不厭,7
百折不撓地,7
表裏如一,5
博古通今,7
勃勃,3
澄淨,3
馳譽,3
粗中有細,3
打眼,1
短小精悍,3
一板正經,9
一門心思,9
有出息,9
眼光遠大,9
細針密縷,9
水滴石穿,9
高新,3
勾魂攝魄,1
毫不畏懼,3
合當,1
合胃口,7
舒舒服服,5
拾金不昧,7
渾金璞玉,5
深長,3
極品,9
健朗,3
山清水秀,7
精準,3
入時,7
如花似玉,9
舉止大方,3
人歡馬叫,5
饒富,7
可信,3
情真意切,7
求之不得,9
清晰明瞭,3
強有力,5
歷史性,3
靈快,3
通俗易懂,9
溜光水滑,3
萬夫莫當,9
有求必應,9
有個性,9
言語流利,9
鐵錚錚,9
美輪美奐,7
難能可貴,5
哀兵必勝,7
天下太平,3
一統天下,9
赤心報國,9
捐軀濟難,9
徇國忘身,9
獨立自主,9
厲精更始,9
光復舊物,7
欣喜,5
快活,7
爽心,3
異香,1
意氣風發,7
歡聲笑語,7
狂歡,9
手舞足蹈,9
喜洋洋,5
凱旋,5
遂意,3
遂願,3
樂趣,3
欣忭,5
樂不可言,7
深受感動,3
回嗔作喜,5
喜不自勝,9
擊壤而歌,5
鑼鼓喧天,7
張燈結綵,7
受寵若驚,5
嘻笑,5
笑吟吟,5
心寬體胖,3
笑眯眯,5
安樂,3
碧空,3
賞識,3
瑰寶,9
老牛舐犢,7
引人入勝,5
我見猶憐,5
寸步不離,5
如兄如弟,7
親密,5
十指連心,7
水汪汪,3
命根,7
噯呀呀,3
美味可口,3
白皙,3
碧澄,1
佩服,3
崇拜,7
歌頌,7
威信,3
欽仰,9
口服,1
三星高照,3
福星高照,3
華封三祝,3
遵奉,3
拜別,5
拜認,5
順和,1
內省不疚,5
見怪不怪,3
長治久安,5
倚門倚閭,3
服膺,7
毋庸置言,9
寶貴,5
彬彬有禮,5
昌盛,5
直爽,5
雄心,7
立志,5
煥然一新,3
堅貞不屈,7
克己奉公,7
大刀闊斧,5
顛撲不破,5
範例,5
風度,5
高雅,5
寬宏大量,7
牢不可破,5
臨危不懼,5
馬到成功,7
苗條,5
風發,5
耐心,5
細心,1
悅目,5
開明,3
磅礴,3
頑強,7
謙恭,5
勤儉,5
秋風掃落葉,1
仁至義盡,5
好學,5
居安思危,5
孝心,5
默契,5
挺身而出,5
威武,3
文宗,5
無與倫比,9
賢淑,5
一絲不苟,7
勇於,3
悠久,5
面不改色,3
中流砥柱,7
刮目相看,5
淳良,5
大慈大悲,9
耿介,3
真率,5
淡泊,5
忠貞,5
效忠,5
樸厚,5
純熟,5
盡責,5
敢作敢當,5
超逸,7
謙恭下士,5
雅量,5
披瀝,5
平允,5
捨己爲公,7
雄偉,5
氣貫長虹,7
可嘉,5
知趣,5
獨特,5
精細,5
救人須救徹,5
勇氣,5
佐雍得嘗,5
十全十美,9
闖勁,3
溫雅,5
高級,5
明淨,3
強大,5
晴朗,3
完備,5
辛勤,5
幽靜,5
執法必嚴,1
明明白白,5
飛速,5
款款,1
羣雄,5
持平,3
劫富濟貧,5
拯救,5
歷久不衰,5
讚歎,7
擡舉,3
水靈靈,5
柔情綽態,3
享樂在後,5
一身清白,7
廉潔自律,7
賢能,7
純潔性,5
政通人和,5
活用,3
繁榮富強,7
得法,1
繪影繪聲,3
銳不可當,5
超絕塵寰,9
遐邇聞名,7
萬流景仰,7
惠而不費,5
蕩氣迴腸,7
上好,5
精彩絕倫,9
漂漂亮亮,5
天下第一,9
稱德度功,1
醇厚,3
精良,5
超凡,5
不落窠臼,5
流暢,3
昂昂,3
拔尖兒,5
榜首,7
寶貨,7
報效,5
比美,3
悲壯,7
除害興利,7
舜日堯年,5
悅近來遠,5
除殘去暴,3
彰善癉惡,5
深自砥礪,5
不以一眚掩大德,1
各有所長,3
出手得盧,5
各顯其能,3
濟世安民,7
脂膏不潤,7
毫不利己，專門利人,9
成仁取義,7
疏財仗義,7
心口相應,7
敝帷不棄,7
節用愛人,5
勤則不匱,5
拔新領異,7
不主故常,3
自我作故,3
順流而下,3
昂首闊步,5
奮發有爲,5
因人制宜,5
洞鑑古今,9
權衡輕重,3
迥然不同,5
以類相從,3
以石投水,3
金科玉律,5
相去無幾,3
合浦珠還,5
夏雨雨人,5
左輔右粥,5
工力悉敵,5
棋高一着,5
精耕細作,5
蔚成風氣,5
面目一新,5
移風易俗,5
天馬行空,3
白玉無瑕,7
麟鳳龜龍,7
百齡眉壽,7
同牢之禮,3
竹苞松茂,3
銅筋鐵骨,5
繼往開來,5
德厚流光,7
名揚四海,9
咳唾成珠,7
至理名言,7
口若懸河,5
持盈守虛,1
眼明心亮,3
鄭重其辭,3
憂深思遠,3
可見一斑,3
引而深知,3
心領神會,3
度德量力,3
綽綽有裕,5
開源節流,3
殫財竭力,5
輕徭薄稅,7
公私兩利,3
百鍊之鋼,7
盛食厲兵,5
枕戈汗馬,5
不即不離,3
水落石出,7
曲突徙薪,5
詢謀僉同,5
全力以赴,5
春和景明,5
水碧山綠,5
繁華勝地,5
無邊風月,9
一以貫之,5
計出萬全,3
勝任愉快,3
有膽有識,7
才過屈宋,9
風流人物,9
絕倫逸羣,9
夢筆生花,7
琴心劍膽,7
鐵中錚錚,7
庸中佼佼,5
才貫二酉,7
高識遠見,7
重生父母,9
加官進爵,3
一日九遷,7
後來居上,5
一代風流,7
立竿見影,3
功成事立,5
生死與共,5
金釵十二,1
不羈之才,5
甘貧守志,5
百不失一,9
心中有數,5
千萬買鄰,5
有過之無不及,5
一舉千里,9
盛極一時,7
左右採獲,5
涓滴之勞,3
旰食宵衣,7
拳不離手，曲不離口,7
朝乾夕惕,9
嘗鼎一臠,3
詢於芻蕘,5
如響斯應,3
出人頭地,3
斗南一人,9
桂林一枝,5
人急智生,1
文思敏捷,5
不時之需,1
有條有理,5
龍行虎步,5
瑤林瓊樹,7
雙瞳剪水,3
粉裝玉琢,3
雲鬟霧鬢,3
一飯千金,5
開心見誠,3
上交不諂,3
正直無私,5
金石爲開,5
大有可爲,7
待價而沽,3
鼎新革故,3
棄舊圖新,3
功德圓滿,9
寬人大度,5
溫柔敦厚,3
生寄死歸,5
百發百中,5
知己知彼,5
攻無不克，戰無不勝,7
前歌後舞,5
威震天下,5
指日可下,3
敏而好學,3
火眼金睛,5
映月讀書,3
肺腑之言,5
伐毛洗髓,5
脫胎換骨,7
篳路藍縷,3
日無暇晷,3
友于兄弟,1
興文偃武,3
誠意正心,3
如壎如篪,3
一牀兩好,3
鉤玄提要,1
不能贊一詞,3
海立雲垂,1
一片丹心,5
初生之犢不怕虎,7
兼人之勇,7
勇猛果敢,7
肝腦塗地,5
之死靡它,9
晨昏定省,5
以終天年,5
敬老尊賢,7
師道尊嚴,7
不吝金玉,5
移樽就教,3
功成不居,5
勝不驕，敗不餒,5
暴笑,7
真牛,7
錦繡,7
畢生,3
賓禮,3
秉承,3
博大,5
不吝,3
才情,5
昌明,5
長足,5
暢行,3
超倫,5
徹亮,3
稱美,5
誠服,5
充裕,3
矗立,3
創議,1
垂手,5
純良,5
國寶,3
國是,1
過細,1
酣睡,1
崔嵬,3
脆嫩,3
達人,5
大喜,7
道喜,1
得時,3
低柔,3
典要,5
鼎鼎,3
洞徹,1
鬥士,5
篤論,5
肚才,5
敦睦,3
婀娜,5
恩榮,3
範本,5
芳容,5
豐茂,5
豐盛,5
風範,3
福音,5
富實,3
賅博,5
甘脆,3
幹才,5
高參,3
高手,9
搞活,1
梗直,3
攻關,1
功臣,7
恭正,3
躬逢,9
夠格,5
骨力,5
廣袤,3
圭謬,7
呵護,3
合口,3
和平鴿,1
賀禮,3
鴻博,7
洪福,7
宏富,5
厚待,3
後福,3
互通,1
華章,7
輝映,5
慧眼,9
渾古,5
擊賞,9
機遇,1
吉祥物,1
漁利,5
切當,5
親聆,3
勤苦,5
清碧,3
夠味兒,5
翩翩,5
細緻,5
應有盡有,5
獨闢蹊徑,7
淡雅,5
口碑載道,9
氣勢磅礴,9
樸實,5
穩如泰山,7
寬廣,3
遠大,5
勤謹,5
活絡,3
古道熱腸,7
稱心如意,3
尖子,7
孤高,3
交口稱譽,9
智慧,7
挺立,3
氣象萬千,7
正義,5
清亮,3
深邃,5
呼之欲出,7
齊整,3
乘風破浪,3
富饒,7
豐滿,5
直言不諱,3
揚眉吐氣,5
主心骨,5
透徹,5
名滿天下,7
一往無前,5
廣闊,5
整飭,3
拜謁,5
甜滋滋,7
靈巧,5
豐厚,3
劃一,1
通暢,5
天仙,7
詳備,3
欣羨,5
豔羨,5
宜人,5
見好,5
建設性,5
不無裨益,1
不知疲倦,3
頂級,5
設備齊全,3
聰敏,5
容恕,3
盛典,5
盛事,5
聖地,3
熙攘,5
幸事,5
贏利,3
有味,5
餘熱,5
肩負,1
鑑別,1
較勁,3
解圍,5
佔理,3
自尊,5
警悟,3
最高,3
寬赦,3
膽大,1
無奢望,9
日升月恆,5
竅門,3
衆望所歸,3
一諾千金,7
激烈,7
愁雲,5
道路相望,5
繩鋸木斷,1
較緊牙關,5
十世同堂,7
釘是釘，鉚是鉚,3
天長地久,5
躍躍欲試,3
gx,7
頂一個,7
頂下,7
感動中,3
頂啊,7
葬身,5
風恬月朗,7
甑塵釜魚,7
全盛,5
韌性,3
柔婉,5
潤澤,5
省事,5
盛情,5
時賢,5
爽捷,5
碩壯,1
體察,5
貼體,5
沃土,5
無垠,5
細潤,5
纖秀,5
相宜,5
笑貌,3
新禧,5
欣快,5
興盛,5
紀念章,3
雅潔,5
煙景,5
豔稱,5
天矯,5
意蘊,5
熠熠,5
盈溢,3
勇力,3
善戰,1
圓熟,5
兼人,9
堅緻,3
見訪,3
皎皎,5
捷徑,3
勻調,3
贊幕,5
展眉,3
直誠,5
志氣,7
中興,5
中選,5
著稱,3
壯舉,5
卓拔,7
卓著,7
孜孜,5
精兵,7
精警,7
精微,3
精義,5
救治,3
志在千里,7
虎踞龍蟠,9
中正,5
準時,3
嘴緊,3
百讀不厭,7
持之有故,1
熾盛,3
綽約多姿,5
端整,1
一表非凡,9
言之成理,9
高效能,3
合情理,1
識趣,5
實誠,7
生花妙筆,9
深入淺出,7
簡單明瞭,1
上照,3
緊湊,1
久經考驗,3
具有壓倒性優勢,7
熱熱鬧鬧,5
可圈可點,5
曲線美,5
求真務實,5
清純,5
俏美,5
器宇軒昂,9
料事如神,5
完美無瑕,9
有貢獻,9
儀態萬方,9
心慈手軟,9
鐵杵磨成針,9
沒的說,1
耐久,3
蓬蓬勃勃,5
愛國如家,5
存亡繼絕,7
生聚教訓,9
使人愉快,5
喜慶,5
大快人心,7
甜津津,5
鼓樂喧天,7
樂樂陶陶,5
天倫之樂,5
笑咪咪,5
奔放,5
報喜,5
稱羨,3
中聽,3
不解之緣,1
親如手足,7
命根子,7
拍手叫好,3
愛戴,9
敬佩,5
崇奉,7
恭候,5
擁戴,9
信賴,5
百鍊成鋼,7
表揚,5
才幹,5
馳名,9
豁達,5
壯志,5
恆心,5
始終如一,5
好漢,5
堅強,5
佼佼者,7
聰明,5
膽大心細,5
發憤圖強,7
豐功偉績,9
高見,5
良好,5
隆重,5
美麗,5
名貴,5
綺麗,5
平易近人,7
俏麗,5
融會貫通,7
愛心,5
顧全大局,7
專心致志,7
孝道,5
文靜,5
暖流,5
夜以繼日,7
溫良,5
仁厚,5
嚴正,5
胸無城府,5
忠直,5
赤心,5
憨直,5
奪錦才,9
剛勁,5
勇悍,5
開通,3
良善,5
明鏡高懸,7
合羣,5
雍容,5
宛轉,3
果決,3
救困扶危,7
心慈好善,7
才智,5
筆直,1
肥沃,5
精明,5
茂密,3
詳細,5
卓越,7
高速,5
高效,5
英雄豪傑,7
救援,5
讚譽,5
稱許,5
新星,5
奇秀,5
美豔,5
天下爲公,7
兩袖清風,7
清正廉潔,5
善人,5
完人,9
言必有中,5
名垂青史,9
重於泰山,7
俊雅,5
出神入化,9
名列榜首,7
非同一般,7
尖端,5
藹然,3
奧旨,1
寶號,7
報德,3
逼肖,3
惻隱之心,3
百花齊放，百家爭鳴,7
富國安民,7
兼善天下,7
清平世界,3
求賢若渴,5
撐門柱戶,7
拔犀擢象,3
回天之力,9
按強助弱,7
指天誓日,7
節儉力行,7
民生在勤,5
別有見地,5
自出機杼,5
貧賤不移,5
威武不屈,5
他山之石,5
目無全牛,5
運用自如,5
扭轉乾坤,7
拔山扛鼎,1
直接了當,1
白玉無暇,7
長生久視,5
能屈能伸,5
罪人不孥,5
小康之家,3
賞善罰惡,5
言語妙天下,7
拳拳服膺,7
收視反聽,3
吃著不盡,5
百敗不折,5
源源不絕,5
防患未然,5
盡力而爲,3
先發制人,3
一世之雄,7
大才槃槃,7
精神滿腹,9
馬工枚速,5
千里之足,7
騰蛟起鳳,9
秀出班行,7
博覽古今,7
截斷衆流,7
歌功頌德,7
大功告成,7
胸中有數,5
天從人願,7
穩操勝算,9
康莊大道,5
榮華富貴,5
異途同歸,5
功若丘山,9
發憤忘食,7
牛角掛書,7
業精於勤,7
剝繭抽絲,5
一倡百和,1
聰明智慧,5
蓋世英雄,7
青出於藍而勝於藍,5
伶俐乖巧,5
脫口成章,5
援筆成章,5
有備無患,3
古貌古心,5
徐娘半老,3
宛然如生,5
勿爲左右袒,5
屢試不爽,5
趁熱打鐵,5
情恕理遣,3
革舊維新,5
洋洋大觀,7
摧堅陷陣,5
天下無敵,7
未卜先知,5
棄暗投明,5
遷善改過,5
輕裘緩帶,5
目不暇接,3
金友玉昆,3
切中時弊,3
銅頭鐵額,7
萇弘碧血,9
言者無罪，聞者足戒,3
哦耶,5
羨慕ING,7
BUCUO,5
支持一下,3
井井有條,7
稟賦,3
伯樂,5
才名,5
才子,7
草聖,9
長項,5
充暢,5
創新,5
垂範,7
醇和,5
慈心,5
賜光,5
大節,5
大團圓,3
得人,3
頂事,5
獨膽,3
端直,5
放懷,5
蓋世,9
高才,5
高等級,3
攻研,5
古勁,7
光潤,5
浩淼,3
恆性,3
宏敞,3
互利,1
歡呼,5
會心,3
花容玉貌,7
小康,3
成材,5
可靠,5
春風得意,7
通情達理,5
和諧,5
宏偉,7
勵精圖治,7
得心應手,5
克敵制勝,5
轟轟烈烈,3
奧博,7
謳歌,7
光輝,7
風骨,7
窈窕,7
先輩,5
珠圓玉潤,5
一流,7
悔過自新,5
正直,5
第一流,7
清雅,5
慷慨解囊,7
中堅,5
節約,5
認真,5
幸福,7
令人神往,9
顯貴,3
靈活,5
牢固,3
堅持不懈,5
逼真,5
透闢,7
大手筆,3
簡便易行,1
氣魄,7
恩遇,7
一語破的,5
至誠,5
光風霽月,9
傾國傾城,9
瑰麗,7
晶瑩,5
盡如人意,5
吉慶,7
友善,5
繪聲繪色,7
激奮,5
感人,5
豐潤,5
洞識,5
奮志,5
傑出,7
貴客,5
博採,5
德政,7
千慮一得,5
波瀾老成,5
斐然成章,7
金相玉質,5
澆瓜之惠,5
斬將搴旗,5
浴血奮戰,7
積雪囊螢,7
映雪讀書,7
燃荻夜讀,7
不櫛進士,5
窈窕淑女,5
創業垂統,7
河潤澤及,5
謀及庶人,5
魁梧奇偉,7
舉一反三,5
大處着眼,5
豪奢放逸,5
稍勝一籌,5
懲前毖後,5
揚清激濁,5
克盡厥職,7
高才捷足,5
高妙,5
活靈活現,7
別緻,5
曲盡其妙,7
所向披靡,7
惟妙惟肖,7
名揚天下,7
輕財重義,7
河晏水清,5
燦爛奪目,7
驍將,7
秦鏡高懸,5
雍容爾雅,7
八面威風,7
推襟送抱,7
赤忱,5
豁達大度,7
優異,7
先進,5
孜孜不倦,7
忘我,5
亭亭玉立,7
千錘百煉,7
旖旎,7
積極,5
全才,7
拜領,5
必恭必敬,7
威儀,7
獨尊,7
聲情並茂,7
三陽開泰,7
有條理,5
入畫,5
踏踏實實,5
精選,5
津津樂道,7
嬌媚,5
滿意,5
小有名氣,7
懂禮,5
甘醇,5
公平正直,5
手腳麻利,5
毫無錯誤,5
穩練,5
婉孌,5
雄俊,5
秀挺,5
雄文,5
軒昂,7
英華,7
勳業,7
英姿,7
錚錚鐵骨,7
玉液,5
嫋嫋婷婷,5
真跡,5
晉級,3
寶藏,5
警闢,5
有紀律,5
敬意,5
秩然不紊,5
嫺淑,5
芊芊,5
清湛,5
輕軟,3
真真實實,5
峭直,5
體態輕盈,7
各得其所,3
熟練,5
省時,5
明窗淨几,5
貼切,3
深遠,5
周詳,5
嬌羞,5
打先鋒,5
完好無損,7
力爭上游,7
目不斜視,7
無所畏懼,7
不費力,3
實心眼兒,5
神往,7
從容應對,7
規整,5
路遙知馬力，日久見人心,7
長樂未央,7
左右逢源,3
不容置辯,5
不厭其詳,3
噓枯吹生,3
熱勁,5
榮升,5
勝境,5
獎臺,3
姣翠,5
潔淨,5
解釦兒,3
致謝,3
奏效,5
優美動聽,9
學而不厭,9
旋律優美,9
香醇,9
痛痛快快,9
喜聞樂見,5
樂天知命,1
轉危爲安,7
輕徭薄賦,7
文武之道，一張一弛,3
士飽馬騰,7
苦盡甘來,5
水木清華,7
稱賀,3
鬥妍,3
飛躍,3
甘霖,5
賀電,3
鴻運,5
積善,7
投合,5
即興,5
佳美,7
佳作,9
嬌娘,5
長親,3
精品,7
晶亮,5
整齊劃一,9
有韌勁,7
心靈手巧,9
有滋有味,9
引人矚目,9
璨然,3
蔥蘢,1
富麗堂皇,3
乾乾淨淨,1
光芒萬丈,3
和和睦睦,3
紅紅火火,3
奇巧,7
濃麗,3
清香,1
喜笑顏開,5
對牀夜雨,3
涼絲絲,1
爽口,1
感謝,3
入眼,3
瑞獸珍禽,5
珠玉在側,3
平頭正臉,1
同甘共苦,5
養生送死,5
我頂頂頂,7
_ding,7
別趣,3
敞闊,3
脆亮,3
搭手,1
都麗,5
芳齡,3
高招,7
歌吟,3
慧心,9
活現,5
機謀,7
青鬱,3
珍饈,5
奇珍異寶,7
出其不意,5
泰斗,7
獎譽,7
金言,5
巨匠,9
捐獻,3
有眼光,9
神工鬼斧,5
治亂存亡,9
龜鶴遐齡,3
福壽綿長,3
長命富貴,3
可歌可泣,7
勇士,3
鄉賢,5
更無長物,7
忘身忘家,9
捨生取義,9
仁人君子,9
才高行潔,7
老師宿儒,5
骨鯁之臣,7
不畏強暴,7
敢勇當先,5
松柏後凋,9
敬老慈幼,5
不矜不伐,3
PFPF,7
成仁,7
宏旨,7
厚遇,5
安安靜靜,1
安常守分,9
民爲邦國,3
一軌同風,9
爲國之哭,9
捐軀報國,9
徇公滅私,9
於家爲國,9
精兵簡政,9
安謐,3
平平穩穩,3
休明盛世,7
春風化雨,3
酣適,3
和解,1
渙然,3
吉時,9
華年,5
遵從,3
忠信,5
鐵桿兒,9
遵命,3
伏貼,3
君子一言,7
珍本,3
九鼎,5
楚楚動人,5
波光粼粼,1
春色滿園,3
芬香,3
古香古色,3
晶瑩剔透,3
如飲醍醐,7
萬古長青,9
穩定性,5
童叟無欺,5
可人,5
無所畏忌,5
紅情綠意,5
五光十色,5
泰山北斗,7
嬌小玲瓏,5
怒蛙可式,7
酷斃了,7
蒼翠,3
國魂,3
多彩,3
繁蔚,3
風韻,5
供獻,3
仰望,3
講究,7
確實,5
得力,5
長者,7
動魄驚心,3
生機勃勃,5
熙來攘往,3
賞心悅目,5
佳人,9
洋洋,7
生機勃勃,3
動人,5
澄清,3
造就,7
真正,3
明快,3
超脫,7
深情,9
清爽,7
謝忱,5
藎臣,7
精神,7
嘉釀,5
匠心,7
正樑,7
國色天香,7
一笑幹金,7
驛使梅花,5
引商刻羽,3
飲膽嘗血,5
郢中白雪,5
應機立斷,5
雍容大雅,5
遊刃有餘,5
遊戲三昧,3
餘霞散綺,9
魚水相投,9
與物無忤,7
語簡意賅,7
玉簫金琯,7
遇水疊橋,5
淵清玉絜,7
威風,5
風馳電掣,5
大步流星,3
兵來將當，水來土掩,5
因人成事,5
擎肌分理,3
原始要終,3
知被知己,3
簞食壺漿,5
不露聲色,3
置之度外,7
包羞忍恥,5
爭先恐後,5
駟不及舌,5
鬆喬之壽,9
搜腸潤吻,7
夙夜匪解,9
隋珠和璧,9
隨時施宜,9
隨圓就方,9
歲寒三友,5
談天說地,7
談笑自如,7
譚言微中,7
探湯蹈火,9
湯去三面,9
滔滔不竭,7
桃李精神,7
陶情適性,5
梯山架壑,7
逖聽遐視,9
天下莫敵,9
天真爛熳,7
天假之年,9
天與人歸,9
恬不知怪,7
鐵棒磨成針,9
鐵樹花開,9
挺而走險,9
通元識微,9
通材達識,7
通時合變,7
通權達理,7
同心一力,7
同心協力,7
同休共慼,7
同聲相求,9
銅城鐵壁,9
銅鑄鐵澆,9
頭一無二,9
陶鑄,5
天稟,3
天神,9
天資,3
甜密,9
鐵飯碗,9
摧枯拉朽,7
撮科打閧,5
打富濟貧,5
大音希聲,7
大智如愚,7
大頭小尾,5
戴天履地,5
單刀直入,5
膽大心雄,5
膽粗氣壯,5
道山學海,5
得意揚揚,5
德重恩弘,5
砥柱中流,7
地久天長,7
雕文織採,5
跌宕風流,5
東方不亮西方亮,5
東牀嬌婿,5
渾厚,5
骨氣,3
遣興陶情,4
強直自遂,7
敲鑼打鼓,8
嶔崎磊落,8
沁人心肺,6
青錢萬選,7
輕生重義,5
輕財仗義,5
輕憐疼惜,5
清風亮節,7
驅霆策電,8
權變鋒出,6
讓逸競勞,5
人喊馬嘶,7
忍苦耐勞,5
日旰忘餐,5
日乾夕惕,5
日麗風和,5
柔情俠骨,5
柔腸百轉,5
如拾地芥,5
如湯沃雪,5
如解倒懸,5
如龍似虎,5
儒雅風流,5
入火赴湯,5
軟談麗語,5
撒嬌撒癡,5
三十而立,5
三臺八座,5
三跪九叩,5
三臡八菹,5
賞不逾時,5
賞賢使能,5
上天入地,5
射石飲羽,5
身遠心近,5
深仁厚澤,5
深計遠慮,5
深情厚意,5
神工鬼力,5
神乎其神,5
神來之筆,5
神清氣朗,5
神謨遠算,5
擲果潘安,7
漆身吞炭,7
雄姿英發,9
付之一笑,7
耳根清淨,7
清心寡慾,7
不可磨滅,9
弘誓大願,7
千金買骨,9
神色自若,7
屠門大嚼,7
豪放不羈,7
笑逐顏開,9
無官一身輕,7
軒軒甚得,7
寶卷,7
保養,7
奔騰,7
必得,9
庇佑,7
邊區,7
洗禮,5
先達,5
閒庭,3
偌大,3
姍姍,1
善後,1
贍養,3
商酌,3
賞閱,3
上房,5
上勁,3
久仰,7
寄託,5
嘉餚,5
犟勁,3
匹馬當先,3
剖析肝膽,3
七步之才,3
騎牛讀漢書,5
棋逢敵手,5
杞梓之林,3
氣決泉達,5
氣滿志驕,7
棄邪歸正,3
洽博多聞,7
千古絕唱,9
千載一聖,9
遷善去惡,7
潛精研思,9
名教,7
名士派,7
明眼人,5
納福,5
義賣,5
義戰,7
意志,5
元旦,7
元夜,5
援外,5
院士,7
岳父,7
在行,7
增產,7
批郤導窾,7
一蹴而就,7
安堵如故,7
大白於天下,7
一無所失,7
不存芥蒂,7
聲應氣求,7
三顧茅廬　,7
擊節稱賞　,5
太丘道廣　,5
不棄草昧　,5
海屋添籌　,7
天保九如　,7
螽斯衍慶　,7
月下花前,7
深壁高壘,5
朝發夕至,5
千巖競秀,5
草長鶯飛,7
流水桃花,7
紛紅駭綠,5
鬱鬱蔥蔥 ,7
左圖右史,7
噴薄欲出,9
碩大無朋,7
引商刻角,3
飲冰吞檗,5
飲犢上流,5
鷹擊長空,5
郢匠揮斤,5
映雪囊螢,5
雍容典雅,5
狖軛鼯軒,5
餘響繞樑,9
魚水相懽,9
魚遊濠上,5
玉質金相,9
淵渟嶽峙,7
心閒手敏,5
急起直迫,5
健步如飛,7
因利乘便,3
有以善處,5
刪繁就簡,5
不折不扣,5
一步一個腳印,5
嚴肅,3
遠求騏驥,5
蕭曹避席,9
芳蘭競體,5
林籟泉韻,9
另眼相待,3
流水落花,5
流星掣電,7
流溺忘反,7
柳腰花態,7
柳嚲花嬌,7
六畜不安,7
龍言鳳語,7
龍馬精神,5
龍章麟角,7
龍跧虎臥,3
龍盤鳳翥,5
龍舉雲興,7
龍蟠虎繞,3
龍騰虎嘯,7
龍驤虎嘯,7
魯戈揮日,9
魯陽揮戈,9
路見不平,7
戮力壹心,7
露膽披誠,7
鸞停鵠峙,5
鸞鵠停峙,5
駱驛不絕,3
閭閻安堵,5
馬革盛屍,7
埋頭苦幹,7
滿臉春風,7
每飯不忘,7
柔情密意,5
柔膚弱體,5
如花似月,5
如指諸掌,5
如湯澆雪,5
入理切情,5
撒癡撒嬌,5
三吐三握,5
三頭八臂,5
三沐三薰,5
桑弧蓬矢,5
山止川行,5
賞功罰罪,5
賞賢罰暴,5
韶顏稚齒,5
身退功成,5
身當矢石,5
深惟重慮,5
神工意匠,5
神而明之,5
神來氣旺,5
神飛色舞,5
神清氣爽,5
神魂飛越,5
神會心融,5
神融氣泰,5
踽踽涼涼,7
鉅人長德,9
捐身徇義,9
君子一言，快馬一鞭,7
峻宇彫牆,3
開來繼往,3
開路先鋒,3
侃侃誾誾,7
可泣可歌,9
孔武有力,7
口直心快,7
枯木死灰,9
枯骨生肉,7
刳心雕腎,9
夸父追日,9
快心滿意,9
寬懷大度,9
巋然不動,5
廓達大度,7
攬轡澄清,5
樂而不荒,5
樂道遺榮,5
雷令風行,5
磊落豪橫,5
離世遁上,7
鯉魚跳龍門,7
歷精更始,5
瀝膽抽腸,7
俐齒伶牙,7
連更星夜,3
連枝帶葉,7
憐我憐卿,7
量枘制鑿,5
守口如瓶,7
富貴浮雲,5
一介不取,7
以義割恩,7
行不由徑,7
幼學壯行,7
傾耳而聽,7
前僕後繼,7
以一當十,7
布衣蔬食,7
既來之，則安之,7
仁言利博,7
軟玉溫香,7
齊心協力,5
抑強扶弱,7
天下一家,5
錦心繡腸,7
莫測高深,5
升堂入室,7
直諒多聞,7
博洽多聞,7
深思遠慮,7
見危致命,5
見溺不救,5
建瓴高屋,7
漸入佳境,5
講文張字,5
降顏屈體,5
嬌鸞雛鳳,5
較若畫一,5
銜華佩實,7
潔身自守,5
截髮剉稾,5
解衣般礴,5
今日有酒今日醉,5
金丹換骨,9
金石交情,5
金相玉映,5
金臺市駿,5
金漿玉醴,5
金鑣玉絡,5
錦心繡腹,5
錦繡肝腸,5
進可替不,5
進善黜惡,3
進賢任能,5
進賢興功,5
祲威盛容,5
驚才絕豔,5
驚採絕豔,5
井井有緒,5
景星鳳皇,5
敬謝不敏,5
鏡圓璧合,5
九衢三市,5
救災恤患,5
救黥醫劓,5
志得氣盈,5
擲地賦聲,5
中流擊楫,5
螽斯衍慶,5
重氣狥名,5
周窮卹匱,5
晝日三接,5
朱樓綺戶,7
珠連璧合,5
珠歌翠舞,5
銖積錙累,5
逐字逐句,5
逐鹿中原,5
劚山覓玉,7
拄笏看山,7
柱天踏地,7
祝鯁祝饐,7
轉敗爲成,5
壯氣凌雲,7
追風逐影,7
追遠慎終,7
灼見真知,5
酌水知源,5
孜孜無怠,5
鄒衍談天,7
足足有餘,5
足踏實地,5
樽前月下,5
左圖右書,7
坐上琴心,5
坐運籌策,7
坐籌帷幄,7
諳練,5
爲虎傅翼,7
駟馬不追,7
鬆筠之節,9
送抱推襟,9
搜巖採幹,7
夙興夜處,9
隋珠荊璧,9
隨行就市,5
隨時隨地,9
隨機應變,9
歲寒松柏,9
踏破鐵鞋,9
泰山磐石,7
談天論地,7
談笑封侯,9
檀郎謝女,7
堂哉皇哉,7
滔滔不斷,7
桃李不言，下自成行,7
桃來李答,5
梯山棧谷,7
體大思精,7
逷聽遠聞,9
天假其年,9
天經地緯,9
條入葉貫,9
鐵硯磨穿,9
鐵樹開華,9
通今達古,9
通幽洞微,7
通時達變,7
通變達權,7
同心一意,7
同心協濟,7
同休等戚,7
同憂相救,7
同聲相應,9
銅脣鐵舌,9
東箭南金,7
斷蛟刺虎,7
對症發藥,5
頓挫抑揚,5
多謀善慮,7
兒女心腸,5
髮短心長,5
返邪歸正,5
方桃譬李,5
分貧振窮,5
忿不顧身,7
豐功碩德,7
風不鳴條,5
風行水上,5
風平波息,5
賀表,3
紅顏,5
候光,3
花花世界,3
嫡系,5
巋然,9
陪伴,7
培育,7
貔貅,6
飄悠,7
種花,5
重託,9
軸心國,7
竹林七賢,7
助興,7
妝飾,7
追悼,9
追敘,7
拙荊,7
着忙,7
敲鑼放砲,8
巧發奇中,5
嶔崎歷落,8
沁人心腑,6
青錢學士,7
輕死重氣,5
輕財好士,5
輕憐痛惜,5
清風峻節,7
情深一往,5
曲高和寡,7
全能全智,8
確固不拔,5
人間重晚晴,5
刃迎縷解,5
日角珠庭,5
日麗風清,5
巧勁兒,5
切磋,5
親炙,5
欽遲,7
清明,5
請命,7
取勝,7
析肝劌膽,9
洗心滌慮,5
喜見於色,7
鮮車健馬,5
弦無虛發,5
顯祖揚名,5
效死輸忠,7
心花怒發,9
心鄉往之,9
心凝形釋,7
信及豚魚,7
興高彩烈,9
良機,5
兩面派,5
流芳,5
摧鋒陷陣,7
寸土尺金,7
寸轄制輪,7
達官要人,7
打破砂鍋問到底,7
大直若詘,7
大展宏圖,5
帶減腰圍,5
戴雞佩豚,5
殫精極慮,5
淡水交情,5
蹈赴湯火,5
道同契合,5
道高魔重,5
德隆望尊,7
砥厲廉隅,5
刁鑽促狹,5
雕章縟彩,5
跌蕩不拘,5
頂踵捐糜,5
討教,3
提倡,3
天國,5
田園,7
條理,7
決斷如流,7
君子之接如水,7
開口見心,5
刻霧裁風,5
控名責實,3
口沸目赤,1
寬仁大度,9
來者居上,7
爛漫天真,7
樂而不厭,7
樂業安居,7
雷驚電繞,5
磊落軼蕩,7
犁庭掃穴,5
力排衆議,1
瀝膽墮肝,7
連更曉夜,3
憐貧恤老,7
斂聲屏息,7
量鑿正枘,5
量力而行,3
寥寥無幾,5
愛惜羽毛,5
飲馬投錢,7
毫不利已，專門利人,9
捨己從人,7
大事不糊塗,5
超然物外,9
正義凜然,7
只爭朝夕,7
引錐刺股,9
默默無言,9
殺敵致果,7
萬夫不當,7
至大至剛,7
粗衣淡飯,7
食不重昧,5
繩趨尺步,5
萬家生佛,7
溫潤而澤,7
通力合作,7
治病救人,5
同呼吸，共命運,9
心照神交,7
才貌雙全,7
風華絕代,9
巧同造化,9
新硎初試,7
着手成春,9
三個臭皮匠，合成一個葛亮,7
過目成誦,7
眉頭一皺，計上心來,5
駕輕就熟,7
老成見到,9
青眼,5
傾動,7
情調,5
情味,5
爽朗,5
夕惕若厲,9
犀照牛渚,7
嬉笑怒罵，皆成文章,5
隙穴之窺,7
仙姿玉質,5
掀天斡地,7
閒情逸趣,5
顯親揚名,5
相待如賓,5
向若而嘆,5
宵魚垂化,7
心如止水,5
心雄萬夫,7
心滿原足,9
心曠神飛,9
欣欣自得,7
惺惺相惜,7
款曲,7
虧本,5
饋贈,7
披瀝肝膽,5
破柱求奸,7
剖心坼肝,3
七貞九烈,7
騎驢索句,5
氣血方剛,5
千羊之皮，不如一狐之腋,5
千里蓴羹,9
千金一壼,9
遷善黜惡,7
謙尊而光,9
潛光匿曜,7
攙扶,5
義舉,7
義勇軍,7
益鳥,7
應點,5
禦侮,7
淵海,7
元宵節,7
援手,5
月下老人,7
雲岡石窟,5
運氣,7
在望,7
增援,7
舉手之勞,7
探囊取物,7
枕蓆過師,7
和氣致祥,5
捷報頻傳,9
一舉成名,7
前事不忘，後事之師,7
心到神知,7
避讓賢路,7
門不停賓,7
入境問禁，入國問俗,5
扶危濟困　,7
守望相助　,7
公門桃李　,5
英雄所見略同　,7
深溝高壘,5
陽關大道,7
一衣帶水,7
水色山光,7
月夕花朝,7
丹楹刻桷,7
敲金擊石,7
名流,7
名物,7
耐勞,5
重鎮,7
諸位,5
燭照,7
主權,7
著作,7
追述,7
追蹤,6
准予,7
着力,7
藹然仁者,5
愛日惜力,5
安分知足,5
安心落意,5
安身爲樂,5
昂昂自若,5
昂然自得,5
傲然屹立,5
鰲擲鯨吞,5
八珍玉食,5
巴巴結結,5
白首之心,5
百花齊放,5
擺袖卻金,5
班香宋豔,5
保盈持泰,5
抱玉握珠,5
抱朴含真,5
豹死留皮,5
背井離鄉,5
本枝百世,5
比屋可封,5
炙雞漬酒,5
鷙鳥累百，不如一鶚,5
中原逐鹿,5
種瓜得瓜，種豆得豆,5
朱脣玉面,5
朱輪華轂,7
珠圍翠擁,7
珠聯玉映,5
逐新趣異,5
主一無適,7
煮粥焚鬚,7
祝咽祝哽,7
追風攝景,7
諄諄不倦,5
卓然不羣,7
斫琱爲樸,5
茲事體大,5
足食足兵,5
左家嬌女,5
佐饔得嘗,5
坐擁書城,7
座無虛席,7
鑿飲耕食,5
按期,5
和光同塵,5
正人君子,9
知難而退,7
蹇蹇匪躬,5
見義敢爲,5
見德思齊,5
建功立事,5
劍膽琴心,5
漿水不交,5
降尊紆貴,5
銜石填海,5
潔己奉公,5
解黏去縛,5
金口玉音,5
金石可開,5
金城千里,5
金剛怒目,5
金碧熒煌,7
金輝玉潔,5
金璧輝煌,7
謹終慎始,5
錦篇繡帙,5
錦囊還矢,5
進退可度,3
進旅退旅,5
進種善羣,5
進賢進能,5
驚才風逸,5
驚喜交集,5
井井有序,5
京兆眉嫵,5
敬賢下士,5
酒虎詩龍,5
救火拯溺,5
居安資深,5
正義感,7
誌喜,9
鷹揚虎視,9
雍容雅步,9
蝶粉蜂黃,7
龍吟虎嘯,9
黃粱美夢,7
何樂不爲,7
不平則鳴,7
泰然處之,9
只可意會，不可言傳,7
新婚宴爾,9
得意洋洋,9
自我陶醉,7
豎起脊樑,9
飽雨,7
保障,7
比及,5
必然,9
辟邪,5
鞭策,7
洞如觀火,7
都俞吁咈,5
獨出新裁,5
睹始知終,5
斷長續短,5
斷齏塊粥,7
多能多藝,7
惡衣糲食,5
反風滅火,5
方興未已,7
飛檐走壁,5
廢私立公,5
分絲析縷,5
奮武揚威,5
豐功茂德,7
低迴,5
敵愾,7
嫡派,5
抵禦,3
調侃,3
良家,5
西施,7
惜別,5
洗塵,3
仙逝,5
纖纖,3
賢契,3
潤飾,1
嫂嫂,5
曬暖兒,1
善處,3
善於,3
商議,3
賞臉,5
上第,5
上將,5
上校,3
袍澤,7
配合,6
漂亮,6
飄灑,7
撇脫,7
燎若觀火,9
林下風範,9
麟子鳳雛,9
靈心慧齒,7
流水不腐，戶樞不螻,3
流風餘韻,5
流離播遷,5
柳聖花神,7
柳綠桃紅,5
六出奇計,7
龍心鳳肝,7
龍威虎震,7
龍飛虎跳,5
龍翔虎躍,5
龍精虎猛,7
龍翰鳳翼,7
龍雕鳳咀,7
龍攀鳳附,9
龍躍虎踞,7
鏤心鉥肝,3
鏤金鋪翠,3
戮力同心,9
陸離光怪,3
露鈔雪纂,5
鸞飛鳳翥,7
鸞鳳分飛,3
論德使能,1
馬足龍沙,7
麥秀兩岐,7
滿坐風生,7
沒世不渝,9
門牆桃李,3
靡然向風,1
鶻入鴉羣,7
化腐成奇,7
渙若冰消,7
黃人守日,7
黃雀銜環,7
暉光日新,7
回生起死,9
回邪入正,5
諱樹數馬,5
混然天成,7
活龍鮮健,5
豁然頓悟,7
飢不暇食,5
機杼一家,5
雞骨支牀,7
鶺鴒在原,5
濟人利物,5
頰上三毛,5
堅苦卓絕,7
君子國,7
開眼,5
嬌客,7
金箍棒,7
金字招牌,9
遠慮深謀,5
雲中仙鶴,5
雲窗月帳,5
允執其中,5
早朝晏罷,3
斬關奪隘,5
昭聾發聵,5
真知卓見,5
枕善而居,5
正視繩行,5
枝葉扶蘇,5
直內方外,5
委宛,5
吐故納新,7
團頭聚面,7
推亡固存,7
推乾就溼,9
退食從容,7
吞炭漆身,9
脫天漏網,7
彎腰捧腹,9
完璧歸趙,7
忘餐廢寢,7
危言逆耳,7
威風八面,9
煨乾就溼,7
違世絕俗,7
嵬目鴻耳,9
未可同日而語,9
偎乾就溼,9
溫生絕裾,9
溫情蜜意,9
文星高照,9
文章鉅公,9
文深網密,9
文韜武略,5
聞所不聞,9
問安視寢,7
無可比倫,9
無乎不可,9
無名之璞,7
無拘無縛,7
無往不勝,9
無脛而至,7
無爲而成,7
鐵人,7
統帥,5
頭羊,7
圖騰崇拜,9
推託,7
民安物阜,9
民膏民脂,9
名公鉅卿,6
明月入懷,6
明堂正道,6
銘膚鏤骨,5
磨而不磷，涅而不緇,6
目擊道存,5
沐日浴月,6
囊錐露穎,6
能言快語,5
齧血沁骨,8
濃桃豔李,5
女中堯舜,5
十世單傳,5
十發十中,5
識才尊賢,5
識微見幾,5
食不重肉,5
食飢息勞,5
視民如子,5
視同拱璧,5
誓死不渝,5
適性任情,5
手腳乾淨,5
首善之地,5
輸心服意,5
鉥心劌腎,5
水月觀音,5
水明山秀,5
順風行船,5
四海皆兄弟,5
帶孝,5
便當,5
辯護,5
表演藝術,7
繽紛,5
伯祖,5
博覽會,7
不如,5
向學,5
嘯傲,5
韶華,5
申謝,3
深意,1
神武,7
哂納,5
升學,3
生趣,3
勝蹟,5
俊傑,9
開展,7
剿除,5
階級鬥爭,7
金鑾殿,7
能事,5
擁抱,7
優渥,3
友人,7
超級大國,5
朝奉,5
誠意,7
吃得住,5
筆大如椽,5
碧鬟紅袖,5
辯口利舌,5
標新領異,5
別開一格,5
冰寒於水,5
兵強則滅,5
並容徧覆,5
博聞強志,5
不食煙火,5
不爽累黍,5
慘綠年華,5
倡條冶葉,5
長林豐草,5
長戟高門,5
遠謀深算,5
雲中白鶴,5
雲容月貌,5
雲窗霞戶,5
允執厥中,5
澡身浴德,5
湛恩汪濊,5
真金烈火,5
枕籍經史,5
正大堂皇,5
脂膏莫潤,5
直言切諫,5
妙想天開,5
民淳俗厚,9
名公巨卿,6
明公正氣,6
明心見性,5
鳴鳳朝陽,5
目不苟視,5
拏風躍雲,5
難分難捨,7
能牙利齒,5
牛羊勿踐,5
鵬霄萬裏,5
十光五色,5
時亨運泰,5
識時達務,5
識變從宜,5
事倍功半,5
視人如傷,5
視死猶歸,5
誓以皦日,5
適可而止,5
手到擒來,5
叔度陂湖,5
熟路輕車,5
水天一色,5
水長船高,5
水漲船高,5
順風張帆,5
胡越同舟,5
化及豚魚,7
歡迸亂跳,9
渙爾冰開,7
揮戈退日,9
回春妙手,7
迴腸傷氣,7
昏定晨省,5
渾金白玉,7
擊楫中流,7
機變如神,5
急公好施,5
嘉言善行,5
架海金梁,7
肩勞任怨,7
古典,3
雲雨巫山,5
自拔來歸,5
艱苦樸素,5
拜年,5
班班,5
幫助,5
滿足,7
美氣,4
摶心揖志,7
推賢讓能,7
拖青紆紫,7
唾手可得,9
頑廉懦立,9
忘啜廢枕,7
望其項背,7
望影揣情,7
微言大誼,9
唯妙唯肖,9
委曲求全,7
位極人臣,9
魏顆結草,9
溫凊定省,9
文江學海,9
文采風流,9
文章鉅公,9
文經武略,9
聞風而動,9
問一答十,9
握髮吐哺,7
烏衣之遊,7
巫雲楚雨,9
無所不備,9
無所畏憚,7
無偏無陂,7
渡江戰役,5
陽間,5
嘮扯,5
老實巴交,5
淚珠,5
蒲柳,5
嘁哩喀喳,7
起誓,7
氣質,5
契友,7
千里駒,6
恨相知晚,6
雙宿雙飛,7
謝天謝地,6
扣人心絃,7
思同再造,7
打開天窗說亮話,8
理直氣壯,8
諄諄告誡,6
無可諱言,7
仇人快語,7
精金良玉,7
草木知威,7
絕甘分少,7
老驟伏櫪,6
迎頭趕上,8
大節不奪,8
捨身求法,7
志堅行苦,6
推誠相信,8
功薄蟬翼,7
知之爲知之,6
民安國泰,9
名不虛立,6
名卿鉅公,6
明月清風,7
磨形煉性,6
目量意營,5
沐仁浴義,6
能言快說,5
庖丁解牛,5
讓座,7
人道,5
容光,5
容止,5
入選,7
形孤影隻,7
形影相隨,7
胸有邱壑,7
懸燈結彩,7
雪裏送炭,9
衙官屈宋,7
言笑自若,7
研精覃思,7
燕歌趙舞,7
陽春白雪,7
夭桃襛李,7
野鶴孤雲,7
私訪,5
素淡,5
鳳吟鸞吹,9
鳳翥龍驤,9
鳳採鸞章,7
奉令承教,7
佛頭着糞,5
扶正黜邪,9
福無雙至，禍不單行,9
孚尹明達,7
俯首弭耳,9
黼國黻家,7
負氣含靈,7
改惡爲善,5
乾淨利落,5
甘旨肥濃,7
肝膽照人,9
感今思昔,7
鋼澆鐵鑄,7
高不湊低不就,7
高材捷足,7
高枕安寢,9
高節清風,9
高顧遐視,9
割肚牽腸,9
革故立新,7
革舊從新,7
根盤蒂結,7
公正不阿,7
供不應求,7
推進,7
推選,9
確守,7
人道主義,3
人治,5
認帳,7
紉佩,7
冗官,5
入定,5
思鄉,5
太平,5
行不苟合,7
形影相對,7
胸有成算,5
休慼與共,7
雪窗螢火,7
牙籤錦軸,7
言芳行潔,7
研精畢智,9
燕燕鶯鶯,7
揚葩振藻,9
夭桃穠李,7
冶葉倡條,9
逸韻高致,9
樂園,9
立功贖罪,5
倡議,5
超度,5
成親,7
吃得來,5
吃請,7
情天孽海,7
相依爲命,8
偷寒送暖,7
感慨系之,7
心煩技癢,8
絲思發怨,8
娓娓而談,8
要而言之,8
藥石之言,7
強作解人,6
噴有煩言,7
傾腸倒肚,7
安然舉首,7
嚴以律己，寬以待人,7
心小志大,8
自食其力,7
不避斧鋱,6
寒花晚節,8
儉可養廉,6
天人共鑑,6
筆掃千軍,5
辨如懸河,5
膘肥體壯,5
別樹一旗,5
冰魂素魄,5
兵藏武庫，馬入華山,5
撥草瞻風,5
伯樂一顧,5
擘兩分星,5
不自滿假,5
不易之論,5
不偏不黨,5
不蔓不支,5
不磷不緇,5
步步生蓮華,5
禪世雕龍,5
拜辭,5
拜堂,5
棒兒香,5
文君新醮,3
帶牛佩犢,5
雲程發軔,5
粟紅貫朽,3
美人,5
便於,3
並重,5
駁倒,7
不患,5
風行電掣,7
逢機立斷,5
鳳表龍姿,9
鳳翥鸞回,9
鳳儀獸舞,9
奉如神明,9
否往泰來,5
扶老攜幼,7
負土成墳,9
富國強民,9
改行自新,7
乾脆利落,5
甘棠遺愛,7
肝膽塗地,7
感今懷昔,7
高人逸士,7
高自位置,5
高見遠識,7
高官厚祿,7
高情逸興,9
高義薄雲天,9
歌聲繞樑,7
革面革心,7
革舊圖新,7
格高意遠,9
更進一竿,9
公平無私,7
公買公賣,5
躬冒矢石,9
共挽鹿車,7
相好,5
舍間,3
申飭,5
深入,1
神人,5
神異,5
升遷,3
聲譽,5
盛服,5
朴茂,5
奇勳,9
旗手,7
器識,5
千里眼,9
妙絕時人,5
民康物阜,9
名公鉅人,6
明人不做暗事,6
鳴雁直木,5
能上能下,5
能寫會算,5
你追我趕,5
凝脂點漆,5
寫意,5
謝詞,7
新陳代謝,5
信念,5
正面人物,7
國色天姿,7
驛寄梅花,5
頑健,5
王道,5
長夜之飲,3
相機行事,5
因風吹火,5
成竹在胸,5
中立不倚,5
獻可替否,3
地主之誼,5
想望風采,5
自信不疑,5
筆下超生,5
抓尖要強,5
滔滔,5
特產,3
天堂,9
天子,7
摧枯拉腐,7
打拱作揖,5
大好河山,5
大筆如椽,7
戴天蹐地,5
戴圓履方,5
單刀赴會,5
膽大心小,5
彈冠結綬,5
蹈仁履義,5
道骨仙風,5
道貌凜然,5
道頭知尾,5
得手應心,5
砥節厲行,5
地老天荒,7
東南之秀,5
光榮,7
從軍,7
打氣,5
鶯儔燕侶,5
至聖至明,5
絕代佳人,7
傾城傾國,9
秀外願中,7
正品,5
直溜,7
衷心,7
鬨堂大笑,7
嫣然一笑,7
驚喜若狂,9
笑容可掬,9
求仁得仁,7
寶書,7
奔頭兒,5
必定,9
邊式,7
弱冠,3
灑掃,3
散悶,1
傻樂,3
善舉,5
賞賜,5
上報,3
上墳,5
上人,3
幹將,8
冀望,5
批風抹月,1
披裘負薪,3
破腦刳心,5
七步成章,3
妻梅子鶴,3
騎驢吟灞上,5
氣壯河山,7
氣誼相投,5
棄僞從真,3
洽聞強記,7
千古絕調,9
千金一刻,9
千秋人物,9
千載一彈,9
遷善遠罪,7
謙躬下士,9
潛精積思,9
名節,7
名手,7
磨礪,5
默禱,5
納降,5
猗猗,3
義師,5
藝術家,3
裕如,7
元老,7
圓場,5
援助,7
願望,5
岳家,7
允洽,5
讚歌,7
增長,7
活龍活現,9
智者千慮，必有一失 ,7
多行不義必自斃,7
生死骨肉,7
交口稱譽　,7
握手言歡　,7
長命富貴　,9
萬壽無疆　,9
珠玉在側　,5
十風五雨,5
芝蘭之室,7
金碧輝煌,9
乾雲蔽日,5
隋侯之珠,7
物華天寶,7
彩虹,5
引繩切墨,5
飲冰茹櫱,5
隱若敵國,5
應付裕如,5
傭中佼佼,5
有徵無戰,5
褎然舉首,7
餘妙繞樑,9
餘音繞樑,9
漁人之利,5
語妙天下,7
玉宇瓊樓,9
玉潔鬆貞,9
鬱鬱芊芊,7
遇物持平,7
淵渟嶽立,7
沅芷湘蘭,7
眼明手快,5
馬不停蹄,3
因勢利導,5
尋根究底,5
與世偃仰,5
來者不拒,3
虛左以待,5
雍容閒雅,5
措置裕如,5
從令如流,5
不癡不聾,3
不甘雌伏,5
料敵制勝,7
琳琅觸目,9
流星趕月,7
流膾人口,7
柳下借陰,3
柳腰蓮臉,7
柳嚲鶯嬌,7
六通四達,1
龍血鳳髓,3
龍神馬壯,7
龍跳虎伏,7
龍盤鳳舞,7
龍舉雲屬,7
龍騰虎躑,7
龍驤麟振,7
鏤冰雕瓊,7
魯陽揮日,9
路見不平，拔刀相救,7
露紅煙紫,5
露纂雪鈔,5
鸞翔鳳翥,5
鸞翱鳳翥,7
閭閻撲地,5
履湯蹈火,5
沒齒難忘,9
猛虎插翅,7
靡然鄉風,1
如山壓卵,5
如花似朵,5
如飢如渴,5
如湯潑雪,5
如膠如漆,5
入聖超凡,5
三年化碧,5
三貞九烈,5
三清四白,5
三頭六證,5
三釁三浴,5
桑弧蒿矢,5
山餚海錯,5
善有善報，惡有惡報,5
賞立誅必,5
上下一心,5
身先士衆,5
深耕易耨,5
神至之筆,5
神到之筆,5
神飛氣揚,5
神意自若,5
升官發財,5
望族,5
鉅學鴻生,7
捐金抵璧,5
決勝千里,7
君子之交淡如水,7
駿骨牽鹽,7
開物成務,5
開霧睹天,5
侃侃諤諤,5
渴驥奔泉,3
刻骨鏤心,3
口服心服,7
枯木發榮,7
刳肝瀝膽,7
夸父逐日,9
款款深深,9
巋然獨存,5
來者勿拒,5
爛若舒錦,7
浪酒閒茶,3
樂而不淫,5
雷嗔電怒,7
磊落颯爽,7
冷嘲熱罵,7
離世絕俗,7
梨花帶雨,7
瀝膽披肝,7
櫟陽雨金,3
連更徹夜,3
憐香惜玉,7
量金買賦,5
兩相情原,9
寥若晨星,5
見賢思齊,7
舍已救人,7
不愧屋漏,7
襟懷坦白,9
特立獨行,5
囊繭照讀,9
傾耳注目,7
不愧不作,7
鐵面御史,9
粗衣糲食,7
仁心仁聞,7
溫良恭儉讓,9
山高水長,5
同心同德,5
以沫相濡,7
同生死，共存亡,9
相視而笑，莫逆於心,7
踔絕之能,7
風流才子,7
南州冠冕,7
淑質英才,7
賢良方正,7
以一持萬,3
揮灑自如,7
見經識經,5
劍及履及,5
漸至佳境,5
降心下氣,5
交相輝映,5
較德焯勤,5
潔身自愛,5
截髮留賓,5
解衣槃磅,5
借身報仇,5
金玉之言,5
金石良言,5
金相玉振,5
金榜掛名,5
金聲玉色,5
金鑣玉轡,5
錦胸繡口,5
錦繡河山,5
進可替否,5
進退履繩,3
進善懲奸,3
進賢拔能,5
進賢黜佞,5
禁中頗牧,5
驚天地泣鬼神,5
景星慶雲,5
救苦弭災,5
救飢拯溺,5
鞠躬君子,3
志得意滿,5
智者千慮，或有一失,5
鐘鼓之色,5
衆人拾柴火焰高,5
重望高名,5
朱衣點頭,5
誅故貰誤,5
珠規玉矩,5
珠還合浦,5
銖稱寸量,5
逐電追風,5
劚玉如泥,5
拄頰看山,7
鑄山煮海,5
專心一志,5
壯發衝冠,7
追風掣電,7
卓乎不羣,7
斫彫爲樸,5
孜孜無倦,5
足兵足食,5
足蹈手舞,7
俎樽折衝,5
醉吐相茵,5
樽酒論文,5
坐臥不離,7
坐擁百城,7
安眠,5
駟馬仰秣,7
鬆形鶴骨,9
鬆蘿共倚,9
頌德歌功,7
夙興夜寐,9
隨車甘雨,9
隨高逐低,9
遂心如意,9
損己利人,9
駘背鶴髮,9
泰山壓卵,7
談不容口,9
滔滔滾滾,7
桃之夭夭,7
桃李成蹊,7
桃紅柳綠,5
騰焰飛芒,9
梯愚入聖,9
體恤入微,9
替天行道,7
擿奸發伏,7
天下無難事，只怕有心人,9
天生地設,5
天高聽下,9
天從人原,7
條分節解,9
鐵板釘釘,9
鐵筆無私,9
鐵嘴鋼牙,9
通文達理,7
通幽洞靈,7
通書達禮,7
痌瘝在抱,9
同心葉力,7
同心畢力,7
同德一心,7
銅圍鐵馬,9
投桃之報,9
鬥志昂揚,5
獨膽英雄,7
斷決如流,7
對景掛畫,5
多材多藝,7
多藝多才,7
搤臂齧指,7
邇安遠至,5
犯而不校,5
方員可施,5
豐功懿德,7
風禾盡起,7
賀信,3
紅豔豔,5
候教,3
敵焰,7
砥礪,5
弟兄,5
跌宕,5
寬慰,5
魁岸,9
培植,6
平妥,5
種仁,7
竹枝詞,7
主導,7
主力,7
助戰,7
妝新,7
追懷,7
追尋,7
捉刀,7
着實,7
沁入心脾,6
輕死重義,5
輕財好施,5
清風高節,7
情深義重,5
取義成仁,8
全智全能,8
確乎不拔,5
人逢喜事精神爽,5
仁人志士,5
任怨任勞,5
日角偃月,5
日就月將,4
榮宗耀祖,5
敲邊鼓,3
親筆,5
欽定,5
情歌,7
情事,7
情義,7
請纓,7
取信,5
析肝瀝悃,9
惜客好義,7
洗耳拱聽,5
霞姿月韻,7
仙風道格,5
掀天動地,7
鮮眉亮眼,5
閒情別緻,5
涎玉沫珠,5
顯祖揚宗,5
相忘形骸,5
響徹雲表,5
心細如髮,7
心靈性巧,7
信手拈來,7
興會淋漓,9
摧鋒陷堅,7
達官貴要,7
打破砂鍋璺到底,7
大塊文章,5
待月西廂,5
戴笠故交,5
丹書白馬,5
殫精竭力,5
蹈湯赴火,5
道同義合,5
得其所哉,5
德尊望重,7
砥礪名號,5
刁鑽促搯,5
雕章鏤句,5
跌蕩不羈,5
頂踵盡捐,5
東牀佳婿,5
討俏,5
醍醐,9
天籟,9
天幸,5
田園詩,7
屨及劍及,7
君子成人之美,3
開口見喉嚨,5
克肩一心,5
扣楫中流,9
快人快性,7
寬宏大度,9
匡救彌縫,5
琨玉秋霜,7
拉朽摧枯,3
牢甲利兵,5
樂而忘死,9
樂退安貧,5
樂善不倦,7
磊磊落落,5
利喙贍辭,7
瀝膽濯肝,7
礪世摩鈍,7
連枝比翼,3
憐貧惜老,7
斂聲屏氣,7
煉石補天,5
兩小無猜,9
量力而爲,3
剛毅木訥,5
先人後已,7
風骨峭峻,7
目不邪視,7
屏氣凝神,7
駑馬十駕,7
捨死忘生,9
沉潛剛克,5
褒善貶惡,7
因陋就簡,5
和額悅色,3
濟弱扶傾,7
助我張目,5
休慼相關,5
血肉相連,7
看殺衛玠,7
能者多勞,5
三寸之舌,7
耳聽八方,7
繾綣,5
巧計,5
翹楚,7
親知,5
傾談,5
守成,5
夕惕朝乾,9
犀燃燭照,7
下情上達,7
仙姿佚貌,7
賢母良妻,7
相莊如賓,5
像心如意,7
逍遙自得,7
孝子順孫,7
心甘情原,7
心如古井,5
心悅神怡,5
心曠神愉,7
欣然自得,7
平易近民,5
破涕成笑,1
剖心析膽,3
欹嶔歷落,3
其應如響,3
琪花玉樹,5
氣驕志滿,7
棄書捐劍,5
千里一曲,5
千金一諾,9
前不見古人，後不見來者,9
潛光隱德,7
民智,5
名氣,7
名學,7
男子漢,5
衆生,5
重聽,7
逐北,7
轉生,7
裝飾,7
追問,7
墜落,7
拙筆,7
着涼,7
愛如己出,7
安心樂業,5
安宅正路,5
昂首挺胸,5
昂霄聳壑,5
鰲擲鯨呿,5
八面受敵,5
拔萃出羣,5
白骨再肉,5
白水鑑心,5
百川歸海,5
百花生日,5
百世不磨,5
斑衣戲彩,5
寶刀不老,5
保泰持盈,5
抱表寢繩,5
抱槧懷鉛,5
本固邦寧,5
志滿氣得,5
治郭安邦,5
智周萬物,5
鷙鳥將擊，卑飛斂翼,5
中流一壼,5
忠驅義感,5
衆星拱北,5
周公吐哺,5
朱脣粉面,5
朱顏翠發,5
珠光寶氣,5
珠圍翠繞,7
珠璧交輝,5
銖累寸積,5
祝哽祝噎,7
鑄甲銷戈,5
轉日迴天,9
追風躡景,7
諄諄告戒,5
卓爾獨行,7
字順文從,5
足食豐衣,5
醉酒飽德,5
遵道秉義,5
作小服低,7
坐薪嘗膽,7
愛人兒,5
安神,5
按時,5
見義當爲,5
建功立業,5
降尊臨卑,5
皦短心長,5
銜沙填海,5
潔己從公,5
今夕何夕,5
金口御言,5
金石至交,5
金相玉式,5
金剛眼睛,5
金碧輝映,7
金漿玉液,5
金斷觿決,5
錦片前程,5
錦繡山河,5
進善退惡,3
進賢用能,5
進賢達能,5
井井有法,5
警憒覺聾,5
京兆畫眉,5
敬賢重士,5
救火揚沸,5
救難解危,5
居安慮危,5
正義戰爭,7
摯敬,7
英次颯爽,7
說笑自若,9
一塊石頭落了地,7
大夢初醒,7
瞭如指掌,7
高枕而臥,9
眉開跟笑,9
喜躍抃舞,9
陶情適性,7
意氣揚揚,7
保不定,5
保重,7
奔襲,5
比肩,5
冬溫夏凊,7
洞幽燭遠,7
斗酒百篇,7
睹著知微,5
杜斷房謀,7
多情多義,5
噩噩渾渾,5
飛鸞翔鳳,7
廢寢忘餐,5
奮發踔厲,7
豐功厚利,7
風月無涯,9
後起,5
低廉,3
嫡親,5
抵掌,7
地下黨,7
良人,5
流麗,5
仙子,5
潤資,1
撒手鐗,7
善感,1
擅長,3
商約,5
賞錢,1
上繳,3
平衍,6
林下風韻,9
麟角虎翅,9
玲瓏透漏,7
流水不腐，戶樞不蠹,3
流連忘反,7
流離轉徙,5
柳門竹巷,5
柳暖花春,7
柳影花陰,5
六街三市,5
龍去鼎湖,7
龍威燕頷,7
龍飛鳳翔,5
龍章秀骨,7
龍翔鳳翥,7
龍德在田,3
龍翰鳳雛,7
龍蟄蠖屈,5
龍騰虎踞,5
龍驤虎步,7
鏤心嘔血,3
鏤金錯採,1
陸離斑駁,3
鹿裘不完,1
路無拾遺,7
鸞交鳳友,3
鸞飛鳳舞,3
鸞儔鳳侶,7
馬上得天下,3
麥秀兩歧,7
滿座風生,7
沒世無聞,7
化腐爲奇,7
懷珠抱玉,7
渙若冰釋,7
黃人捧日,7
黃鐘大呂,9
輝光日新,7
回乾就溼,7
誨人不惓,7
渾然天成,7
活蹦活跳,5
激薄停澆,5
計行言聽,7
頰上三毫,5
鼓舞歡忻,7
顧盼神飛,7
掛燈結綵,7
關門打狗,5
鰥魚渴鳳,7
光彩陸離,5
廣開言路,5
歸真反樸,5
龜齡鶴算,7
規賢矩聖,5
劌目鉥心,9
果熟蒂落,5
含辛忍苦,7
含垢納汙,7
含章挺生,7
汗牛充棟,7
好模好樣,5
好謀善斷,5
合膽同心,5
和衷共濟,5
河沙世界,5
河清人壽,9
河溓海夷,5
鶴骨鬆姿,5
衡石程書,5
宏才大略,7
閎識孤懷,7
鴻篇鉅制,7
胡天胡地,9
師表,5
施診,5
識荊,5
世界主義,5
適時,5
誓願,7
嬌娃,7
金鍊,7
津津,7
委婉,5
無量,7
塗歌裏抃,7
土階茅茨,7
吐食握髮,7
兔走鶻落,7
推己及物,7
推梨讓棗,7
退旅進旅,7
脫手彈丸,7
王公大人,7
忘生捨死,7
望子成龍,7
望梅止渴,9
望塵追跡,7
危言高論,7
煨乾避溼,7
違利赴名,7
圍城打援,7
嵬眼澒耳,9
溫枕扇席,9
文人無行,7
文昭武穆,9
文搜丁甲,9
文獻之家,9
聞所未聞,9
聞風響應,9
汶陽田反,7
我醉欲眠,9
屋上烏,7
無以塞責,7
無可比象,9
無名之樸,7
無拘無礙,7
無所不及,9
無所迴避,7
無師自通,7
無脛而走,7
無爲而治,7
通明,3
頭等,5
頭油,7
推脫,7
十雨五風,5
十載寒窗,5
識文談字,5
識微見遠,5
拾帶重還,5
食不重味,5
食甘寢安,5
視死如生,5
視微知著,5
誓同生死,5
適性忘慮,5
手不釋書,5
首善之區,5
書香人家,5
輸肝剖膽,5
束脩自好,5
鉥肝劌腎,5
水火不避,5
水佩風裳,5
順天從人,5
順風扯帆,5
死諸葛能走生仲達,5
四通八達,5
辯護士,5
餅子,5
波爾卡,7
伯祖母,5
補情,7
不錯眼,7
不顧,5
不失爲,5
少艾,5
舍親,3
身手,3
深造,1
神物,5
生息,1
勝利果實,3
駿馬,9
愷悌,5
剿滅,5
階級觀點,7
節節,5
優遇,5
遊俠,7
暢談,5
朝貢,5
稱謝,5
持家,5
壁間蛇影,5
辯口利辭,5
標新競異,5
別開蹊徑,5
冰寒於水,5
兵銷革偃,5
並疆兼巷,5
博覽五車,5
不刊之論,5
不染一塵,5
不爽毫髮,5
材士練兵,5
遠懷近集,3
嶽嶽犖犖,5
雲過天空,5
張公吃酒李公顛,5
真獨簡貴,5
震古鑠今,5
正大堂煌,5
直言正色,5
妙算神機,5
民富國彊,9
明公正道,6
鳴鶴之應,5
摩頂放踵,6
目牛無全,5
難分難解,7
能伸能屈,5
牛角書生,5
十年磨劍,5
時來運轉,5
識時達變,5
食魚遇鯖,5
使賢任能,5
事捷功倍,5
視下如傷,5
誓死不屈,5
適如其分,5
疏財重義,5
熟路輕轍,5
水來土掩,5
水盡山窮,5
說一是一，說二是二,5
死中求生,5
死裏求生,5
四海昇平,5
鼓樂齊鳴,7
觀隅反三,5
貫鬥雙龍,9
光車駿馬,5
光焰萬丈,7
歸十歸一,5
瑰意奇行,7
鬼工雷斧,9
國耳忘家,7
海盟山咒,9
含仁懷義,7
含垢包羞,7
含宮咀徵,5
含瑕積垢,5
寒泉之思,7
好天良夜,7
河山之德,7
河清海晏,5
涸魚得水,5
鶴鳴之士,5
橫眉吐氣,7
橫從穿貫,5
轟天烈地,7
閎言高論,5
鴻爪春泥,5
鴻軒鳳翥,7
鴻圖華構,5
後浪催前浪,5
詩篇,5
十七勇士,5
實地,5
示範,5
試看,5
逝世,7
化日光天,7
懷銀紆紫,5
歡忭鼓舞,9
煥然如新,5
黃金世界,5
揮日陽戈,9
隳肝嘗膽,9
毀家紓國,9
魂飛目斷,7
擊碎唾壺,9
肌劈理解,5
極情盡致,7
際遇風雲,5
驥子龍文,7
嘉言善狀,5
架海金樑,7
冬日可愛,5
白頭偕老,5
花好月圓,5
張敞畫眉,5
吃着不盡,5
拜把子,5
拜掃,5
班師,5
途途是道,7
吐心吐膽,7
吐膽傾心,7
摶心壹志,7
推食解衣,9
推燥居溼,9
拖金委紫,7
唾地成文,7
外簡內明,7
望斷白雲,9
微察秋毫,9
爲裘爲箕,5
違世乖俗,7
惟力是視,9
委委佗佗,7
溫席扇枕,9
文弛武玩,7
文治武力,9
文章經濟,9
文經武緯,9
聞一知二,7
聞風而興,9
問十道百,9
問罪之師,7
握素披黃,7
握髮吐飧,7
烏衣子弟,7
無可不可,9
無可置辯,7
無所不盡其極,9
無偏無倚,7
疊韻,7
洞房,9
對歌,9
老黃牛,7
嘮嗑,5
聯歡,5
千里馬,6
誼切苔岑,7
以手加額,7
脫口而出,6
言近指遠,7
一言九鼎,6
語重心長,7
人之將死，其言也善,9
班荊道故,7
曉以利害,6
良金美玉,8
矯矯不羣,6
馳名中外,8
網開一面,7
起死人，肉白骨,6
陵雲之志,7
不務空名,5
蹈節死義,7
田父獻曝,7
好問則裕,7
邈處欿視,5
民和年稔,9
名不虛得,6
名流鉅子,6
鳴於喬木,5
磨砥刻厲,6
年高望重,5
寧可玉碎，不能瓦全,6
嘔心滴血,6
形孤影寡,7
胸有懸鏡,7
雪操冰心,9
雅人清致,9
研精竭慮,7
陽春有腳,7
野鶴閒雲,7
逢吉丁辰,5
鳳翥鵬翔,9
鳳嘆虎視,9
否去泰來,5
浮家泛宅,7
孚尹旁達,7
俯首戢耳,9
富國裕民,9
腹心相照,9
概日凌雲,9
乾脆利索,5
甘雨隨車,7
感今惟昔,7
高人一等,7
高不輳低不就,7
高步闊視,7
高朋滿座,7
膏場繡澮,5
歌舞昇平,9
革故鼎新,7
革舊鼎新,7
公正廉潔,7
功蓋天下,9
躬先士卒,7
共貫同條,7
鐵拳,5
統率,7
頭緒,3
圖騰,9
推舉,9
榮歸,7
柔韌,3
入骨,9
肅立,5
超額利潤,7
成效,5
吃得消,5
癡長,5
能耐,5
難分難合,8
惜玉憐香,6
脣齒相依,7
報本反始,7
天覆地載,7
諷一勸百,8
能言巧辯,7
下阪走丸,7
要言不煩,7
千言萬語,7
一諾幹金,7
自圓其說,6
說一是一,6
宜截了當,6
不言而信,6
宰相肚裏能撐船,8
爲國捐軀 ,6
雄飛雌伏,7
非池中物,6
赤膽忠心,7
寧爲五碎，不爲瓦全,7
閉邪存誠,7
筆下生花,5
辨若懸河,5
賓來如歸,5
冰潔玉清,5
撥亂爲治,5
伯樂相馬,5
不可多得,5
不名一格,5
不得其所,5
不諱之門,5
才高七步,5
材優幹濟,5
參天兩地,5
長才廣度,5
長風破浪,5
昂藏,7
拜見,5
拜天地,5
相敬如賓,5
投傳而去,3
象箸玉杯,3
高着,7
辨客,5
辯士,5
表白,3
哺養,7
不期,7
不惜,7
風行電照,7
風虎雲龍,7
諷德誦功,5
鳳骨龍姿,9
鳳歌鸞舞,9
鳳臆龍鬐,9
奉爲至寶,9
否終則泰,5
跗萼聯芳,7
扶危定傾,9
俛拾仰取,9
負荊謝罪,9
富國彊兵,9
改行從善,7
乾啼溼哭,9
感恩懷德,9
高才卓識,7
高自標樹,5
高位厚祿,7
高官重祿,7
高情遠致,9
革凡成聖,7
革面洗心,7
格不相入,5
各取所需,5
公耳忘私,7
公道合理,5
躬蹈矢石,9
貢禹彈冠,7
獻詞,5
向上,3
小人兒,5
韶光,5
捨命,5
深醒,1
神童,7
審美,5
勝地,5
盛裝,5
破除,7
萋萋,6
奇兵,7
旗幟,7
器宇,5
芊眠,3
前茅,5
勇者不慎,7
狀行,5
攬蕹吻?,9
滕蛟起鳳,9
謝罪,7
信心,5
堅壁,1
健兒,5
軼類超羣,9
銀鉤玉唾,9
飲水曲肱,5
飲泉清節,7
隱然敵國,5
鷹覷鶻望,5
郢人斤斧,5
應答如流,5
用心用意,3
遊刃餘地,5
有腳書廚,5
餘音嫋嫋,7
雨順風調,5
語長心重,5
玉骨冰肌,7
鬱鬱蒼蒼,5
鴛儔鳳侶,7
淵蜎蠖伏,7
沅茝醴蘭,7
枉駕,5
威勢,5
執兩用中,5
丁是丁，卯是卯,5
循名責實,5
風雨無阻,5
滿腔熱忱,7
令人起敬,5
一瓣心香,5
不甘後人,5
松枝掛劍,7
宋才潘面,9
送往視居,3
速戰速決,7
隨車致雨,9
遂心滿意,7
碎玉零璣,5
所向皆靡,9
談吐生風,7
談霏玉屑,9
坦然自若,9
探賾鉤深,3
堂堂一表,9
韜光斂彩,3
桃夭李豔,5
桃李門牆,7
桃腮柳眼,7
討類知原,3
體貼入妙,9
天地剖判,9
天空海闊,9
天無絕人之路,7
天網恢恢,7
條脩葉貫,5
鐵板銅弦,7
鐵壁銅牆,9
通才碩學,9
通文達藝,7
通險暢機,5
同仇敵慨,7
同心共濟,7
同心竭力,7
同垂不朽,9
同德協力,5
銅山鐵壁,9
投木報瓊,7
投梭之拒,1
滑膩,5
鏘金鏗玉,5
強記博聞,7
牆頭馬上,7
巧不可階,7
切理厭心,5
青肝碧血,7
輕身重義,7
輕財重士,5
清新俊逸,7
擎天架海,9
勸善戒惡,5
鵲反鸞驚,7
任憑風浪起，穩坐釣魚臺,5
日角龍顏,5
日新月著,7
鎔今鑄古,5
入孝出悌,5
塞井夷竈,5
三諫之義,5
桑廕未移,5
刪華就素,5
善始令終,5
賞高罰下,5
上下同欲,5
身名兩泰,5
深入顯出,5
深猷遠計,5
神兵天將,5
神怡心曠,5
神流氣鬯,5
神龍馬壯,7
大年夜,7
保不齊,5
報償,7
賁臨,5
必要,3
仙丹,3
纖悉,3
顯榮,5
現代化,3
陷陣,3
善男信女,1
賞鑑,3
上策,3
上手,7
負荊,7
健將,5
儀表,3
義學,5
癒合,5
元首,9
圓寂,7
讚語,7
功到自然成,7
有緣千里來相會,7
爲人說項　,5
兩小無猜　,7
少小無猜　,7
鵲笑鳩舞　,7
一路福星　,5
醉酒飽德　,5
粉妝玉琢,5
洶涌澎湃,7
人傑地靈,7
桂子飄香,5
奇花異卉,5
靈丹聖藥,5
稀世之珍,9
財運,5
引咎責躬,5
飲水思源,5
隱鱗戢羽,5
鷹心雁爪,5
迎門請盜,5
郢人斤斫,5
應答如響,5
庸中皦皦,5
憂公忘私,5
有頭有腦,5
於安思危,5
餘勇可賈,5
魚沉雁落,9
禹惜寸陰,7
語重心沉,7
玉樹瓊枝,7
淵涓蠖濩,7
淵圖遠算,7
安步當車,3
知止不殆,3
玉尺量才 ,3
言出法隨,3
聞聲相思,5
折節下士,5
鎮定,5
行若無事,5
柔遠鎮邇,5
如魚似水,5
如履如臨,5
軟香溫玉,5
三戶亡秦,5
殺身成義,5
山容海納,5
善眉善眼,5
賞善罰否,5
少年老誠,5
歙漆阿膠,5
身名俱泰,5
深切著明,5
深見遠慮,5
深圖遠算,5
神功聖化,5
神完氣足,5
神搖目奪,5
神樞鬼藏,5
神懌氣愉,5
勝殘去殺,5
詩情畫意,5
王牌,7
踞虎盤龍,7
嚼墨噴紙,7
君子好逑,5
開口見膽,5
豈弟君子,7
克逮克容,5
快刀斬麻,9
寬洪大度,9
匡鼎解頤,7
拉枯折朽,3
爛熳天真,7
樂成人美,7
樂善好義,9
離蔬釋屩,7
利齒能牙,7
瀝膽隳肝,7
礪世磨鈍,7
連枝分葉,5
連階累任,7
連戰皆捷,5
斂鍔韜光,7
量才器使,3
剛腸嫉惡,3
相忍爲國,7
坐懷不亂,5
折節讀書,9
世上無難事，只怕有心人,7
捨得一身剮，敢把皇帝拉下馬,9
天網恢恢，疏而不漏,3
修舊利廢,5
二人同心，其利斷金,9
衆志成城,7
一體同心,5
左提右摯,3
意氣相投,3
登高能賦,7
高才疾足,7
靈蛇之珠,7
三頭六臂,5
冰雪聰明,9
一家之言,3
蹇之匪躬,5
見兔放鷹,5
見幾而作,5
見素抱樸,5
將勤補拙,5
潔濁揚清,7
解紛排難,5
金石之言,5
金枝玉葉,5
金屋嬌娘,5
金貂取酒,5
金閨國士,5
金聲擲地,5
謹始慮終,5
錦囊佳句,5
進退中度,3
進退有常,3
進賢退愚,5
進德修業,5
驚世駭俗,7
驚起樑塵,5
井渫不食,5
徑情直行,5
敬老慈穉,5
迥然不羣,5
救偏補弊,5
治國安邦,5
櫛霜沐露,5
中流底柱,7
重義輕財,5
朱脣皓齒,5
朱顏綠髮,5
珠璧聯輝,5
銖量寸度,5
逐風追電,5
鑄新淘舊,5
追風躡影,7
追雲逐電,7
卓犖不羈,7
孜孜不輟,5
孳孳不倦,5
足音空谷,7
鏃礪括羽,5
嘴清舌白,3
左右逢原,7
坐不垂堂,1
坐薪懸膽,7
松柏之志,7
宋斤魯削,7
搜索腎胃,7
隨鄉入鄉,3
遂心應手,7
談吐風生,3
韜光韞玉,5
桃夭柳媚,7
桃李春風,9
桃腮粉臉,5
剔透玲瓏,7
蹄間三尋,3
天道無親,9
恬淡無爲,7
條貫部分,5
鐵板銅琶,7
通才練識,9
通文調武,7
通儒達士,7
同仇敵愾,7
同心合力,7
同心敵愾,7
同盤而食,7
投戈講藝,5
投梭折齒,3
都頭異姓,9
杜漸防微,5
斷長補短,5
斷齏畫粥,7
敦默寡言,5
惡衣蔬食,5
伐罪弔民,5
反樸還淳,5
飛檐走脊,5
分花約柳,7
分勞赴功,5
奮身不顧,7
憤不顧身,7
風月無邊,9
赫奕,9
鴻鵠,7
虎勢,5
滴溜溜,5
學問,5
寬饒,3
重用,9
燭淚,7
佇立,7
注重,8
轉贈,3
蹺足抗手,7
切理饜心,5
噙齒戴髮,7
輕身殉義,5
輕財敬士,5
清歌妙舞,4
窮不失義,5
勸善黜惡,5
鵲返鸞回,5
熱心快腸,5
仁言利溥,5
任憑風浪起，穩坐釣魚船,5
日昃不食,5
日新月盛,7
鎔古鑄今,5
搶險,5
俏式,5
情操,5
情郎,7
屈尊,5
良宵,5
亮堂堂,5
琳琅,5
堂奧,5
陶鈞,5
天然,5
舉世無雙,9
卷甲銜枚,3
鈞天廣樂,7
開花結實,7
開雲見天,7
刊心刻骨,5
剋己奉公,3
鏗金霏玉,7
口諧辭給,7
枯樹逢春,7
快心遂意,7
寬洪海量,7
匡衡鑿壁,7
來好息師,3
攬轡中原,5
磊落不羈,7
離奇古怪,7
瀝血披心,5
麗句清辭,3
連枝同氣,7
連輿接席,5
廉而不劌,5
戀戀難捨,9
兩肋插刀,7
量材錄用,3
澹泊寡欲,3
一秉至公,7
眼裏揉不下沙子,5
仰屋著書,7
不遠千里,5
事必躬親,7
一身都是膽,5
精打細算,5
精誠團結,7
一心一德,7
相儒以沫,7
患難與共,7
和而不同,5
周而不比,5
鶴鳴九皋,7
旁求俊彥,5
下筆成篇,7
手急眼快,5
殫見洽聞,7
別開生面,5
強記,5
勤王,7
情話,7
情誼,7
無與爲比,7
析肝吐膽,9
洗心回面,5
喜形於色,7
賢賢易色,7
顯姓揚名,5
祥風時雨,5
霄魚垂化,5
效死勿去,7
心忙意亂,5
心貫白日,7
興致淋漓,9
苦心,5
虧折,5
披肝露膽,5
匹馬一麾,7
貧賤之知,3
破肝糜胃,5
破觚斫雕,1
剖肝瀝膽,7
七步八叉,5
七竅玲瓏,5
奇花異草,3
棋逢對手,5
氣吞湖海,5
氣滿志得,7
棄邪從正,5
棄瑕取用,5
千里神交,7
千倉萬箱,9
彩霞,5
義務勞動,5
殷殷,7
英魂,7
遠謀,7
約會,5
岳丈,5
讚美詩,7
垂手而得,7
甕中捉鱉,7
紫氣東來,9
反敗爲勝,7
多財善賈,7
情深潭水,7
同聲相應，同氣相求,7
杵臼之交,7
束縕請火,5
春風夏雨,5
口碑載道　,7
歃血爲盟　,5
承歡膝下　,5
屈高就下　,5
燕雀相賀　,7
雨過天青,7
沃野千里,7
曲徑通幽,5
奇光異彩,7
金石絲竹,5
文房四寶,5
瓊林玉樹,7
巍然屹立,7
死而後已,7
名家,7
名士,7
明斷,5
莫逆,7
拿手,5
愛禮存羊,3
安魂定魄,5
安生服業,5
案無留牘,5
暗室不欺,5
昂頭挺胸,5
傲雪凌霜,5
鰲頭獨佔,5
八面瑩澈,5
拔山超海,5
拔羣出萃,5
白衣公卿,5
百二河山,5
百舉百全,5
百萬雄師,5
拜倒轅門,7
抱打不平,5
擲地有聲,5
智圓行方,5
朱甍碧瓦,7
珠零錦粲,7
銖寸累積,5
銖積寸累,5
逐句逐字,5
逐機應變,5
主敬存誠,7
駐顏益壽,5
轉災爲福,5
追風逐日,7
孜孜汲汲,5
孳孳矻矻,5
祖功宗德,7
尊俎折衝,5
坐樹無言,5
愛稱,7
安息,5
十日所視，十手所指,3
見利思義,5
見縫插針,5
劍及屨及,5
江左夷吾,7
降心俯首,5
交能易作,5
斠若畫一,5
潔身累行,5
解衣磅礴,5
金玉錦繡,5
金光蓋地,5
金章玉句,5
金榜題名,5
金聲玉服,5
錦瑟華年,5
錦囊玉軸,5
進利除害,5
進退應矩,3
進善懲惡,3
進賢退佞,5
進賢黜奸,5
禁鼎一臠,7
兢兢乾乾,5
景星麟鳳,7
敬老恤貧,5
灸艾分痛,5
救急扶傷,5
鞠躬盡力,9
率先,5
落忍,5
執友,7
忠臣,7
濃妝豔裹,7
清風明月,5
豪情壯志,7
衾影無慚,7
能近取譬,5
興致勃勃,5
娛心悅目,7
摩拳擦掌,7
福分,5
高論,7
碧油油,5
良藥,5
亮眼人,5
俠客,7
鮮花,5
薩噶達娃節,5
掃平,5
善類,3
賞封,5
上輩,3
上風,1
上升,3
貔虎,5
翩躚,5
平實,5
絕藝,5
嶽峙淵渟,5
雲淨天空,5
雲舒霞卷,5
造微入妙,3
戰無不勝，攻無不克,7
貞不絕俗,5
錚錚佼佼,5
正正堂堂,5
之死不渝,5
直言極諫,5
止於至善,5
志士仁人,5
穩鍵,5
塗歌巷舞,7
吐哺輟洗,7
兔起鶻落,7
推輪捧轂,7
吞刀刮腸,5
亡秦三戶,9
爲善最樂,7
未明求衣,7
魏紫姚黃,7
溫衾扇枕,9
文子同升,7
文章宿老,9
文圓質方,7
握炭流湯,9
握鉛抱槧,7
無一不知,7
無私之光,7
無所不容,9
無幽不燭,5
無施不效,7
通曉,7
突破,7
十成九穩,5
十拏九穩,5
石赤不奪,5
識明智審,5
識禮知書,5
食不累味,5
事半功百,5
視人如子,5
視死若歸,5
適以相成,5
適逢其會,5
守正不橈,5
書通二酉,5
熟思審處,5
樹德務滋,5
雙喜臨門,5
水秀山明,5
順水順風,5
大熊貓,5
悼念,5
獻旗,5
上座,5
紳士,5
神槍手,5
神效,7
升官,3
生髮,3
聲望,5
勝仗,3
開懷兒,7
觥觥,4
交好,7
解放戰爭,3
永生,3
幽情,5
長逝,7
暢飲,7
成就,5
筆走龍蛇,5
璧坐璣馳,5
辨物居方,5
冰潔淵清,5
秉筆直書,5
不亦樂乎,5
不知寢食,5
不撓不折,5
不諱之朝,5
才高氣清,5
材茂行絜,5
財運亨通,5
參天貳地,5
遠至邇安,5
月異日新,3
嶽鎮淵渟,5
雲涌風飛,3
運掉自如,5
斬釘切鐵,5
戰無不勝，攻無不取,7
貞鬆勁柏,5
錚錚鐵漢,5
正正經經,5
之死靡二,5
志在四海,5
鼓吹喧闐,5
鼓腹擊壤,5
刮目相待,7
掛肚牽腸,9
貫朽粟腐,5
光前絕後,5
廣見洽聞,5
規言矩步,3
桂玉之地,5
果刑信賞,5
過都歷塊,5
海屋籌添,5
海懷霞想,7
酣嬉淋漓,5
含冰茹檗,5
含垢匿瑕,7
含冤負屈,7
函蓋充周,5
毫分縷析,5
好善惡惡,5
合衷共濟,5
和風麗日,5
河目海口,5
河清雲慶,5
橫槊賦詩,7
閎意妙指,5
鴻泥雪爪,5
鴻章鉅字,7
鴻漸於幹,5
鴻斷魚沈,5
後擁前呼,7
師母,5
施與,5
時尚,5
懷材抱器,7
黃龍痛飲,9
回山倒海,9
迴文織錦,9
豁然開悟,5
飢不遑食,5
吉祥如意,5
戛戛獨造,7
堅忍不拔,7
光大,6
並蒂芙蓉,5
鸞風和鳴,5
獨佔鱉頭,5
入結家足,3
丁憂,7
啓迪,5
芊綿,3
謙辭,5
前驅,5
任命,3
榮軍,7
容情,3
軟佇,7
行俠好義,5
杏臉桃腮,5
熊韜豹略,5
雪案螢窗,7
噀玉噴珠,7
言聽行從,7
顏精柳骨,9
揚威耀武,7
逸興雲飛,9
頌詞,5
風行電擊,7
鳳毛龍甲,7
鳳皇來儀,5
鳳鳴鶴唳,7
鳳靡鸞吪,7
跗萼連暉,7
扶危定亂,9
俯仰無愧,7
負重吞污,7
改行爲善,5
幹霄蔽日,7
乾乾翼翼,5
高位重祿,7
高官尊爵,7
高情遠意,9
革凡登聖,7
革面悛心,5
格古通今,7
各得其宜,5
公爾忘私,9
攻苦食啖,7
躬體力行,7
通竅,5
權變,3
勸勉,5
惹眼,7
人格,3
如期,5
銳氣,5
隨喜,5
刑于之化,5
行者讓路,5
杏腮桃臉,5
雄深雅健,9
煦色韶光,5
雪胎梅骨,7
咽苦吐甘,9
言簡義豐,7
研精殫思,7
豔紫妖紅,5
逸輩殊倫,9
樂觀主義,7
暢通,5
超巨星,9
稱雄,5
抃風儛潤,5
標新創異,5
別具手眼,5
冰清玉潤,5
兵無血刃,5
秉公無私,7
博物洽聞,5
不欺暗室,5
不遺鉅細,5
材雄德茂,5
彪柄,5
賓服,5
菠蘿蜜,5
勃興,7
不圖,5
對偶婚,7
鳳翥龍翔,7
鳳舞龍蟠,7
奉公如法,7
佛眼相看,5
否極陽回,5
扶危濟急,7
富貴不淫,7
腹飽萬言,7
改柯易葉,5
乾巴利落,5
高材疾足,7
高風勁節,9
高遏行雲,5
高頭大馬,7
革邪反正,5
革奸剷暴,9
根深蒂結,7
公明正大,5
功成名就,5
攻疾防患,5
拱揖指麾,5
享年,5
少禮,3
捨身,5
神品,9
神悟,7
破獲,7
譜寫,5
齊截,5
啓蒙,3
起色,3
氣候,3
契合,3
謙讓,5
潛力,5
警句,3
前程萬裏,9
得名,3
端詳,3
行善,5
尖銳,5
健步,5
震撼,7
齒白脣紅,7
環肥蕉瘓,7
明眸皓齒,7
稚齒婑婿,7
蜂目豺聲,7
軼羣絕類,7
意氣飛揚,5
引繩棋佈,5
飲冰食櫱,5
隱居求志,5
應弦而倒,5
擁政愛民,5
雍容閒雅,5
遊騎無歸,5
遊響停雲,7
有始有卒,7
餘聲三日,9
餘音繚繞,9
魚躍鳶飛,7
瑜百瑕一,5
雨簾雲棟,7
語妙絕倫,7
玉柱擎天,9
玉潤冰清,9
鬱鬱沉沉,7
淵涌風厲,5
沅芷澧蘭,7
威權,5
似漆如膠,9
駟馬莫追,7
鬆茂竹苞,9
崧生嶽降,9
送往事居,7
頌聲載道,9
夙興昧旦,9
隨車夏雨,9
隨高就低,9
遂心快意,9
所向克捷,9
太山北斗,9
談玄說妙,7
談論風生,7
探賾索隱,5
堂皇富麗,7
韜光俟奮,7
桃李爭妍,7
桃羞杏讓,7
討惡翦暴,7
騰聲飛實,9
提心在口,9
天上麒麟,9
天老地荒,9
天隨人原,9
恬不爲意,7
鐵板歌喉,7
鐵畫銀鉤,7
鐵壁銅山,9
通文達禮,7
通幽動微,7
通憂共患,7
同力協契,7
同心共膽,7
同心僇力,7
同明相照,9
同德同心,7
銅筋鐵肋,9
投刃皆虛,7
投桃報李,9
酬謝,5
摧陷廓清,7
寸善片長,5
錯彩鏤金,7
打破沙鍋璺到底,7
打鐵趁熱,5
大直若屈,7
大家風範,5
大路椎輪,5
帶金佩紫,5
戴玄履黃,5
戴霜履冰,5
殫誠畢慮,5
膽大潑天,5
刀頭燕尾,5
蹈火探湯,5
道同志合,5
道高德重,5
得未嘗有,5
德隆望重,7
砥節礪行,5
點頭會意,5
頂門壯戶,5
東南之寶,5
滑溜,5
憔神悴力,5
切理會心,5
青出於藍,7
輕車熟道,5
輕財好義,5
清風朗月,5
去邪歸正,7
確然不羣,5
仁人義士,5
任從風浪起，穩坐釣魚船,5
日角龍庭,5
日暖風和,4
榮諧伉儷,5
柔遠能邇,5
如坐春風,5
如湯灌雪,5
如膠投漆,5
如原以償,5
入孝出弟,5
入閣登壇,5
灑心更始,5
三貞五烈,5
三陽交泰,5
搔着癢處,5
山包海容,5
賞信罰必,5
上下同心,5
舍策追羊,5
射像止啼,5
身做身當,5
深根固本,5
神采英拔,5
神超形越,5
詩云子曰,5
從容,7
正骨,5
天涯若比鄰,7
眉目勿畫,5
掃榻,5
歃血,5
閃耀,7
善鄰,1
賞光,3
上賓,5
上峯,3
增進,7
財禮,5
撐腸拄腹,3
振臂一呼,5
一定之規,3
沿波討源,3
義正辭嚴,7
壯土解腕,5
從善如登,5
燎如觀火,9
列功覆過,7
林下風致,9
鱗集仰流,9
靈心慧性,7
另開生面,1
流離播越,5
柳弱花嬌,7
柳綠花紅,5
六問三推,1
六韜三略,5
龍眉鳳目,5
龍蛇飛舞,5
龍鳳呈祥,7
龍興鳳舉,9
龍顏鳳姿,5
龍騰鳳集,7
鏤肝鉥腎,3
魯殿靈光,5
鷺約鷗盟,1
鸞音鶴信,5
鸞鳴鳳奏,7
論辯風生,3
履險若夷,9
馬上功成,7
麥丘之祝,7
沒世不忘,9
門不夜關,7
門閭之望,7
猛虎添翼,7
迷而知返,5
靡然成風,1
還願,3
見精識精,5
劍氣簫心,5
潔清自矢,5
截鐵斬釘,5
解衣盤礴,5
借客報仇,5
金口木舌,5
金石之交,5
金昭玉粹,5
金淘沙揀,5
金聲玉潤,5
謹身節用,5
錦繡心腸,5
錦囊妙計,5
進退有度,3
進賢退奸,5
進賢黜惡,5
井然有條,5
徑行直遂,5
敬老慈少,5
迥不猶人,5
九烈三貞,5
酒龍詩虎,5
救時厲俗,5
鞠躬盡力，死而後已,5
鬥霜傲雪,7
獨佔鼇頭,5
讀書君子,5
敦本務實,5
伐罪吊人,5
反正還淳,5
飯蔬飲水,5
飛聲騰實,5
分花拂柳,7
奮不顧命,7
虎彪彪,5
嫡傳,5
重要,7
囑託,7
注視,7
專著,7
轉運,8
裝璜,7
追髒,7
準譜兒,8
喬遷,5
傾心,7
爽快,5
瓏玲,5
摧枯折腐,7
大匠運斤,5
大放厥辭,5
大澈大悟,5
待賈而沽,5
戴清履濁,5
丹鳳朝陽,5
膽壯氣粗,5
彈丸脫手,5
倒峽瀉河,5
道弟稱兄,5
敵惠敵怨,5
砥礪廉隅,5
雕章繪句,5
跌宕昭彰,5
東牀嬌客,5
天趣,5
恬適,9
鐫脾琢腎,1
嚼鐵咀金,3
君聖臣賢,7
開心見腸,7
開眉展眼,7
咳珠唾玉,7
克愛克威,5
口角生風,7
枯枝再春,7
刳精鉥心,3
快刀斬亂絲,7
寬洪大量,9
匡亂反正,5
覽聞辯見,7
樂天任命,3
樂此不倦,9
樂道安命,5
磊浪不羈,7
冷心冷面,1
離蔬釋蹻,7
歷井捫天,9
瀝血叩心,5
麗句清詞,3
連枝共冢,7
連輿並席,5
兩世爲人,5
量己審分,3
修心養性,5
三思而行,1
不忮不求,5
修身潔行,5
修橋補路,7
宵衣旰食,5
爭分奪秒,3
死不瞑目,7
信賞必罰,7
菩薩低眉,5
一德一心,7
有福同享,5
五言長城,7
藥籠中物,7
舉無遺策,7
見機行事,5
搏大精深,9
身經百戰,7
巧取豪奪,5
無與比倫,7
息黥補劓,5
洗手奉公,5
徙薪曲突,5
霞明玉映,7
賢妻良母,7
顯山露水,5
香草美人,5
像心稱意,7
孝子慈孫,7
脅不沾席,7
心忙意急,5
魁偉,9
苦境,7
虧蝕,5
困守,7
披肝瀝血,5
貧賤之交,3
剖肝泣血,3
七行俱下,3
祁奚之薦,3
崎嶔歷落,5
氣吞虹蜺,5
氣義相投,5
棄惡從善,5
砌紅堆綠,5
千伶百俐,9
千金敝帚,7
潛休隱德,7
彩禮,7
揖讓,7
藝術性,9
蔭庇,3
遇合,5
元氣,5
園丁,7
遠見,7
岳母,7
贊禮,7
增光,7
暢通無阻,7
以湯沃雪,7
有鳳來儀,7
地平天成,7
事在人爲,7
桃花潭水,7
如魚得水　,7
蓬蓽生輝　,7
熊羆入夢　,7
竹苞松茂　,7
旭日東昇,5
青山綠水,7
吉光片羽,9
調和鼎鼐,7
荊山之玉,7
壽山福海,9
吉日良辰,7
名勝,7
名著,7
愛素好古,5
安國富民,5
安心定志,5
安於一隅,5
鰲裏奪尊,5
拔山舉鼎,5
白眼相看,5
百堵皆作,5
百家爭鳴,5
百歲千秋,5
抱誠守真,5
背暗投明,5
智勇兼全,5
彘肩斗酒,5
忠言逆耳,5
衆醉獨醒,5
晝乾夕惕,7
朱弦三嘆,7
銖銖較量,5
主情造意,5
麈尾之誨,7
駐紅卻白,5
祝僇祝鯁,7
鑄劍爲犁,5
追魂奪命,9
諄諄誥誡,5
濁涇清渭,5
孜孜不懈,5
孳孳汲汲,5
晬面盎背,7
尊主澤民,5
左右圖史,7
左鉛右槧,7
坐不重席,7
坐樹不言,7
做小伏低,7
芝蘭,7
中獎,9
龍驤虎視,9
打哈哈,7
華冠麗服,7
浮想聯翩,7
貧而樂道,7
得意忘言,7
幕天席地,7
保不住,5
本草綱目,5
碧血,7
胖墩兒,5
劈手,7
翩然,6
平正,5
烈烈轟轟,7
林下清風,9
麟角鳳觜,9
令行禁止,7
流水高山,3
流星飛電,7
柳眉星眼,7
柳暗花遮,5
柳寵花迷,7
六根清淨,9
龍肝鳳髓,7
龍姿鳳採,7
龍飛鳳舞,5
龍章鳳彩,7
龍翔鳳躍,7
龍戰玄黃,3
龍蟠虎伏,5
龍騰虎擲,7
龍驤虎跱,7
鏤骨銘肌,9
魯戈回日,9
魯陽回日,9
鹿車共挽,3
露膽披肝,7
鸞吟鳳唱,5
鸞跂鴻驚,5
鸞鵠在庭,5
洛陽紙貴,5
履盈蹈滿,9
馬到功成,7
麥穗兩歧,7
埋輪破柱,7
滿臉春色,7
沒石飲羽,7
迷途知反,5
光彩耀目,5
廣譬曲諭,5
圭角岸然,7
珪璋特達,7
桂酒椒漿,7
滾瓜流水,5
海涵地負,9
含明隱跡,5
含情脈脈,7
韓海蘇潮,7
寒灰更然,5
浩如煙海,7
和顏說色,5
河清社鳴,5
河漢江淮,5
鶴骨龍筋,5
鶴勢螂形,5
洪爐點雪,7
鴻業遠圖,7
鴻儒碩學,7
後來之秀,5
厚德載物,7
適中,5
絕倫,3
駿足,9
楷模,7
袁安高臥,5
遠矚高瞻,3
嶽嶽磊磊,5
雲心鶴眼,5
運斤如風,5
造極登峯,9
擇地而蹈,5
齋心滌慮,5
戰無不克,5
朝過夕改,5
折衝之臣,5
震聾發聵,5
正正氣氣,5
政清人和,5
直言正諫,5
咫尺萬裏,5
溫居,5
塗歌邑誦,7
吐哺捉髮,7
兔起鳧舉,7
推心致腹,7
推誠置腹,7
退藏於密,7
脫穎囊錐,7
外寬內明,7
亡羊補牢,3
王孫公子,5
望表知裏,7
望眼將穿,7
危言覈論,7
逶迤退食,7
違時絕俗,7
未爲不可,5
渭濁涇清,9
溫香豔玉,7
文子文孫,9
文武之道,9
文風不動,7
文章宗匠,9
文絲不動,7
文覿武匿,7
甕中之鱉,7
握雨攜雲,9
握瑜懷瑾,7
屋烏推愛,7
無巧不成話,7
無衣之賦,7
無其倫比,9
無所忌諱,7
無施不可,7
無爲自成,7
帖服,5
通達,9
通融,5
頭角,7
透亮,7
團圓,9
面不改容,5
妙言要道,5
民脂民膏,9
名公巨人,6
名德重望,6
鳴野食蘋,5
磨礲浸灌,6
內峻外和,5
能掐會算,5
泥而不滓,5
年高德卲,5
嘔心鏤骨,6
識字知書,5
識塗老馬,5
食不二味,5
食不兼味,5
視死若生,5
視險若夷,5
適心娛目,5
適逢其時,5
手到拈來,5
守正不撓,5
書香門戶,5
輸肝瀝膽,5
爽然自失,5
水火相濟，鹽梅相成,5
順水行舟,5
順風使船,5
死而不朽,5
死骨更肉,5
獻禮,5
小巧,3
少陪,3
攝衛,3
伸暢,5
紳耆,7
神氣,5
升格,3
勝任,5
金榜,9
嫋娜,5
喁喁,7
尤異,9
長生,5
暢想,5
鼓腹含哺,5
顧盼生輝,5
刮目相見,7
官法如爐,5
貫朽粟陳,5
光前啓後,5
歸正邱首,9
龜年鶴算,7
軌物範世,5
含垢忍恥,7
韓潮蘇海,7
汗馬之勞,7
好酒貪杯,5
河奔海聚,7
鶴行雞羣,7
鶴處雞羣,7
鴻爪雪泥,5
鴻案相莊,7
鴻漸之翼,7
後進領袖,9
師公,5
什麼的,5
釋疑,5
手拜,7
鵠峙鸞翔,7
化民易俗,5
懷才抱器,7
歡忻鼓舞,7
換骨奪胎,7
隳膽抽腸,9
迴天挽日,9
惠子知我,5
豁然省悟,7
擊壤鼓腹,5
雞犬無驚,5
雞鳴起舞,7
吉日良時,5
季布一諾,7
活菩薩,5
心平氣和,5
菽水承歡,5
尺寸之功,5
宮可敵國,3
拜壽,5
般若,5
榜眼,5
信而好古,7
青梅竹馬,8
返哺之恩,7
娓娓不倦,7
要言妙道,7
一字褒貶,8
滔滔不絕,8
抵掌而談,7
以理服人,6
沅茝灃蘭,7
人中之龍,6
胸懷祖國，放眼世界,8
萬古千秋,8
鐵杵成針,6
自求多福,6
憂國奉公,9
古井無波,7
拭面容言,7
謙讓末遑,6
人望,7
榮華,7
碩果,5
隨心,5
形隻影單,7
形輸色授,7
雄材大略,7
呴溼濡沫,7
學老於年,7
雅人韻士,7
言論風生,7
研精殫力,7
揚武耀威,9
搖頭麰尾,3
逸態橫生,7
老壽星,1
禮遇,5
聯結,5
輔車相依,7
手足之情,8
慷慨激昂,7
寸草春暉,7
再造之思,7
高談雄辯,8
片言折獄,7
甘言美語,7
由衷之言,8
千叮嚀，萬囑咐,7
正言厲色,7
言來語去,7
各抒已見,7
君於一言，快馬一鞭,6
蕙心紈質,6
山中宰相,7
威望素著,7
九天攬月,7
按荊斬棘,7
倩女離魂,7
之死摩它,7
披心相付,6
辨日炎涼,5
冰清玉粹,5
兵未血刃,5
秉公辦理,5
剝極則復,5
博物君子,5
不步人腳,5
不祧之宗,5
不揣冒昧,5
不媿下學,5
不撓不屈,5
不諱之路,5
才疏志大,5
材高知深,5
柴立不阿,5
闡揚光大,5
拜客,5
拚命,7
辯白,3
辯正,5
不料,7
不下於,5
風雨時若,5
鳳毛濟美,5
鳳凰來儀,5
鳳舞龍飛,7
鳳髓龍肝,9
佛眼佛心,5
否極泰回,5
跗萼載韡,7
扶危救困,7
負重含汙,7
富貴不能淫,7
腹載五車,9
改往修來,7
乾巴利脆,5
甘心如薺,7
肝膽披瀝,9
感人心脾,9
高才絕學,7
高枕勿憂,9
高官顯爵,7
高情遠韻,9
櫜弓臥鼓,5
革心易行,5
革面斂手,7
根深本固,7
公私兩濟,5
功成弗居,7
拱挹指麾,7
破顏,5
奇崛,7
奇志,7
氣度,3
氣宇,6
謙謙,7
民熙物阜,9
明公正義,6
銘心鏤骨,5
磨不磷，涅不緇,6
磨礱浸灌,6
難解難分,7
涅而不淄,6
女中丈夫,5
濟事,5
佳音,5
易如破竹,7
意前筆後,5
崟崎磊落,5
郢人斫堊,5
有死無二,5
有恥且格,5
右翦左屠,5
餘霞成綺,7
魚水和諧,7
雨暘時若,5
語近指遠,5
玉清冰潔,7
玉簫金管,7
遇水架橋,5
超軼絕塵,7
倍道而進,5
靈便,5
看萊吃飯，量體裁衣,5
仰觀俯察,3
字斟句酌,3
倒屣相迎,5
三復斯言,5
不在話下,5
松柏寒盟,9
宋畫吳冶,9
隨物應機,9
探竿影草,5
探驪得珠,7
韜曜含光,7
桃李遍天下,9
桃蹊柳陌,7
騰達飛黃,9
天成地平,7
天真爛漫,7
佻身飛鏃,9
鐵郭金城,7
通天徹地,9
通古達變,9
通計熟籌,7
同心並力,7
同心斷金,7
銅打鐵鑄,9
銅頭鐵臂,9
強識博聞,7
親操井臼,7
青霄白日,7
清風勁節,7
清辭麗句,5
驅雷策電,9
卻金暮夜,9
人一己百,5
日旰忘食,5
日昃忘食,5
日鍛月煉,5
入文出武,5
入室昇堂,5
桑土綢繆,5
山膚水豢,7
賞罰信明,7
深中隱厚,5
神工天巧,7
神乎其技,7
神抶電擊,9
神清氣茂,7
神霄絳闕,7
鶼鰈,5
維新,5
舉賢使能，舉賢任能,7
決命爭首,3
軍不血刃,5
開利除害,5
開雲見日,7
尻輿神馬,7
空谷足音,5
口角風情,9
口壅若川,3
枯木再生,7
快心滿志,9
寬豁大度,9
曠心怡神,7
括目相待,5
攬轡登車,5
郎才女姿,7
樂在其中,5
樂道忘飢,7
樂山樂水,7
磊落光明,7
離世異俗,7
瀝血披肝,5
麗藻春葩,3
連中三元,9
連枝並頭,7
連珠合璧,7
連鼇跨鯨,7
廉頑立懦,7
量體裁衣,5
量能授官,5
慎終追遠,3
繩愆糾謬,5
衣被羣生,7
行不更名，坐不改姓,5
狷介之士,5
分秒必爭,5
圓木警枕,7
不敢告勞,5
手足胼胝,7
天不怕，地不怕,3
一以當十,7
衆擎易舉,5
如左右手,9
八斗之才,7
妙手丹青,7
獨具隻眼,7
訥言敏行,7
多文爲富,7
自出心栽,5
擲地金聲,5
鐘鼎山林,5
朱樓碧瓦,7
珠圓玉潔,5
銖分毫析,5
銖積絲累,5
拄笏西山,7
祝鯁祝噎,7
轉海迴天,9
壯士斷腕,7
追風逐電,7
追魂攝魄,9
孜孜矻矻,5
錙銖不爽,7
足衣足食,5
祖武宗文,7
鑽堅研微,5
醉玉頹山,5
尊無二上,7
左宜右宜,7
坐無虛席,7
愛國主義,5
安歇,5
率真,5
洞隱燭微,7
對客揮毫,7
惡塵無染,5
恩同山嶽,7
房謀杜斷,7
分條析理,5
奮發蹈厲,7
豐功盛烈,7
風光月霽,7
風雨不改,5
花花綠綠,5
周遊,5
主體,7
助威,7
轉世,6
拙見,5
良種繁育,5
了得,5
領先,5
流行,5
韜略,9
特長,3
天賦,3
天尊,9
嚴氣1性,7
賢良方1,7
潛心,3
巧幹,5
峭拔,5
親徵,7
傾倒,7
情理,5
擎天柱,7
惜墨如金,7
洗耳恭聽,5
霞蔚雲蒸,7
仙風道氣,5
掀天揭地,7
顯祖榮宗,5
響徹雲際,5
心細於發,7
心滿意得,9
心曠神恬,7
辛壬癸甲,7
星移鬥轉,7
款留,5
批鱗請劍,3
披襟解帶,5
駢枝儷葉,1
溥天同慶,3
騎驢風雪中,5
氣逾霄漢,9
千古獨步,9
千里寄鵝毛,7
千金一瓠,9
千秋萬古,5
遷善塞違,7
謙虛敬慎,9
依偎,5
儀式,1
義倉,5
義勇,7
益處,5
應典,5
元宵,5
原宥,5
月老,7
增益,3
反手可得,7
持盈保泰,7
維妙維肖,7
色授魂與,7
愛人以德,5
犬馬之報,7
逢人說項,5
牽羊擔酒　,5
十日之飲　,7
壽元無量　,9
打拱作揖　,7
日月合壁,7
望衡對宇,7
銀河倒瀉,5
花香鳥語,7
蒼翠欲滴,7
姚黃魏紫,7
價值連城,9
聲如洪鐘,7
億萬斯年,7
名句,7
名望,7
磨練,5
耐煩,5
愛人利物,5
安土樂業,5
安內攘外,5
安身樂業,5
安忍無親,5
卬頭闊步,5
昂然直入,5
遨翔自得,5
八街九陌,5
巴巴急急,5
拔地倚天,5
白髮丹心,5
班衣戲採,5
保境息民,5
抱子弄孫,5
陂湖稟量,5
杯觥交錯,5
背碑覆局,5
本支百世,5
比戶可封,5
仁義道德,1
蹇諤匪躬,5
見義必爲,5
劍態簫心,5
截長補短,5
解民倒懸,5
解劍拜仇,5
巾幗鬚眉,5
金石不渝,5
金波玉液,5
金翅擘海,5
金貂貰酒,5
金鳷擘海,5
金針見血,5
謹終如始,5
錦團花簇,5
錦囊佳製,5
進退中繩,3
進退有節,3
進退裕如,3
進賢屏惡,5
進德脩業,5
井井有方,5
井渫莫食,5
徑情直遂,5
敬姜猶績,5
靜若處子，動若脫兔,5
九間朝殿,5
救焚拯溺,5
居仁由義,5
直溜溜,5
燕衆議員虎頸,7
泱泱大風,9
一顰一笑脅肩諂笑,9
穿雲裂石,7
不由自主,7
舉國若狂,9
痛飲黃龍,9
如釋重2,7
閒雲野鶴,7
怡情悅性,7
投袂而起,9
悉心,5
細高挑兒,3
仙女,3
纖細,3
賢路,3
顯身手,3
潤色,1
撒嬌,3
散心,1
嫂夫人,7
善事,3
賞賚,5
上等兵,5
上級,3
上書,5
蓬茸,6
披甲,5
偏鋒,5
飄然,7
屏藩,7
君子,7
開心丸兒,7
遠愁近慮,3
月貌花容,5
雲屯席捲,5
雲窗月戶,5
雲興霞蔚,5
斬鋼截鐵,5
仗節死義,5
昭德塞違,5
朝陽鳴鳳,5
真刀真槍,5
1兒巴經,5
枝葉扶疏,5
執鞭墜鐙,5
指日誓心,5
偉業,7
吐肝露膽,7
推陳致新,7
退食自公,7
彎弓飲羽,7
完名全節,7
汪洋大海,9
忘寢廢食,7
微顯闡幽,9
違世異俗,7
惟精惟一,9
未艾方興,7
溫文儒雅,7
溫情密意,7
文宗學府,9
文章山斗,9
文質斌斌,9
聞名喪膽,9
問羊知馬,7
問寢視膳,7
握素懷鉛,7
握霧拏雲,7
烏衣門第,7
無往不克,9
無所不曉,9
無偏無頗,7
十年讀書,5
識途老馬,5
食簞漿壺,5
誓死不貳,5
適材適所,5
手疾眼快,5
書不釋手,5
攄肝瀝膽,5
熟讀深思,5
鉥心劌目,5
水到魚行,5
順人應天,5
順非而澤,5
死中求活,5
四海承風,5
高足,5
解人,5
金縷玉衣,7
襟懷,5
能人,5
硬實,3
筆飽墨酣,5
標新豎異,5
別創一格,5
冰壼秋月,5
並世無兩,5
博聞強識,5
不吐不茹,5
不欺闇室,5
不廢江河,5
不避水火,5
才誇八斗,5
慘綠少年,5
長材茂學,5
守1不橈,5
師長,5
師爺,5
施主,5
識相,5
世兄,5
侍奉,7
適意,5
誓約,9
戶限爲穿,7
化鴟爲鳳,5
懷珠韞玉,7
渙然冰釋,7
揮戈回日,9
渾然自成,7
活蹦亂跳,5
飢凍交切,5
雞犬不驚,7
計過自訟,5
霽風朗月,5
家驥人璧,7
假人辭色,5
光榮榜,7
輯睦,5
宜家宜室,5
著作等身,5
美女,5
對唱,7
陽光,5
一二九運動,5
氣量,5
氣韻,5
契機,5
前賢,5
明堂1道,6
讓位,7
人材,7
人倫,5
榮譽軍人,7
瑞簽,7
鋒不可當,7
鳳引九雛,5
鳳翥龍蟠,9
鳳舞鸞歌,7
奉公剋己,7
佛頭著糞,9
夫倡婦隨,7
伏首貼耳,9
扶危翼傾,9
福地洞天,9
撫躬自問,7
黼蔀黻紀,7
改惡從善,5
乾淨利索,5
甘心瞑目,7
肝膽楚越,9
感天動地,9
鋼筋鐵骨,7
高山景行,9
高枕安臥,8
高飛遠舉,5
高齋學士,7
槁項黃馘,9
革新變舊,7
根結盤據,9
公忠體國,9
功成名遂,9
攻無不克,9
通好,5
同工同酬,7
推薦,7
頌歌,5
塌實,5
兄弟怡怡,7
懸石程書,7
雪窗螢幾,7
牙籤犀軸,7
研經鑄史,7
顏筋柳骨,7
燕舞鶯啼,7
揚眉瞬目,7
養晦韜光,9
逸興橫飛,9
樂土,5
淚眼,7
立功,5
長壽,7
倡導,5
成氣候,7
吃大戶,5
辯論,5
標準化,5
兵艦,5
搏擊,7
補益,7
不大離,5
不怕,5
不謂,7
獻身,5
香花,5
嚮慕,7
舌戰,1
申辯,3
伸張,5
紳士協定,5
神醫,7
升級,3
聲威,5
聖上,5
修好,5
因難見巧,5
銀鉤蠆尾,7
化境,7
悔改,5
支前,5
摯友,7
正襟危坐,7
儘讓,5
諫諍,5
貧而無諂,7
齊天洪福,9
其應若響,5
琪花瑤草,7
氣吞宇宙,7
棄過圖新,5
千里之志,7
千里駿骨,7
前僕後踣,9
名言,5
魔力,7
拿獲,5
儀容,3
義演,5
益蟲,3
元帥,7
圓全,5
遠志,7
再造,9
贊助,5
造福,7
計日程功,7
分外妖嬈,7
花紅柳綠,5
鶯啼燕語,7
暗香疏影,7
削鐵如泥,7
香車寶馬,7
竹頭木屑,5
聲振林木,7
秋月春風,5
昌言,7
飲灰洗胃,7
郢人運斧,7
有心有意,5
有勇知方,7
餘味無窮,5
魚魚雅雅,7
語出月脅,7
語重情深,7
玉振金聲,7
淵亭山立,9
淵謀遠略,7
各奔前程,5
看菜吃飯，量體裁衣,5
絕長補短,5
柔枝嫩條,5
如操左券,5
穩操左券,5
入室升堂,7
軟硬兼施,5
撒豆成兵,5
塞上江南,7
善馬熟人,7
賞勞罰罪,7
伸冤理枉,7
深中篤行,7
深明大義,7
深根寧極,5
神仙中人,5
神施鬼設,7
神清骨秀,7
神聖工巧,7
松柏之茂,7
宋玉東牆,7
隨方就圓,7
隨物賦形,7
隨珠荊玉,9
隨寓而安,5
碎身糜軀,7
所當無敵,9
攤書傲百城,9
談若懸河,7
談議風生,7
探幽索隱,5
淘沙得金,7
韜跡隱智,7
桃李無言，下自成蹊,7
桃蹊柳曲,7
蹄閒三尋,7
天之驕子,9
添磚加瓦,5
恬然自足,5
鐵面鎗牙,7
鐵綽銅琶,7
通天達地,9
通古博今,7
通儒達識,7
同文共軌,7
同心合膽,7
同心戮力,7
同條共貫,7
同聲共氣,7
銅心鐵膽,7
銅澆鐵鑄,7
寬舒,3
愧色,7
偏巧,5
強中更有強中手,7
強嘴硬牙,7
青雲獨步,7
輕財貴義,5
傾肝瀝膽,7
清歌曼舞,5
驅雷掣電,7
去暗投明,7
勸善懲惡,7
燃萁之敏,5
熱心苦口,5
仁者能仁,5
日旰不食,5
日昃旰食,5
日暖風恬,5
切中,5
五體投誠,9
夕寐宵興,9
犀角燭怪,5
遐邇著聞,7
下車泣罪,7
先意希旨,7
相得益章,5
孝子愛日,7
心如金石,5
心怡神曠,5
心照情交,7
匡謬正俗,7
理冤摘伏,7
歷世摩鈍,5
種子選手,5
主力艦,5
注目,5
準將,5
安老懷少,5
昂頭闊步,7
奧妙無窮,7
八窗玲瓏,7
拔山蓋世,7
拔叢出類,7
白首北面,7
白衣卿相,7
百伶百俐,7
拜恩私室,7
飽學之士,7
抱負不凡,7
奔走之友,5
凍浦魚驚,9
都中紙貴,7
獨佔鰲頭,7
獨鶴雞羣,7
杜隙防微,5
斷頭將軍,7
對證下藥,5
多見廣識,7
惡衣菲食,5
惡不去善,7
二分明月,5
反正撥亂,7
犯而勿校,7
方滋未艾,7
放達不羈,5
分毫析釐,7
豐亨豫大,5
虎賁,7
抵抗,5
良種,5
亮錚錚,5
鵠峙鸞停,7
化民成俗,7
懷瑾握瑜,7
揮沐吐餐,7
隳肝瀝膽,7
悔罪自新,5
活神活現,7
豁人耳目,7
擊鉢催詩,5
計鬥負才,7
際會風雲,7
加人一等,7
嘉言懿行,7
兼愛無私,5
鼓腹含和,5
瞽言萏議,5
顧盼生姿,7
貫朽粟紅,5
光采奪目,7
瑰意琦行,7
鬼功神力,9
貴不可言,9
國而忘家,7
過門不入,7
含哺鼓腹,7
含霜履雪,7
汗馬之功,9
好心好意,5
浩浩蕩蕩,7
河山帶礪,7
河海清宴,5
鶴髮鬆姿,7
橫翔捷出,7
轟天裂地,7
閎言崇議,7
鴻漸之儀,7
鴻鵠之志,7
後進之秀,7
實幹,5
使命,5
無比,9
噱頭,7
鏗然,5
用工夫,5
遠垂不朽,7
雲起雪飛,5
雲涌飆發,7
斬頭瀝血,7
貞風亮節,7
整本大套,5
正明公道,7
之死靡他,7
執鞭隨鐙,5
十戰十勝,7
識文斷字,5
識微知著,7
誓海盟山,7
山盟海誓,7
守正不回,7
書香世家,7
輸肝寫膽,7
率馬以驥,7
爽心豁目,7
水火不辭,7
順天應人,5
順風吹火,5
四通五達,5
顧盼多姿,7
冠山戴粒,5
貫穿融會,7
光華奪目,7
規重矩疊,5
鬼神不測,7
桂折一枝,7
果行育德,5
含章天挺,7
函蓋乾坤,7
汗牛充屋,7
好善嫉惡,5
河出伏流,5
衡石量書,7
烘堂大笑,5
閎意眇指,7
鴻函鉅櫝,7
鴻筆麗藻,7
鴻篇鉅著,9
鴻鶱鳳立,7
厚生利用,5
識見,5
事蹟,7
塗歌裏詠,7
推誠佈公,7
退避三舍,7
吞紙抱犬,7
脫穎而出,7
王后盧前,7
威鳳一羽,7
巍巍蕩蕩,9
爲民請命,7
偉績豐功,9
未焚徙薪,7
渭川千畝,7
文修武偃,7
文章宗工,7
文無加點,7
文籍先生,5
聞風而至,7
我黼子佩,7
握雲拿霧,7
無有倫比,9
無相無作,5
無堅不陷,7
無脛而來,7
無爲自化,7
逗趣兒,5
老夫子,7
力行,5
普照,5
形影相附,7
休休有容,7
巖居川觀,7
燕妒鶯慚,9
楊柳宮眉,7
瑤林玉樹,7
羣英會,5
熱腸,7
人傑,7
認錯,5
榮耀,9
銳意,7
雪案螢燈,9
顏骨柳筋,7
逸興遄飛,7
比翼齊飛? ,7
伯壎仲篪,5
不世之功,9
枯木逢春,7
美名,5
功烈,7
孤膽,7
革命反正,7
神仙,7
沒齒無怨,7
商討,1
隱鱗戢翼,5
千金市骨,5
破崖絕角,3
柔遠懷來,5
追擊,7
跌蕩,5
視死如飴,5
無所不可,9
拳拳,7
榮辱,5
信守,3
月裏嫦娥,7
鴟目虎吻,7
驛路梅花,5
摧枯振朽,7
存亡續絕,5
打恭作揖,5
大馬金刀,5
大肆厥辭,7
大膽包身,5
帶月披星,5
戴月披星,5
戴頭識臉,5
膽大於身,5
蹈火赴湯,5
道存目擊,5
道高望重,5
道貌儼然,5
道頭會尾,5
得未曾有,5
德配天地,7
砥節勵行,5
點水不漏,5
頂天踵地,5
東南之美,5
從良,3
打前站,5
豆蔻華華,5
螓首妮眉,7
夭桃稱李,7
一顰一笑,9
義務,5
列土分茅,7
林下風度,9
零光片羽,7
劉毅答詔,5
流風迴雪,5
柳夭桃豔,7
柳煙花霧,5
柳鶯花燕,7
六通四辟,3
六臂三頭,7
龍行虎變,7
龍眉豹頸,7
龍蛇飛動,5
龍跳虎臥,7
龍興雲屬,7
龍雛鳳種,5
龍騰豹變,7
樓閣臺榭,3
鏤冰劚雪,7
魯連蹈海,9
魯陽麾戈,9
路見不平，拔劍相助,7
露紅煙綠,5
鷺朋鷗侶,1
鸞回鳳翥,5
鸞歌鳳舞,7
鸞飄鳳泊,7
輪焉奐焉,7
論議風生,3
馬入華山,5
邁古超今,7
滿而不溢,7
沒衛飲羽,3
門不夜扃,7
門無雜客,5
猛虎深山,7
迷而知反,5
迷塗知反,5
靡堅不摧,7
宏達,5
全盤托出,8
親自,5
摧朽拉枯,7
寸鐵殺人,7
達官顯宦,7
大才榱槃,7
大徹大悟,5
戴笠乘車,5
殫謀戮力,5
膽壯心雄,5
黨堅勢盛,5
倒海翻江,7
倒背如流,7
蹈鋒飲血,5
道合志同,5
道無拾遺,5
德藝雙馨,5
砥礪名節,5
彫章鏤句,5
跌宕不羈,5
跌蕩風流,5
鼎鼎有名,7
東牀姣婿,5
衆說,5
裝幀,7
愛民如子,5
愛如珍寶,7
安富恤貧,5
安心樂意,5
昂首伸眉,5
傲骨嶙嶙,5
傲霜鬥雪,5
八面張羅,5
把酒持螯,5
白雪陽春,5
百代文宗,5
百卉千葩,5
百獸率舞,5
半面不忘,5
寶珠市餅,5
保家衛國,5
北宮嬰兒,5
媲美,7
林下高風,9
麟角鳳毛,9
陵勁淬礪,3
領異標新,5
令行如流,7
流水行雲,7
流金鑠石,3
柳骨顏筋,7
柳暗花明又一村,7
柳嬌花媚,7
六馬仰秣,9
六街三陌,5
龍伸蠖屈,7
龍飛鳳翥,5
龍章鳳函,7
龍翔鳳舞,5
龍盤虎拏,5
龍騰虎蹴,7
鏤玉裁冰,7
鏤骨銘心,9
魯人回日,9
魯陽指日,9
陸讋水慄,5
戮力一心,7
鸞交鳳儔,3
鸞輿鳳駕,5
洛陽才子,5
履信思順,5
馬上牆頭,3
馬壯人強,1
麥穗兩岐,7
賣履分香,9
沒世窮年,3
門庭如市,7
靡然從風,1
鼓舞歡欣,7
觀化聽風,5
貫通融會,7
光彩溢目,5
閨英闈秀,5
鬼哭慄飛,9
桂枝片玉,7
過化存神,5
海涸石爛,9
酣痛淋漓,7
含辛茹苦,5
含商咀徵,5
汗牛塞棟,7
昊天罔極,7
和容悅色,5
河清三日,5
河溓海晏,5
鶴骨鬆筋,5
宏材大略,7
泓崢蕭瑟,5
鴻翔鸞起,7
鴻儔鶴侶,7
厚往薄來,7
文治,3
死諸葛哧走生仲達,5
贏得,7
尤物,9
河清海宴,5
鴻爪留泥,5
是味兒,3
釋懷,5
比冀齊飛,5
把兄弟,5
般配,5
危言正色,7
洋財,9
紅豆相思,7
琴瑟之好,7
同氣連枝,5
熱血沸騰,7
思深義重,5
超超率著,8
開宗明義,5
言談林藪,5
一言以蔽之,7
不可勝言,8
和盤托出,7
促膝談心,5
祟論宏議,7
平心而論,5
知無不言，言無不盡,7
猛志常在,8
中流擊揖,8
掞藻飛聲,8
故舊不棄,5
心虔志誠,8
冰壺秋月,7
格守不渝,5
戒驕戒操,5
藕斷絲連,8
相親相愛,8
把玩無厭,8
脣亡齒寒,7
見獵心喜,7
一發破的,8
燕語鶯聲,5
千叮萬囑,8
不忘溝壑,7
伏龍鳳雛,7
不惡而嚴,7
聲振寰宇,5
不恥最後,8
赤心相待,5
捫心無愧,7
一不做，二不休,7
悃幅無華,7
坐言起行,5
百事通,5
拜節,5
幫同,5
丁香,9
愛人好士,5
安良除暴,5
昂藏七尺,7
八公山上，草木皆兵,5
拔本塞原,7
拔類超羣,5
白首不渝,5
拜將封侯,5
變戲法,5
不塞不流，不止不行,7
崇論宏議,7
滴溜兒,1
訂婚,9
逗笑兒,9
恩深義重,7
艱貞,7
寧缺毋濫,5
遣愁索笑,3
強兵富國,8
輕憐重惜,5
讓路,7
柔遠懷邇,5
柔枝嫩葉,5
如虎傅翼,5
如獲至珍,5
塞北江南,5
三顧草廬,5
三槐九棘,5
殺雞爲黍,5
善善惡惡,5
商彝夏鼎,5
送眼流眉,7
隋珠和玉,9
隨寓隨安,9
歲在龍虵,9
譚天說地,7
通過,3
通儒碩學,7
同聲同氣,9
同文共規,7
偉力,7
委佗,5
衛護,5
獬豸,5
陽關道,5
以文會友　,5
銀鉤鐵畫,5
應對如響,5
硬氣,5
優容,5
幽閒,5
遊歷,3
友邦,5
有嘴沒心,5
與國,3
怨不得,5
月餅,5
正兒巴經,5
燭花,5
萌,5
萌哭,7
萌死了,7
萌爆,7
萌炸,7
哈哈哈,7
贊,5
棒,5
很棒,7
好,3
很好,5
還好,1
值得一看,5
太棒了,9
挺不錯,3
好看,5
好好看,7
太好了,7
燃,5
無尿點,5
笑點,3
搞笑,5
好好笑,7
哭成狗,5
強烈推薦,9
又哭又笑,5
美,3
帥,3
好帥,5
太帥,5
好感,3
眼前一亮,5
感動,3
激動,5
會心一笑,5
圈粉,5
好評,3
