,Comment,Predicted_class
0,拜托快更新,無問題
1,"更新後歌詞字越大，越會吃字完整歌詞顯示不出來，還得一直去調整歌詞大小才能完整顯示出來，但老人家視力不好看歌詞很不方便，希望改善
謝謝🙏",無問題
2,"還有為什麼14.2 小工具歌詞又不見了
鎖屏也看不到歌詞 
那出歌詞功能到底有什麼意義⋯",無問題
3,"希望在歌單裡面搜尋到的音樂，也有選項可以把這首歌從歌單中刪除
其他都很好用👍🏻",無問題
4,"歌詞比較長的句子
歌詞沒辦法完整顯示",無問題
5,以前都可以無限次數離線播放音樂，為何現在改成一定要有白金會員才能離線播放音樂？,播放問題
6,自從更新以後離線歌單內有HIFI的曲目都沒辦法聽了，會一直出現很久沒上線的通知，但開啟上線後問題還是沒解決,其他問題
7,聽歌聽到一半突然閃退 重開也是會,閃退問題
8,扣款了而且日期還沒變還去上傳很多次了還是不能聽歌是在騙人扣款嗎,其他問題
9,Ios版 將KKBOX更新至最新版但是一直無法變更音質設定（wifi跟行動網路都一樣）🤬,無問題
10,更新後發現歌詞小工具不見了😞😓😭,無問題
11,"強制自動同步莫名其妙，不同裝置就是想聽不同的不行嗎？
另外同步前連提示確認都沒有是怎樣，根本沒考慮不同使用者的需求😡",無問題
12,"全部歌曲七百多首
連線歌曲一千多首
不一樣是三小",其他問題
13,"到底是怎樣更新完一直斷線叫上線，
一首歌聽完就斷，
想離線聽也不行，
強制上線？
用這麼久第一次這麼火大，
叫我跳槽去Spotify?????????",其他問題
14,歌單可以不要同步嗎！,無問題
15,如題,無問題
16,你要同步就算了，你要新增自動同步功能就算了，還不讓人家選擇不要自動同步，我家裡公司手機都有不同的歌單設定，每個設定都是我好幾年來的累積，現在全部混在一起，我就問問這App誰寫的,無問題
17,"同步歌單 之前明明還可以取消的啊
這麼這次打開手機 
發現同步歌單
在設定裡面 也找不到
真心的感到傻眼
還是有什麼其他方法
可以解決這問題",無問題
18,為什麼房東的貓的歌有好多不能聽了😢,其他問題
19,"更新後發現歌詞的介面改了😭😭😭
真的很不喜歡QQ 覺得舊款的比較好看
不然建立個設定可以讓歌詞置中！
拜託讓歌詞置中😭😭😭不然歌詞在旁邊讓我都不想發ig了😭",無問題
20,有時候apple watch歌詞會卡住 希望可以優化,無問題
21,請恢復讓使用者可以自行決定自動同步的選項！讓不同裝置能夠有專屬的播放歌單，不要強迫自動同步，帶來使用上的困擾！,無問題
22,可以把歌單同步功能關掉嗎，這樣真的很困擾,無問題
23,歌單不能自己選擇要不要同步,無問題
24,很讓人感到困擾,無問題
25,"希望歌詞可以變回原本置中的格式🥺
看起來較舒適",無問題
26,是有什麼問題啊？硬要把歌單自動同步 不知道這樣對別人造成不便嗎？是不會先通知一聲嗎？自己自以為是改掉到底要害別人浪費多少時間把原本的歌弄回來 是在搞笑是不是？？？？？？,其他問題
27,憑什麼強制啊⋯⋯==,閃退問題
28,"最近的版本更新後， 原本已經下載的歌曲或是收藏的歌曲多數跳出「離線使用中」要我立即上線。但是我已經是上線中的狀態。
是否為更新版本後的瑕疵呢？
雖然歌曲重新下載後就可以正常收聽，但是挺困擾的。
Ps.我是iOS系統",無問題
29,不管是上線或是離線使用，聽沒幾首歌就要停下來回復KK系統的通知，更爛的是就算回復了還是會重複跳出同一個通知，根本不能聽音樂！請盡快修正！,無問題
30,希望取消同步歌單的功能，至少讓使用者有辦法自行設定要不要同步,無問題
31,如題,無問題
32,可以不要強迫自動同步歌單,無問題
33,"為什麼要把歌單同步的功能移除
這樣每個裝置的使用習慣，都會混在一起
很麻煩
希望可以改回來",無問題
34,之前不會 現在聽沒幾首歌 自己就停止 然後說要重新上線 但我聽的是離線後可聽的歌？,其他問題
35,"用離線歌曲聽音樂
現在有時聽個2.3首就會直接暫停音樂
按繼續播放過幾秒又停
更新之後閃退很嚴重
音樂播到一半停止
app關閉
已經很多次了",無問題
36,更新之後  打開app一直自動同步歌單  跑很久  直接當機,無問題
37,"這次更新之後一起聽無法播放
都會說有人使用KKBOX及將停止下載
問題是 只有我一個人在使用==",閃退問題
38,多人共用帳號真的會很不方便,無問題
39,"希望不要自動同步
跟之前一樣有選項比較好
不想要同步的話這樣很不方便",無問題
40,能不能不要強迫歌單同步,無問題
41,約11月開始收到12/4到期通知，已告知事先要取消得到回覆是要在當天才能做取消；等到約12/2我再撥打電話取消合約，竟通知已無法於合約期滿前取消，會酌量收取費用；結果今天帳單來一看，居然收取完整一個月的費用（服務於12/5即取消）,其他問題
42,這還用說，爛字該檢討，請加油！,其他問題
43,"然後就停止播放！

查過登入紀錄只有我一台手機，也改過密碼。

都沒用！ 請快修正！",帳號問題
44,最近用手機播Kkbox都會聽到一半斷線，說有另一個地方也在使用，但我沒有用其他裝置聽也沒有給任何聽過,無問題
45,"一個帳號好幾個人用 
自動同步後的全部歌曲有4千多首！
希望能把歌單自動同步關閉
或者是讓使用者自己選擇是否要開啟！",無問題
46,明明一直播放但音樂卻會自己斷掉然後說太久沒上線， 更新完已經這樣四、五次了，希望可以改善，謝謝。,無問題
47,"1.我想要可以馬上看到某首歌的播放次數，不要每次都等年度總結才知道，而且總結也只計算到12月初，不是應該在1月初上線，計算到12月底才正常嗎。

2.有時候聽到某首歌以後想刪掉這首歌，就要到歌單裡慢慢找到這首歌才能刪掉，希望有一個可以定位到「現正播放中」歌曲的功能，如果歌單只有幾百首歌還好，我歌單有兩千多首歌，每次想刪歌找好久，還要自己記歌手大概在哪個位置.....",無問題
48,我是spa業者，一開始覺得你們很貼心有分類音樂，但整整三年輕音樂完全沒換過   太差了,無問題
49,"不知道是不是有bug
安全性調整
已經
1.完全沒有連結
2.密碼更換

仍舊一直斷線，說帳號有其他人使用，問題是我剛辦一個月，帳號只有我在用⋯怎麼會出現這樣的情形？",其他問題
50,桌面配件的歌可以放自己聽的歌嗎 因為真的沒有很在乎熱門新歌是啥 謝謝惹拜託 不然我要改用apple music惹🥺🥺🥺,無問題
51,嚴重到我都刪掉重下載還是一樣，跟網路無關，我換了好幾個地方的5G試了,無問題
52,"希望可以多家人共享的方案
還有Shazam辨識完可以直接在KKBOX使用

希望歌詞分享可以不要有白底
最原始的歌詞分享比較好看",無問題
53,既然不採用我的歌詞何必浪費我的時間給所有會員權限投稿歌詞？,無問題
54,延伸播放時常沒有作用⋯⋯,無問題
55,"1.為什麼在ios 的小工具只顯示推薦歌曲，spotify 可以播放自己收藏的歌單，大部分時候只想聽自己的歌單很不方便
2.就算點進app也不能一鍵播放自己的歌單，希望介面可以直覺一點，不然歌再好也會被其他app取代",無問題
56,開始寫心得才警覺，使用的經驗算這麼資深了，當年從kkman轉介開始用kkbox，一路看著它的變化與成長⋯⋯能黏著到今日，也是覺得好用，與時俱進，有企圖心。其歌曲庫豐富，分類清楚好使用，跟得上流行腳步，這兩年開發出的類似歌曲推薦運算能力更深得我心，不看電視的我，kkbox是我接觸流行音樂的門戶。希望它不停止成長，讓大家能一直使用下去。,無問題
57,"自動同步歌單功能 對帳號共享的用戶來說真的很不方便 而且這個功能還不能關閉？？？？？？
不懂為什麼要強制這樣 一早起來我的歌單全部變成別的人歌單了 想刪又怕對方那邊也會被刪掉 希望可以使用手動同步 或關閉自動同步的功能",無問題
58,"以前使用iphone在車上以藍芽播放kkbox,一段時間沒動螢幕，螢幕只會變暗只要碰觸到螢幕就會再度亮起，自從某次更新後（除了歌詞頁面）都會在一段時間後自動關閉螢幕，請問能改回之前狀態嗎？",無問題
59,更新完之後，播完單曲後無法自動延伸播放類似曲風的歌,無問題
60,如題,無問題
61,希望可以有播放清單的widget,無問題
62,"新下載要註冊，密碼欄位不能按
麻煩請改善！",其他問題
63,謝謝KKBOX小隊讓動態歌詞總算從一開始大改版的置左改回成置中，已經看了10幾年禁不起大變呀🙈,無問題
64,我看到你的哀怨了😂辛苦了😂,無問題
65,耶！歌詞終於恢復到原本的樣式了！,無問題
66,"在歌曲播放中的頁面，
最上面的功能鍵會卡住，無法點選回首頁或使用搜尋功能，
更新了問題仍然存在",播放問題
67,感謝小編的回覆.問題已解決,無問題
68,"更新後歌單強制同步 還無法關閉自動同步
大概猜想得到是要杜絕一個帳號多人使用 但有沒有想過有些會員是同一個家庭 一起用應該不為過吧
強制同步後歌單不見 歌曲全部混在一起是真的造成很大困擾
都已經很支持了 用了很長一陣子的白金會員 實在覺得失望跟無奈",無問題
69,播放歌曲時無法按照順序播放，會亂跳！,播放問題
70,不好意思 可以麻煩把歌單自動同步的選項開啟嗎？,無問題
71,越改越怪耶！越改越不方便！自動同步歌單？歌詞吃字？音質到底要幾個選項？新歌單最上方但新歌曲在最下方？what’s wrong with you?,無問題
72,用fb登不進去,帳號問題
73,使用其他程式時不能顯示歌詞,其他問題
74,"好多歌的歌詞都看不到
還有希望很多本來可聽的歌現在未授權的可以重新上架",無問題
75,"有些歌都沒有
我們這些付錢都是大頭就對了",其他問題
76,不要強制同步歌單 爛功能 請改回來,其他問題
77,"最近不知道過幾次的更新之後
聽過的歌下載後都不會增加到「全部歌曲」裡面欸
真的很困擾😭",無問題
78,希望可以有更多hifi歌曲,無問題
79,"歌詞不能改回置中嗎:(
現在靠左雖然能夠調整字體大小
但是有些比較長的歌詞後面的字會被吃掉
還是比較喜歡之前的歌詞顯示模式ಥ_ಥ",無問題
80,以前歌單同步可以開啟關閉，現在變成帳號內建開啟？覺得不方便,無問題
81,沒辦法退訂欸幹 想變成月租149不給換的 又不是不租 他媽是多想要錢啊 斂財嘴臉,閃退問題
82,搜尋功能會自己跑到最上面 完全按不到,無問題
83,在播我的歌單突然播其他歌 還幫我下載？,其他問題
84,2020年度歌單裡面完全是我沒聽過的歌，我的帳號應該是被盜了...,無問題
85,歌詞置中，在歌詞動態顯示上是較為美觀而閱覽舒適的方式！希望能提供選項，讓習慣多年的使用者，可以自由選擇『歌詞置中』或『齊頭式對齊』，謝謝！,無問題
86,"希望多增加一些功能
例如：編輯收藏歌曲的順序、將手機內的歌曲加入收藏...等",無問題
87,開啟app後要進入選歌前的logo那邊要等超久....有時候還會閃退！,無問題
88,之前用xs max插耳機聽音樂可以用耳機播放暫停，但至從換了12pro插耳機聽音樂卻無法，還要用手機去按暫停，這樣使用有點不方便！,無問題
89,更新ios14.2後，使用carplay暫停與播放無法使用喔～,閃退問題
90,新版歌詞沒置中、顏色又不清楚看得很吃力，拜託給使用者改回以前版本的選項。,無問題
91,今日不能取消訂閱」，我是不是該找消保官？,其他問題
92,明明到上一版為止的歌詞顯示方式是最棒的，結果你把最大的優點改掉了...,其他問題
93,我之前用都沒問題 但最近我只要按重播就會當掉一直重播那一段 根本沒辦法聽歌😞,無問題
94,會突然跳提醒然後開始播放音樂,無問題
95,為什麼歌單會自己同步還找不到關掉的地方了？？？跟家人共用這樣超級不方便，不改回來到期之後就不繼續用了。,無問題
96,有些歌手有唱過的歌曲 居然沒有收錄 真的真的很..........,無問題
97,MF DOOM 的專輯少了很多張 希望能補上,無問題
98,"為什麼要刪掉歌詞的小工具
有了那個可以不用點開就看歌詞很方便為什麼會刪掉希望可以儘快用回來！",無問題
99,"很多歌曲都沒辦法聽，沒授權？
一個月還要149⋯⋯覺得很不划算。
打算邀請我的好朋友一起申請推掉了。謝謝 ！",無問題
100,問題已改善,無問題
101,"一直以來都是用kkbox，一些更新也覺得很棒，但這次更新的歌詞介面感覺失去了kkbox的特點
置中的粗黑體才是經典ㄚ⋯⋯⋯
截圖起來也比較好看⋯⋯⋯嗚嗚希望可以變回來⋯拜託了",無問題
102,如標題,無問題
103,是我自己的問題還是大家的AirPod在使用的時候無法用AirPod 去換歌呀,閃退問題
104,整天在那邊叫人更新爛透了,無問題
105,以前鎖屏時的動態歌詞還能夠恢復嗎？那項功能我最喜歡了,無問題
106,能不能出個可以編輯歌曲順序？,無問題
107,"更新後歌詞怎麼沒有置中了
強迫症看了生氣😡",其他問題
108,歌詞不會自動下移，很不實用；字體反白，讓視覺吃力！改版超失敗，難用！,其他問題
109,Youtube的一些歌曲都沒有，都有提及客服中心到現在卻沒有回應,無問題
110,"希望能夠自行選擇歌詞的介面
比起現在的更喜歡之前的樣式",無問題
111,"更新後一點開就閃退⋯
一整天了⋯⋯怎麼辦😭",無問題
112,如題,無問題
113,靠左真的很難看！不太懂為什麼更新是把自己的優點改掉？,其他問題
114,"如題
有時候想選一些歌曲 到某歌單 或收藏歌曲
卻發現只有刪除的功能
希望可以添加其他功能 謝謝🙏",無問題
115,歌詞新增的功能很喜歡，可以為了一段歌詞停留在那,無問題
116,比較喜歡以前的歌詞提示方式，現在不明顯,其他問題
117,更新後歌詞變左邊 有夠醜 原本中間不好嗎？,無問題
118,希望可以改成之前的歌詞介面,無問題
119,電視版的排行榜為什麼不見了,其他問題
120,🙏🙏,not Chinese
121,"希望歌詞頁面可以改回之前的版本ಥ_ಥ
之前那樣置中比較舒服
如果沒改回來 或多一個自訂選項
可能不會再繼續用kkbox了",無問題
122,Siri無法設定,無問題
123,希望可以橫向聽歌看歌詞,無問題
124,"不知道KKBOX是否有與歌曲搜尋的app串連？
例如Shazam
假如有的話，使用者在找到有興趣的歌之後，就可以直接在KKBOX匯入，
這樣非常有效率，謝謝",無問題
125,拜託,無問題
126,歌詞改版的介面不好看，希望可以改回原來置中的介面。,無問題
127,不能用音質hi-fi,無問題
128,點進去廣告 直接壞掉 到底😀,無問題
129,跟Spotify相比不管是在操作跟介面真的非常弱,無問題
130,推薦的歌都蠻糟的，整體服務體驗又輸 spotify 太多，只贏在歌詞同步（暫時）,無問題
131,希望可以配合 ios14 推出小組件放在主畫面,無問題
132,"可以自訂嗎？
偏左很醜。",無問題
133,請儘速改善更新後XR打開app搜尋功能跑到手機最上端與時間電信公司名稱同一排，造成要不斷關掉app重開每跳出去一次就又發生相同情況，非常困擾！！！,無問題
134,歌詞介面是改版了嗎？ 怎麼跟之前不一樣了 比較喜歡之前的ㄚಥ_ಥ,無問題
135,"拜託🙏 把歌詞改回原本的樣子
看到真的傻眼 很醜😂
等改回來我再改回五星",無問題
136,無法播放指定歌曲，只能播放指定歌手,播放問題
137,未來白金會員可以直接享有hifi音質嗎？還是還需要加錢？,其他問題
138,前陣子因為生日🈶️優惠，2個月才99元，但是，根本95%是無法播放，永遠都顯示網路中斷無法連線，手機明明都可以上網，也可以用別家的聽歌⋯之前曾經正常付費時，都沒有這個問題，如果為了挽回消費者，卻又因為優惠便宜，而用名目限制消費者的使用，根本是騙錢呀⋯⋯⋯想試試重新下載看能不能解決問題，卻直接不給登入，才付錢多久根本都不能用，麻煩請退錢！！！,播放問題
139,"ios14歌詞小工具不見了
用官網的方式找尋
完全沒有看到",無問題
140,您好～希望歌詞排版能改回原本置中的樣式，或者開放兩種樣式以供選擇嗎？其他功能都很好用，謝謝～,無問題
141,經致電貴公司後問題解決,無問題
142,Apple Watch 6 明明有行動服務、但打開卻沒出現情境電台、曲風電台的選單、更新最新了，還是一樣、跟這畫面上的圖不符。還是只能操作手機做成遙控器而已。,無問題
143,可以改回置中嗎⋯⋯,無問題
144,歌詞改這樣跑真的不太好看，隱藏了未到歌詞,無問題
145,歌詞顯示的方式可以改回舊版的嗎，更新後覺得歌詞的排版不如以往直覺,無問題
146,不然看的很不舒服ಥ_ಥ,無問題
147,簡訊跟mile會自己寄過來,其他問題
148,可以把歌詞置中改回來嗎⋯⋯,無問題
149,超爛,無問題
150,Widget歌詞找不到,無問題
151,"某一次更新後 只要搜尋過一次歌曲後
最上面一排的選單（搜尋bar、排行榜、podcast....那些）都會被手機的瀏海.電池時間列擋住無法點選，可以調整一下介面嗎？",無問題
152,新介面的搜尋功能，沒辦法清除最近搜尋紀錄,無問題
153,可以試聽看看,無問題
154,我覺得可以做一個按鍵是把歌設成下一首待播放歌曲,播放問題
155,iOS14什麼時候有hifi?,無問題
156,希望iOS的小工具可以新增播放暫停上下首功能 不要只能看排行榜,無問題
157,如題，我個人在聽我英文歌時會希望有中文歌詞，會換用youtube 聽音樂，這樣換來換去很麻煩，如果這邊在聽外文歌時有中文歌詞或可以自己新增的話就太棒了,無問題
158,"我的kkbox無法自動延伸音樂
已經講自動延伸打開
ios 14
Kkbox已為最新版本
也將不循環播放打開
但到最後一首歌停了就說無下一首歌曲播放",無問題
159,"請問為什麼現在沒辦法分享歌詞到ig了～～～
之前還可以！！
以為是因為不是最新版本更新之後還是一樣
按分享之後有選歌詞的部分
但卻不能按分享的按鈕
請幫我解決謝謝～～",無問題
160,"一打開的那個kkbox動畫太久了 每次都等得很不耐煩
有些歌會突然未授權，然後就再也不會出現了",其他問題
161,Widget那邊沒有歌詞小工具的選項，希望可以盡快改善😭😭😭😭謝謝,無問題
162,"如果能把flac音質下放到除了中華電信以外的裝置
我相信價格方面是可以做問卷統計看看的
不過根據目前狀況來看
我覺得約199是大部分人對於hi-res的接受範圍",無問題
163,"此兩種版本已經停更了嗎？
習慣用他們聽歌都不能聽了，悲劇⋯",其他問題
164,有時候會斷斷續續 然後就沒聲音,其他問題
165,"下午還能聽歌好好的 晚上莫名其妙登不進去 
明明帳號密碼打的都是對的啊 我還重新下載了問題一樣拜託快點改善",無問題
166,"用kkbox十多年了
第一次使用這麼不開心
新歌更新慢不然就是沒有
這些都算了
我都還能接受
我是王嘉爾粉絲
我天天聽王嘉爾的音樂
粉絲徽章一出來
你給我汪X龍跟謝X弦？？？？？
什麼意思🙄🙄🙄
都好幾天了不給我換掉也不給我王嘉爾的徽章
非常無語
可以給我王嘉爾的徽章嗎🙄",無問題
167,"為何沒有之前2003年抗SARS群星合唱的《手牽手》
這首歌建議好幾次 都沒上架 傻眼",無問題
168,希望能有這個東西,其他問題
169,這一版，有些功能都障礙了，很難敘述...,無問題
170,哼歌無法辨識歌曲，即使原曲音樂播放搜尋也搜不到！,無問題
171,更新後開啟FB後音樂都會自動暫停,無問題
172,為什麼我登不進去？,其他問題
173,好用方便音質很棒！,無問題
174,請問我i11 更新ios14 後 畫面都會跑到瀏海部份，（收訊音樂、向下箭頭等） 然後就無法使用，需要滑掉重開。有辦法解決嗎？,無問題
175,我找不到她的一首歌歌名叫我心裡痛,其他問題
176,"更新完只剩排行榜
歌詞小工具不見了",無問題
177,把演唱會資訊整合到歌手頁面，再透過KKtix訂票，可以，這個完美程度很蘋果👍,無問題
178,如果不用付費應該就會有更多人用,無問題
179,很多歌都沒有 填了歌曲建議申請單 就像是石沉大海一去不回 只會搞些有的沒的噱頭 賣票搶票 改一點不實際的主題更換 針對使用者體驗部分進步超緩慢 其他像s還是youtube都有出播放軟體了 現在不是十年前那種市場了 請你針對現在的使用者需求增加該有的歌曲 付月租費不是要讓您改那些有的沒的想聽的歌聽不到 音質無法提升 介面卡到蘭教臉 操作一點也不流暢 再不改進就掰掰,無問題
180,很多歌都沒辦法聽，甚至搜尋某歌手的時候歌單都不是最新的！！！,無問題
181,聽一個小時後就一直轉圈圈不知道在轉什麼意思的,無問題
182,更新後無法把歌詞放到小工具內，只剩綜合新歌排行榜了，麻煩請改進,無問題
183,"歌單同步開啟後
每次打開KKBOX app
都卡住，必須同步完畢
才能點擊",無問題
184,希望之前的時間排序可以恢復使用 不然原本調整好的歌單瞬間亂掉,無問題
185,請問最近的版本跟以前的版本比較，是不是會損耗比較多的iPhone 電力？如果是的話，真的耗電很嚴重,無問題
186,"雖然已經很棒了
但還是希望有更多知名的歌
像一些大陸選秀節目的歌😂",無問題
187,早安,無問題
188,更新完，電台功能沒了，想退訂了⋯,閃退問題
189,希望播出順利,無問題
190,不穩定性,無問題
191,IOS點選歌曲歌詞以後，左上角的返回鍵沒有反應，一直卡在目前播放歌曲歌詞的介面。,無問題
192,最近更新完使用iPhone 6plus ，ios12.4.8版本播放音樂時大約過10分鐘就會自己閃退停止播放⋯。請幫忙協助修正，謝謝！,閃退問題
193,我的上排返回鍵那些 都會跑到iphone 瀏海去時間電量的位置 可以解決一下嗎？不然無法返回 要一直重新打開,無問題
194,如題，最近聽到一半都自己自動退出，不知道是自己手機的問題還是系統怎麼了，覺得困擾,無問題
195,如題,無問題
196,"延伸聆聽的功能到底要在什麼情況下才會出現..
之前線上搜尋一首歌 之後就會延伸下去
上次更新完之後怎麼就沒有了
又不能手動開啟
可以給我一個答案嗎",無問題
197,無法使用搜尋🔍是要怎麼用,無問題
198,每日20首沒送,無問題
199,"更新的widget實在很不實用
完全不會去聽新歌排行
也沒有其他選擇",其他問題
200,希望能多一點人轉聽正版音樂 但要他們轉換不付費觀念真的很難 所以希望能像Spotify Apple Music 那樣能有家庭方案 一個發起人把大家都加進來 錢均攤下來比較便宜相對也比較好推廣正版軟體,無問題
201,"歌詞不見了QQ 
而且widget的排行榜都是我不喜歡/沒聽過的音樂，希望之後能有更新成自己的歌單/西洋歌單之類的功能。",無問題
202,更新前就會一直跳出需要更新的通知原本想說忽略但是一直跑出來，所以就順手更新了，更新完後就再也進不去了...........打開一定閃退,無問題
203,更新後歌詞常常卡住無法滑動瀏覽,無問題
204,"很少在聽國語流行歌曲
放那個熱門排行榜真的一點幫助也沒有
好歹也讓人自己選擇音樂類型吧！
再不然用成歌詞功能也很棒呀！
覺得你們有在持續進步，但希望小工具可以實用一點。",其他問題
205,"不知道為什麼 Apple Watch的KKBOX 
收藏歌曲點開後
一直出現不明錯誤 請稍候再試
請問該如何處理",無問題
206,請問辨識歌曲的功能還在嗎,其他問題
207,"懇請KKBOX 的小工具可以客製化一點
感覺不是每個人都會只想聽綜合新歌吧
選擇播自己的歌單的小工具真的會更實用",無問題
208,睡眠定時播放可以新增播放幾首音樂後播放結束，不然聽到一半時間到了卡歌很不舒服。,播放問題
209,如同標題 蘋果更新到14後 發現動態歌詞沒惹😭😭😭😭 求他回來 😭😭😭,無問題
210,請開放，歌單同步的功能，能自己選取是否同步的功能,無問題
211,希望是有音樂的分享～～～不是歌詞而已,無問題
212,KK至少有用12年以上了吧！！曲庫裡面一堆未授權的歌曲？？？起碼也請保障我們這些老客戶的權益吧！！！  新歌沒有多好聽，想聽一下老歌放到一半就未授權、未授權、未授權⋯⋯⋯起碼至少我也是花錢聽的，卻還要去放盜版的，是？？？,無問題
213,圖示可以換回原來的嗎 現在這個不太好看,無問題
214,"希望傳送歌曲到apple watch時有全選功能
一首一首按要按很久～",無問題
215,"少了好多專輯😭
那我也要拋棄KK了

版權的問題好久⋯
沒歌好聽了😫",無問題
216,"先給小編5顆星
能否新增一些歌曲，有的只有別人的翻唱版或演唱會版。
例如：信樂團的離歌、趙傳的我是一隻小小鳥…等等。",無問題
217,我當時誤刪歌單，回報客服後兩天，工程師就傳訊息說已恢復，這樣的效率我給予滿分！,其他問題
218,不知道是手機還是app的問題播放音樂退出app要做自己的事情的時候就不能播放了,播放問題
219,"這評分真的完全針對小工具，其他功能都沒問題
IOS14剛出的時候我就很期待你們出桌面工具了
結果剛剛看到終於有更新，原本很期待，新增完小工具卻發現根本不是一般人需要的播放暫停跳歌用的小工具，真的有失望到，所以非常希望日後可以有相關功能",無問題
220,"無法正常用手機放出聲音 刪除軟體重新下載也一樣
只能插耳機聽音樂 我手機其他音樂或鈴聲都正常可以用手機放出來 請幫忙找出原因解決謝謝",無問題
221,Widget本來不是顯示歌詞好好的、怎麼變成推播新歌、這樣功能有啥必要呢、比起歌詞來說是雞肋,無問題
222,"iOS的介面會一直跑掉很惱人
上方會超出整個螢幕",無問題
223,"喜歡某個歌手，想聽跟這個歌手類似曲風的歌曲。以前點電台就有，非常好用。

請把這個功能加回來，評分就會改回五顆星，謝謝。",無問題
224,我已經續約按帳號密碼登入但app說我約滿，請我是否要續約，之後重新下載app才解決問題的只是覺得為什麼資訊沒有同步呢！,無問題
225,"還滿惋惜的！我不太清楚版權的方面～還是有點希望未來那些歌曲能夠回來。雖然貴軟體需要每個月付費，但是純正的正版並且歌曲豐富多元！收費也是平價親民～很習慣使用你們軟體了(´･ω･`)
可是啊你們能不能不要一直叫人更新啊，更新就要連接WIFI超麻煩！我很懶⋯⋯",無問題
226,非常好用,無問題
227,更新後打開kkbox會當機、聽歌會閃退 不知道是什麼原因？,無問題
228,音質感覺不優有待加強,無問題
229,播放模式希望有DJ模式，功能就是自己排歌播放順序，現階段都要守在撥下一首，特定用歌單已經有十幾本歌單還是沒辦法用到。,無問題
230,很多歌曲想聽都沒有,無問題
231,"自從更新了ios14. 後。畫面都會自己往上移。

上一頁的選項跟右上的時間會重疊。
歌名剛好在瀏海裡面。

這樣如何使用呢？

反應第三次了。
還是無法解決。",無問題
232,本土串流品牌可以和國際品牌競爭實屬不易，繼續加油,無問題
233,但要分享歌詞到限時動態時，選完歌詞後的「分享」顏色跟主題過於相近所以感覺字不見了，希望可以修復～,無問題
234,自己是很喜歡看著歌詞學唱歌～ 希望在使用其他程式時可以有桌面歌詞使用～謝謝🙏,無問題
235,請問何時可以隨時加歌到現正播放清單的選項？每次想要試聽都要建立歌單好麻煩,無問題
236,"希望離線歌曲的排列順序可以自己決定！

更新完之後有時候歌詞會卡住不會往下動",無問題
237,只要跳出去再跳進來，畫面就會被切到，有些地方就不能點，使用上很有障礙,無問題
238,如上,無問題
239,如題☝🏼,無問題
240,"KKBOX是我看過最注重提升使用體驗的App
記得以前KKBOX手機版不能看最近播放的歌
當時我去信客服建議這件事
過了好一陣子某天突然就蹦出了這個功能
身為KKBOX的用戶我很驕傲",播放問題
241,為何睡眠時間關閉了？這樣讓任很困擾，睡前想聽歌都無法，希望能恢復🙏🏻,無問題
242,半夜兩三點在推播訊息，別人都不用睡覺？,無問題
243,"20201015更新後，CarPlay車載螢幕上，KKBOX APP點進去，介面顯示直播串流四個字（灰底）。
完全沒有顯示正在播放的歌曲或專輯圖片細項資訊。

但carplay主畫面右下角播放介面則顯示正常。

上次更新的粉絲徽章也很有事，顯示在那邊看不懂要幹嘛。

KK用很久了，還是給你五顆星，再不改好一點要跳Apple了，加油！",其他問題
244,"更新後新介面上下藍色好醜 昏倒
可以不要這麼刺眼嗎",其他問題
245,改版後播放音樂都會斷斷續續,播放問題
246,原本上一次的更新，會顯示認養歌詞的人，這一次更新完後就沒有了，希望可以恢復此功能，謝謝。,無問題
247,已經用了很多年，但近期聽音樂每首歌音量都沒平衡，音量忽大忽小的對耳朵造成不適，請改善好嗎？一個付費軟體越做越差⋯⋯再不行就只好換別的聽歌軟體了,其他問題
248,希望授權時限到的歌曲都能重新上架後自動回到歌單,無問題
249,Why?,not Chinese
250,為何要強制歌單必須自動同步？不同裝置的使用模式、聽取歌的類型不一，使用者如果有需要就會開啟，不需要系統幫忙整合所有的歌單，只會造成使用者困擾而已哦！希望能有關閉動同步功能啦～,無問題
251,希望可以自行編輯歌曲排列順序，而不是只有制式的筆畫歌手之類的可選,無問題
252,如題,無問題
253,很喜歡電台功能，希望之後還能會有,無問題
254,在顯示上有時會發生上一頁跑到時間上，也就是說整體變大了，導致不能按上一頁，如此一來要整個關掉再重開，這樣感覺很差，希望開發者能夠重視這個問題,無問題
255,版面一直跳掉，沒辦法按回上一頁，箭頭跑到手機時間的地方,無問題
256,跟家人的KKBOX無法同步歌單，請問要如何能一起同步歌單呢？,無問題
257,好多歌因為版權還是扣分,無問題
258,更新之後沒有歌曲辨識的功能了,其他問題
259,我每天睡前都需要計時播放 更新後就不見了，希望能更改回來，謝謝,無問題
260,聽音樂到一半都會自動斷掉，沒有設定到但還是會自己關掉！,其他問題
261,一堆歌曲因為版權問題都不能聽，然後都過了不知道多久還是沒上架。都已經是要付費了還這樣，只會讓人想轉戰別的音樂APP,播放問題
262,建議可以更新成支援chromecast,無問題
263,"建議外國歌曲，像是日韓文的原文歌詞下
都可以附有中文歌詞
發現只有少數歌曲附有中文歌詞，這有點可惜
基本上是個好的音樂程式，辛苦了☺️",無問題
264,聽一聽就斷訊很煩餒 更新一下好不好 又不是沒繳錢,無問題
265,"找到睡眠定時功能了！好感動！
變更方便！
在播放頁面右上角的⋯裡面
謝謝kkbox",無問題
266,差別待遇,無問題
267,"1.新增的歌詞錯誤回報功能要怎麼用？
2.服務中心的介面無法用KKID進入",其他問題
268,小編請問現在不能提交歌曲了嗎😭,無問題
269,"希望在正在播放歌曲的頁面可以增加刪除鍵
長期使用KKBOX全部歌曲實在太多首
不敢全部刪除 又無力一首一首聽過再決定去留
如果直接在正在聽的頁面刪除實在是會方便很多
整理大量歌曲實在更便利 謝謝",無問題
270,真的試過很多音樂平台，依然還是回到KKbox最熟悉的地方,無問題
271,我睡覺需要音樂！！！,無問題
272,"更新之後以為睡眠定時不見了，後來找一下發現在歌曲播放畫面右上角「⋯」
不用跑設定裡找了～～～",無問題
273,"iPhone 11 pro 
iOS 13.2.3
更新APP後就打不開了",無問題
274,更新之後怎麼沒有定時關閉功能了？？,其他問題
275,很故意欸,無問題
276,聽完單一歌曲之後的系統自動推薦選歌真的很不符合聆聽者的喜好跟品味（例如聽完獨立民謠之後系統竟然推薦80年代華麗搖滾）才用了幾天，就已經想換成其他平台了，演算法真的不太強。,無問題
277,為什麼睡眠倒數不見了,無問題
278,方便好用的播放軟體 推薦唷～,無問題
279,想說有定時很方便，睡覺時也可以放，但現在卻不見了⋯可以新增回來嗎,無問題
280,希望可以恢復定時功能,無問題
281,訂時的功能找不到了 好奇怪...,無問題
282,怎麼沒有定時關閉了？,其他問題
283,搞什麼啊,播放問題
284,為什麼最近只開KKBOX 沒開別的耗電都很兇而且手機還發燙，以前沒有這樣啊,其他問題
285,"能不能把定時關閉功能還我😭
沒有那個功能真的很不方便",無問題
286,之前有定時效果結果現在找不到這個效果 該怎麼辦,無問題
287,逼別人一定要更新煩死了,無問題
288,更新完就找不到定時播放了？？？？可以恢復嗎～～🙏🙏🙏,無問題
289,快把睡眠模式還我啊！沒音樂我沒辦法睡覺啊！！！！！,無問題
290,已經到「發現」 右上角還是沒有音樂辨識,其他問題
291,要人儲值訊息一直傳，儲值了，找個歌一直閃退😡😡😡？現在是什麼情況？,閃退問題
292,剛剛收到的簡訊：KKBOX Hi-Fi 音質採用 16bit/44.1Khz 或 16bit/48Khz 取樣率 的 FLAC 音檔格式，等同於 CD 的細膩音質， 全面提升你的音樂聆聽層次感。  但是app音質裡面，沒有這個選項。,無問題
293,越來越好用了～,無問題
294,大家可以滑一下下面評論的回覆，睡眠定時功能只是換了位置。,無問題
295,"請問為何更新後在設定裡找不到設定關閉的時間
睡覺前都會用的 現在卻找不到好困擾！",無問題
296,倒數計時器很實用啊，希望加回來,無問題
297,不是木及少年啊⋯⋯我想要銀臨的版本,無問題
298,。,not Chinese
299,"我忘了這個功能確切名字是什麼，但我很愛用這個功能！我要聽歌睡覺都會開這個來定時，這個功能找不到了那我幹嘛還要用KKBOX 來聽歌，好悲傷欸！！！！！！

拜託告訴我，這是我手機問題還是真的把這個功能拿掉了？？？？
感謝 ಥ_ಥ",無問題
300,更新後這功能是不是被移除了，希望可以加回來，有時想聽著音樂入睡會用到，定時一個小時關閉很方便。,無問題
301,希望能改進,無問題
302,？？？,not Chinese
303,我根本沒碰手機但是他會自己大聲小聲暫停又播放 播放鍵有時候還不給按 持續兩天了 真的蠻可怕 拜託盡快處理謝謝了:(,無問題
304,版型不合iphone11,無問題
305,用電腦放，自動調整音量大小也按了，聲音忽大忽小還是很嚴重，明明已經取消在收藏歌曲的歌單裡卻還是會播放到，到底是哪裡有問題⋯⋯,無問題
306,更新後睡眠設定消失了，這樣手機晚上聽歌會無法自動關閉，可以協助還原這個設定嗎？😭,無問題
307,希望定時功能可以回來，更新後發現無法定時蠻困擾的,無問題
308,這樣變得很不方便，要睡覺都不能定時聽音樂了，可以設定回來嗎？,無問題
309,計時器怎麼不見了😱睡覺需要啊～,其他問題
310,以前的歌曲庫都可以編輯歌曲的順序，現在都不行了，很困擾，有時歌曲的順序也都會突然自己變動，想調回之前的順序都不行，請改善,無問題
311,上次聽到一半的podcast 想要繼續聽結果死都開不起來沒辦法播放就算了想說從頭開始試看看結果變成沒聲音然後時間條一直在跑==爛死了我考慮要用回Spotify 了⋯⋯,閃退問題
312,希望可以把演唱會資訊，頭條和podcast排到最後面。 會用kkbox主要就是想聽音樂吧！排行榜新發行等等可以排前面，這樣才不用每次還要滑過去,無問題
313,原本有的音樂辨識功能不見了，這樣要搜歌變得好不方便，希望可以改回來。,無問題
314,原本7.9，更新7.10後反而閃退要重下載,無問題
315,快把睡眠模式恢復!!!,無問題
316,近期更新後，發現沒有「睡眠播放設定」的那個功能了？覺得那個功能很好，尤其是對於習慣聽音樂入眠的使用者，現在沒有那個設定，有時睡著了音樂還在播放，反而會被音樂嚇到然後醒來。可以讓那個功能回來嗎？Please,無問題
317,"請問睡眠的倒數計時器怎麼沒了？
我每晚睡前都需要它
結果我更新完就消失了
希望它可以回來……拜託🙏",無問題
318,為啥更新後定時設定不見了😂？,其他問題
319,我的iso版本是13.3.1，今天剛好更新完程式，點app完全無法打開，點開就閃退，從開機也一樣，關app也一樣。請趕快修復啊！！,無問題
320,"強制更新完後，為什麼無法與之前一樣繼續播放前一首歌曲？
每次重新連結藍芽，按下播放就顯示「沒有歌曲」要再找一次原本聽的歌非常不方便，請改善好嗎。",無問題
321,更新後此功能不見了！,其他問題
322,睡眠模式是不是不見了？！！,其他問題
323,更新後，停止播放的功能不見了，晚上睡覺只能播到睡醒才能關，不方便,無問題
324,請問為什麼這個功能更新後不見了,其他問題
325,"希望不只有分享歌詞才能選擇背景
歌詞分享至IG非常喜歡 還可以選擇背景或是專輯封面🤩👍",無問題
326,在手錶打開卻直接閃退到主畫面,無問題
327,這幾天登入一直閃退，是怎樣？,閃退問題
328,"購買好多年
結果這次更新一直閃退
我花錢實用不是給你們更新閃退得！
有沒有搞錯啊
這樣損失你們是要怎麼處理跟負責？",閃退問題
329,超好用 都用這個聽歌,無問題
330,"睡眠定時消失了
點問題都是error",無問題
331,為什麼睡眠模式不見了？,其他問題
332,更新後，睡眠定時在播放頁面也能設定，真的是很貼心👍🏼,無問題
333,我每天必須用的模式消失了😞希望趕快弄回來,無問題
334,擔心音樂播整晚耗電快，但睡覺又想聽歌,無問題
335,希望遇到不喜歡的歌曲可以運用搜尋歌曲直接刪歌，不然要找老半天才能找到然後才刪歌。,無問題
336,"定時可以不要拿掉嗎
那是多麼重要的功能不知道嗎🙄🙄",其他問題
337,搜尋歌曲的功能怎麼不見了,無問題
338,更新後怎麼沒有睡眠時間設定????,無問題
339,"睡覺超好用的倒數計時器怎麼能消失了😭😭
還逼我更新",無問題
340,睡眠定時很重要啊⋯⋯趕快回來這功能,無問題
341,更新之後沒有睡眠定時關閉,其他問題
342,我把歌加入歌單裡了，不過歌單卻沒有我加的這首歌，到底怎麼回事啊？而且還說我已經加了，不過我的歌真的沒有在裡面啊！,其他問題
343,為什麼要付錢,其他問題
344,更新後閃退,閃退問題
345,一更新就閃退，我的天呀，我花錢買會員，還不能用，實在傻眼,閃退問題
346,"Iphone11重開機也無效
更新後打不開了⋯⋯",無問題
347,更新後不能定時播放,播放問題
348,這次更新之後，原先有的睡眠定時功能不見了，希望能夠恢復，對於睡覺需要聽音樂的人來非常需要這個功能，希望能夠恢復。,無問題
349,更新後一直閃退，軟體根本打不開！！！,閃退問題
350,為什麼錄音搜尋歌曲的模式不見了,無問題
351,一直跳出畫面要求更新，點進來app商店卻沒有更新的選項，我就一直被要求更新，卻一直沒有辦法更新，是把我當白痴耍嗎？？,無問題
352,睡眠倒數計時怎麼不見了？,無問題
353,改版後，已經沒有睡眠定時關閉功能很糟糕,其他問題
354,"更新後 找不到定時播放
這很重要啊啊啊啊😭😭😭😭😭",播放問題
355,為什麼睡眠定時關閉的功能不見了？？,其他問題
356,"原本有的定時模式怎麼沒了？
睡覺前都會做這樣的設定，沒了這個真的很不方便",無問題
357,Carplay無法選擇播放最愛歌單，只能選取自選歌單，非常不實用，請協助新增,無問題
358,請問最新版本的定時功能沒有了嗎？,其他問題
359,"ios版可以設定時間自動關閉的功能是否消失了
突然就找不到了
少這個功能很可惜啊～
這功能很重要耶",無問題
360,設定自動停止的功能怎麼不見了？,其他問題
361,如題,無問題
362,請問定時功能怎麼更新後就消失了？,其他問題
363,睡眠模式呢！！！更新後拔了？？？還來😭😭😭😭😭😭😭😭😭😭😭😭😭,無問題
364,更新之後辨識歌曲不見了，要找喜歡的歌很不容易,其他問題
365,少一星是因為更新後「主題色」好醜，我眼睛很不舒服，請快點改善！謝謝,無問題
366,陸陸續續提交了好幾首歌曲建議，幾個月過去了，一點消息都沒有，這個功能有跟沒有一樣，覺得失望⋯⋯。,無問題
367,這版的睡眠定時設定改到播放器右上角的...功能選單，設定不需要跳出到設定頁了，很方便啊！,無問題
368,"建議本機離線歌曲區再新增可編輯歌曲排序功能，方便使用者依喜好自由排列歌曲

請問iphone介面是否無此功能？",無問題
369,"改版之後
內建-設定的
播放時間不見了！",播放問題
370,希望可以推出widget功能,無問題
371,怎麼取消了定時播放呢？ 睡前播歌很好耶,播放問題
372,找不到原本睡眠定時功能，是移除了嗎？,無問題
373,"希望隨機播放不要常常都是那幾首歌
還有新增的歌曲可以在最上面",無問題
374,原本設定裡面有睡眠自行設定關閉音樂的改掉了？我就是因為可以自行設定才下載付費的 那功能改我用什麼？幹嘛消費？,無問題
375,定時的功能怎麼消失了！？,其他問題
376,"睡眠播放時間設定不見了⋯⋯
睡眠播放時間設定不見了⋯⋯
睡眠播放時間設定不見了⋯⋯",無問題
377,定時播放功能不見了😫😫😫,播放問題
378,"今天舊手機上的app開始跳登入介面,然後app跳更新又不給更新,麻煩幫幫忙。",閃退問題
379,如題,無問題
380,這真的是一款很好用的程式，但是為什麼昨天更新完後，設定裡的「睡眠定時播放」就不見了，平常真的很需要那項功能,無問題
381,"你們把睡眠計時取消掉是在衝三小？
不弄回來，我就不用KKBOX 了
無效版本更新，廢",無問題
382,"我覺得設定裡的倒數計時時間停止音樂這個功能很好，為什麼就這樣更新完就不見了？
對於一個晚上睡覺會聽音樂的人很防方便耶！不知道可否改善",無問題
383,"我覺得新版很棒啊~
很多更新後的問題，其實去官網搜尋，都有說明。
大家幹嘛都那麼兇.....
多給設計的人一點鼓勵很難嗎",其他問題
384,請問播放時間限制的功能為何沒有了？,播放問題
385,請問更新完聆聽搜尋跑到哪裡去了,無問題
386,建議好久終於看到睡眠倒數功能了，現在播放就可以直接放著聽歌睡覺了,無問題
387,找了一陣子才發現原來是放在播放畫面右上方的設定裡面，但這樣好像比較直覺耶！,無問題
388,在播放頁面看到睡眠定時功能，超級好用 rrrrrrrr...,無問題
389,更快找到定時功能，喜番 ❤️,其他問題
390,睡眠功能好像改到播放器內，好像感受到你們的苦心安排（？）希望可以好好宣傳一下,無問題
391,"升上ios14之後就沒辦法聽podcast,都過多久了，還不趕緊修復",無問題
392,新改版之後，播放音樂的計時器不見了,其他問題
393,希望可以多一些古風類的歌曲 裡面不是沒有不然就是沒版權了..,無問題
394,突然發現睡眠的計時器不見了，希望可以改善改回來,其他問題
395,更新後睡眠計時不見了,無問題
396,更新後無法設定定時播放,播放問題
397,為什麼不能隨機播放？？？,播放問題
398,"早就把范瑋琪歌全刪，打死都不聽那個雙面人的歌，居然還拿到頭號粉絲，99%，是你不會氣死，這根本亂評！
KKBOX給個交代，憑什麼我沒聽給頭號粉絲，為某要給我這丟臉的標章還刪不掉？

9/22更新 KKBOX回覆

不好意思，目前尚無將粉絲徽章刪除的功能，如果不再支持設定歌手，建議你可將粉絲徽章功能暫時設定為不公開， 如此一來，他人進入到你的個人檔案頁面時，就不會看到你所有的粉絲徽章了。

那標章持續在我就每週來把我的評論往上洗

回報也沒說為何我刪歌還是拿到標章",無問題
399,已更新,無問題
400,在美國突然不能聽，還在綁約中,其他問題
401,是有改過嗎？因為我昨天用的時候還能設定，但，今天卻不能，重開機還是一樣😭,無問題
402,"定時關閉被改掉了

貼網址  說  按照網頁操作

我用app 你貼給我電腦版的操作？

Kkbox 真的沒有競爭性了",無問題
403,離線歌曲原本有1000多首，更新之後只剩500首是什麼意思⋯,播放問題
404,音樂識別是不是移除了,無問題
405,"憑什只有5g用戶可以聽無損
我們4g是有少付錢嗎
已退訂 等你們處理好再回來",無問題
406,不能定時時間到停止音樂,無問題
407,更新後 沒有休眠模式,其他問題
408,聽音樂聽的正爽就沒了 有夠煩,其他問題
409,哪有音樂辨識？怎麼都找不到...沒更新之前還有！,其他問題
410,"更新後這個功能消失了耶
睡覺前聽音樂變得麻煩了",無問題
411,為什麼定時功能不見了...,其他問題
412,這版發現只要一打開臉書音樂就會停止,無問題
413,"沒有定時播放欸
而且突然不見
也更新了還是一樣
我的iPhone 7",播放問題
414,覺得很多此一舉，也沒比較好找,無問題
415,希望能支援iOS 14 耳機的新功能,無問題
416,希望可以在外部帳號管理那邊，新增用 Apple ID 登入,無問題
417,希望apple CarPlay可以新增歌曲收藏功能，這樣就能直接從車上收藏喜歡歌曲,無問題
418,程式更新後一點開就閃退，完全沒辦法使用，這已經困擾我一個禮拜了，希望官方能盡快修復。,無問題
419,很棒的音樂平台,無問題
420,如題,無問題
421,為什麼更新後找不到定時播放了？,播放問題
422,明明我把歌的儲存量改成了4000結果更新之後卻又跑回500甚至把我的歌移除 真的狠令人傻眼 到底又要我重新下載到甚麼時候==,無問題
423,歌單大概播30幾分鐘後就會自動關掉,無問題
424,現在搜尋某一首歌後 只會播放那一首歌 和之前使用時有些差異 我確定不是在單曲循環模式 可以請問我該怎麼解決嗎？這兩星期都有被這個問題困擾,無問題
425,為什麼......,其他問題
426,音樂不能聽了？,無問題
427,前陣子推廣無損音質後，音質真的差異很多⋯,無問題
428,"更新後原本下載的歌都變成無下載了，
重新下載後、幾天再開來聽又變成無下載。

可不可可以給我一個回覆？",其他問題
429,如果試用會員到期，是不是就要儲值，如果沒有是不是會有一些歌曲不能聽,無問題
430,請問能否將音樂辨識弄回來？,無問題
431,"不喜歡粉絲徽章雞肋功能、POSCAST介面放在最前面

用KKBOX單純是聽歌，要找自己另存的歌單都要往下滑很多次，很難用，使用者介面非常不親民，如果短期不改善絕對考慮跳槽",其他問題
432,這次更新之後想找歌，但發現音樂辨識功能不見了ಥ_ಥ請問可以改回來嗎,其他問題
433,"app很棒，也用了十幾年了，推薦給大家。

但在最新一次更新v7.10.22後，一打開就卡住，接著閃退。完全無法聽歌",無問題
434,更新後離線歌曲容量變成500首歌曲，原先是設定4000千首...結果原本的本機離線歌曲有2000多首不見一大堆...,無問題
435,每次播離線下載的音樂播到一半暫停一陣子，回來再繼續播放原本的播放清單 清單就會被重置，希望可以不要一直reload。,無問題
436,為什麼為什麼？,其他問題
437,It’s a best place for listening,not Chinese
438,完全點了也沒辦法聽，連離線歌曲都是傻眼,其他問題
439,"修好了齁
下次不要再這樣了
加油
謝謝",其他問題
440,Apple Watch這兩天連不上？會閃退,無問題
441,你好 一直很喜歡你們家 但是從更新7.10.2後突然Apple watch 打不開app 會直接閃退 希望你們可以解決這個問題 謝謝,無問題
442,打開就閃退打開就閃退，很不便！,無問題
443,7.10.20版本 手錶一直都閃退啦⋯⋯,無問題
444,如題，更新後apple watch無法開啟app，一直閃退，希望趕快改善,無問題
445,"目前applewatch版本6.2.8
無法開啟KKBOX不知道怎麼回事！",無問題
446,更新後手錶控會閃退無法使用,無問題
447,請問 Watech 手錶上沒辦法開啟App是版本還太舊嗎🧐🧐🧐🧐,無問題
448,app更新後完全打不開 ，無法使用,其他問題
449,如題 更新過後apple watch上的app就打不開了,無問題
450,爛東西更新完apple watch不能用,其他問題
451,Apple Watch的kkbox打不開 會一直閃退,閃退問題
452,Applewatch瘋狂閃退,閃退問題
453,"更新後分享歌詞有底色看起來很醜...
希望能恢復之前的分享方式",無問題
454,一直閃退...,閃退問題
455,7.10.20版本更新完，Apple Watch 上面的KKBOX APP打不開,無問題
456,某天自動播放突然失效，不知道原因為何,無問題
457,這版更新後，Apple Watch無法使用，閃退,閃退問題
458,手錶的app完全掛掉了,無問題
459,昨天更新完之後就沒有辦法在手錶開啟KKBOX。,無問題
460,我昨天更新完app過後我在手錶上要操作就出現閃退的現象,無問題
461,一直斷連不上,閃退問題
462,今天剛更新完，Apple watch就無法跳出kkbox的畫面了，不知道有沒有人跟我一樣的狀況😭😭😭,無問題
463,為什麼今天更新完我的Apple watch上的KKBOX打不開...,無問題
464,"不好意思我是購買$600（120+60）天的青年方案
可是官方只給了120天...",無問題
465,"取消收藏個一兩首歌就在那邊同步歌單，浪費好幾秒
取消收藏也是超不方便，容易按到旁邊的拖動條，彈出的取消收藏框框沒意義，反而每次都要等他消失才能按下一首
真心建議重新設計一下版面",無問題
466,希望能將聽過的podcast新增顯示「已播放」，這樣就能清楚知道有無聽過,無問題
467,為什麼更新後播放音樂，播沒幾句就停了,播放問題
468,App斷線太嚴重了,其他問題
469,"為何把剪下貼上功能拿掉？？？？這樣編輯歌單超難用= =
拖曳很難用 我歌很多一首要拖一分多鐘 要拖到何時",其他問題
470,3天前的更新後CarPlay就不能用了,無問題
471,"突然無法連結chromecast欸
以前都可以 嘖嘖",其他問題
472,"昨天更新了kkbox，今天無法用carplay播放kkbox，程式重新下載還是不能打開

更新  
之後又突然可以用了，謝謝",無問題
473,希望除了分享單曲外可以新增分享專輯到instagram上的功能。,無問題
474,張惠妹的歌只有14首？我傻眼,無問題
475,"更新後能進去App了, 但會出現無法連結Kk Box , 再按一次連結仍無法出現歌曲選單...
請儘速改進！

另外建議：
能否在KK BOX 介面下，用語音搜尋找歌？類似 Google map 語音搜尋地點一樣.
謝謝",其他問題
476,"歌單裡大概三分之一的歌未授權下載，如果在沒有網路的地方根本不用聽
未授權歌曲越來越多。
之前說要爭取授權的歌曲，三年了依然聽不到。再騙啊KKBox，當用戶都傻子嗎？",無問題
477,更新後會閃退,閃退問題
478,希望可以匯入youyube歌單,無問題
479,問題一寄出不到一天就會有專員協助回應，最新的版本甚至有頭粉徽章真的太可愛了！,閃退問題
480,已按照說明手動上傳iTunes付費數據，但依然顯示一般會員。已將問題上傳至現上客服快易通，可是客服回函沒有回信。,無問題
481,您好，近來在認養歌詞時，發現歌詞已投稿成功，但卻遲遲未有歌詞出現，覺得審核歌詞速度好像有點久，之前投稿過幾乎都一兩天就會出現，是不是可以改善一下審核歌詞的速度。,無問題
482,帳號要讓另一個人同時使用，但無法登入，請儘速為我處理,閃退問題
483,"終於把開起來延遲五秒的錯誤改善
謝謝",無問題
484,想請問明明沒有設置循環播放、隨機播放、單曲播放，卻一直重複同一首歌，重新下載也沒有變正常，請問該怎麼做？,播放問題
485,我已經按照手機app功能編輯歌詞時間，但我卻收到回覆，說我時間格式設定錯誤，請開發者檢閱一下iOS版本的KKBOX app歌詞認養功能是否正常,無問題
486,有時聽歌希望聽到下一首歌是某一條歌，APP可否增加這個功能呢？,無問題
487,有很好的功能，例如，有很多精心設計的歌單，還有隨著使用者習慣而出現相似曲風的歌單，排行榜與曲風功能很方便，新歌功能也很實用，但隨機播放常常會固定幾首歌重複播放，似乎演算法不夠完整，另外感覺比較差的是，只要有另一台連線就會封鎖原本的連線，建議可以增加連線人數上限，或酌量收取費用，在另一人連線時給予選擇，或更多方案，參考競爭對手的做法，以相近的費用開放多人連線,無問題
488,Android有車用模式，開車時有較大的按鈕介面可以使用，希望iOS版也可以有此功能，會方便很多。,無問題
489,希望能夠有漂浮歌詞出現在手機的頁面上,無問題
490,昨天更新後，今日都無法連接apple CarPlay ~,無問題
491,但希望可以在Carplay上也能有歌詞顯示功能～,無問題
492,更新完ios最新版本後就無法隨機播放了,播放問題
493,找不到下載過後的歌曲,無問題
494,可以增加以前有的使用注音和英文搜尋歌手團體嗎？,無問題
495,最近很常這樣,無問題
496,"1.開始播放歌曲之後，如果我點出那個歌單再點進去，頁面會一樣在最上面，但事實上直接出現在該首歌曲的位置更實用。畢竟我常常又點進去就是為了看看它接下來幾首歌是什麼呀！

2.或許可以增加評論留言之類的功能？歌曲的評論區，有時候很想看看歌曲相關的討論。

3.可以考慮增加翻唱版本的歌曲嗎？例如Conor Maynard,Alex Goot之類有名的翻唱歌手。不知道版權方面可不可行，但很希望不用去yt就能聽翻唱～",無問題
497,現在沒有音樂鬧鐘了嗎@@,無問題
498,更新後一直無法打開,無問題
499,更新後一直閃退，完全沒辦法使用，請盡快解決此問題,閃退問題
